gender,SeniorCitizen,Partner,Dependents,tenure,PhoneService,Contract,PaperlessBilling,MonthlyCharges,MultipleLines_No phone service,MultipleLines_Yes,InternetService_Fiber optic,InternetService_No,OnlineSecurity_No internet service,OnlineSecurity_Yes,OnlineBackup_No internet service,OnlineBackup_Yes,DeviceProtection_No internet service,DeviceProtection_Yes,TechSupport_No internet service,TechSupport_Yes,StreamingTV_No internet service,StreamingTV_Yes,StreamingMovies_No internet service,StreamingMovies_Yes,PaymentMethod_Credit card (automatic),PaymentMethod_Electronic check,PaymentMethod_Mailed check,tenure_group,MonthlyCharges_category
0,-0.4474048350192824,1,0,0.8295416934968546,1,1.0,0,-1.4715779169424212,0,0,0,1,1,0,1,0,1,0,1,0,1,0,1,0,0,0,0,2,0
1,2.235112188621971,0,0,0.7888067940445699,0,0.0,1,-0.5408587802255295,1,0,0,0,0,1,0,0,0,0,0,0,0,1,0,1,1,0,0,2,1
0,-0.4474048350192824,1,1,-1.288673078021946,1,0.0,1,0.4978902562888586,0,0,1,0,0,0,0,0,0,0,0,0,0,1,0,0,0,0,1,0,2
1,2.235112188621971,1,0,1.6035047830902625,1,2.0,0,0.40814233953401535,0,1,0,0,0,0,0,1,0,1,0,1,0,1,0,0,1,0,0,2,2
1,-0.4474048350192824,0,0,-1.288673078021946,1,0.0,0,0.6458081190885075,0,1,1,0,0,0,0,0,0,0,0,0,0,1,0,0,0,1,0,0,2
0,-0.4474048350192824,0,0,-0.2703005917148303,1,0.0,1,1.1776476257838742,0,1,1,0,0,0,0,0,0,1,0,0,0,1,0,1,0,0,0,2,2
1,-0.4474048350192824,1,1,1.4813000847334086,1,2.0,0,-1.4915218984434973,0,0,0,1,1,0,1,0,1,0,1,0,1,0,1,0,0,0,0,2,0
0,-0.4474048350192824,1,1,0.666602095687716,1,2.0,1,1.4252853960889045,0,1,1,0,0,0,0,1,0,1,0,1,0,1,0,1,0,0,0,2,2
0,-0.4474048350192824,0,0,1.114685989662847,1,2.0,0,-1.3319700464348874,0,1,0,1,1,0,1,0,1,0,1,0,1,0,1,0,0,0,1,2,0
0,-0.4474048350192824,0,0,-1.166468379665092,1,0.0,0,-0.47770283880545455,0,0,0,0,0,0,0,1,0,0,0,0,0,0,0,0,1,0,0,0,1
1,-0.4474048350192824,1,1,-0.39250529007168417,1,1.0,1,-1.4981698922771896,0,0,0,1,1,0,1,0,1,0,1,0,1,0,1,0,1,0,0,1,0
1,-0.4474048350192824,1,0,-0.18883079281026105,1,0.0,0,1.0480117460268783,0,1,1,0,0,0,0,1,0,1,0,0,0,1,0,0,1,0,0,2,2
1,2.235112188621971,1,1,-0.3517703906193996,1,0.0,1,0.4912422624551664,0,1,1,0,0,1,0,0,0,0,0,0,0,0,0,0,0,1,0,1,2
1,-0.4474048350192824,0,0,0.17778330226030056,0,2.0,0,-0.972978379415515,1,0,0,0,0,0,0,0,0,0,0,0,0,1,0,0,1,0,0,2,1
0,-0.4474048350192824,1,0,0.014843704451162058,1,1.0,1,-0.37632093284165036,0,0,0,0,0,0,0,1,0,0,0,1,0,0,0,0,1,0,0,2,1
1,2.235112188621971,1,0,1.3590953863765547,1,0.0,1,1.162689639658067,0,1,1,0,0,0,0,0,0,0,0,1,0,1,0,1,1,0,0,2,2
1,2.235112188621971,1,0,0.014843704451162058,1,0.0,1,1.4901033359674023,0,1,1,0,0,1,0,0,0,1,0,1,0,1,0,1,0,0,0,2,2
1,-0.4474048350192824,0,0,1.0739510902105622,1,2.0,0,-1.5197758722366888,0,0,0,1,1,0,1,0,1,0,1,0,1,0,1,0,0,0,1,2,0
1,-0.4474048350192824,0,0,-1.2479381785696613,1,0.0,1,0.5627081961673565,0,1,1,0,0,0,0,1,0,0,0,0,0,0,0,0,0,1,0,0,2
1,-0.4474048350192824,1,0,0.9517463918537085,0,1.0,1,-0.36634894209111235,1,0,0,0,0,0,0,0,0,1,0,1,0,1,0,1,0,0,0,2,1
0,-0.4474048350192824,0,0,-1.288673078021946,1,0.0,1,0.5726801869178945,0,0,1,0,0,0,0,1,0,1,0,0,0,0,0,0,0,1,0,0,2
0,-0.4474048350192824,1,1,0.992481291305993,1,1.0,1,0.9948277953573419,0,0,1,0,0,0,0,1,0,0,0,0,0,1,0,1,0,1,0,2,2
1,-0.4474048350192824,1,0,1.3998302858288394,1,2.0,1,0.1372365908110632,0,0,0,0,0,1,0,1,0,0,0,1,0,0,0,1,1,0,0,2,1
1,-0.4474048350192824,0,0,-0.636914686785392,1,0.0,1,0.8602059202250774,0,0,1,0,0,0,0,1,0,1,0,0,0,0,0,1,1,0,0,1,2
1,-0.4474048350192824,0,0,0.13704840280801595,1,0.0,1,0.4696362824956674,0,0,0,0,0,1,0,0,0,1,0,1,0,1,0,1,1,0,0,2,2
0,-0.4474048350192824,1,1,0.09631350335573131,1,0.0,1,-1.307040069558542,0,1,0,1,1,0,1,0,1,0,1,0,1,0,1,0,0,1,0,2,0
1,-0.4474048350192824,1,1,-1.288673078021946,1,0.0,0,-1.4998318907356125,0,0,0,1,1,0,1,0,1,0,1,0,1,0,1,0,0,0,0,0,0
1,-0.4474048350192824,0,0,-0.14809589335797643,1,1.0,1,0.3416624011970945,0,0,0,0,0,0,0,0,0,1,0,1,0,1,0,1,0,0,0,2,2
1,-0.4474048350192824,0,0,-0.2703005917148303,1,0.0,1,0.908403875519345,0,1,1,0,0,1,0,1,0,0,0,0,0,1,0,0,1,0,0,2,2
0,2.235112188621971,1,0,-1.288673078021946,1,0.0,1,0.3117464289454804,0,1,1,0,0,0,0,0,0,0,0,0,0,0,0,0,0,1,0,0,2
0,2.235112188621971,1,1,-0.4332401895239688,1,0.0,0,0.6740620928816987,0,1,1,0,0,0,0,0,0,0,0,0,0,1,0,0,0,0,0,1,2
0,2.235112188621971,0,0,-0.025891195001122566,1,0.0,0,0.8602059202250774,0,0,1,0,0,0,0,0,0,0,0,0,0,1,0,1,0,1,0,2,2
0,2.235112188621971,1,0,1.114685989662847,1,0.0,1,1.3571434592935607,0,1,1,0,0,0,0,1,0,1,0,0,0,1,0,1,0,1,0,2,2
1,-0.4474048350192824,0,0,-1.288673078021946,1,0.0,0,-1.4981698922771896,0,0,0,1,1,0,1,0,1,0,1,0,1,0,1,0,0,0,1,0,0
1,-0.4474048350192824,1,1,0.666602095687716,1,1.0,1,0.9499538369799205,0,1,1,0,0,0,0,1,0,1,0,0,0,1,0,0,0,1,0,2,2
0,2.235112188621971,1,0,1.6035047830902625,1,2.0,0,0.44470630561932206,0,1,0,0,0,1,0,1,0,1,0,1,0,0,0,1,0,0,0,2,2
1,-0.4474048350192824,1,1,1.114685989662847,1,1.0,0,-1.3668720140617707,0,1,0,1,1,0,1,0,1,0,1,0,1,0,1,0,1,0,0,2,0
0,-0.4474048350192824,1,0,-0.7183844856899612,1,0.0,1,0.6391601252548154,0,0,1,0,0,0,0,0,0,1,0,0,0,1,0,0,0,1,0,1,2
1,-0.4474048350192824,1,1,-0.18883079281026105,1,1.0,0,1.3637914531272524,0,1,1,0,0,1,0,1,0,0,0,0,0,1,0,1,0,1,0,2,2
0,-0.4474048350192824,0,0,0.2592531011648698,1,2.0,0,-1.4931838969019204,0,0,0,1,1,0,1,0,1,0,1,0,1,0,1,0,0,0,1,2,0
1,-0.4474048350192824,0,0,0.8702765929491392,1,2.0,1,0.007600711054067387,0,0,0,0,0,1,0,1,0,0,0,0,0,1,0,0,0,0,0,2,1
0,-0.4474048350192824,1,1,0.992481291305993,1,0.0,0,0.0042767141372215345,0,1,0,0,0,1,0,1,0,0,0,1,0,0,0,0,0,0,0,2,1
0,-0.4474048350192824,1,1,0.05557860390344668,1,2.0,0,-1.3336320448933103,0,1,0,1,1,0,1,0,1,0,1,0,1,0,1,0,1,0,0,2,0
1,-0.4474048350192824,1,1,-0.9627938824036689,1,0.0,0,-0.341418965214767,0,0,0,0,0,0,0,1,0,0,0,1,0,0,0,0,0,0,1,0,1
1,-0.4474048350192824,0,0,-1.0849985807605227,1,0.0,1,0.7604860127196961,0,1,1,0,0,0,0,0,0,0,0,1,0,0,0,1,0,0,0,0,2
0,-0.4474048350192824,0,0,-1.2072032791173766,1,0.0,1,0.31507042586232625,0,0,1,0,0,1,0,0,0,0,0,0,0,0,0,0,0,1,0,0,2
1,-0.4474048350192824,0,0,-0.840589184046815,1,0.0,1,0.5444262131247033,0,0,1,0,0,0,0,0,0,0,0,0,0,1,0,0,0,1,0,0,2
1,2.235112188621971,0,0,-0.7591193851422458,1,0.0,0,0.8435859356408472,0,0,1,0,0,0,0,0,0,0,0,0,0,1,0,1,1,0,0,1,2
0,-0.4474048350192824,1,1,-0.3517703906193996,1,2.0,1,-1.461605926191883,0,0,0,1,1,0,1,0,1,0,1,0,1,0,1,0,1,0,0,1,0
1,-0.4474048350192824,1,1,1.6035047830902625,1,2.0,0,0.8435859356408472,0,1,1,0,0,0,0,1,0,1,0,1,0,0,0,0,0,0,0,2,2
1,-0.4474048350192824,1,1,0.05557860390344668,0,0.0,1,-0.6721566584409481,1,0,0,0,0,0,0,0,0,1,0,1,0,1,0,0,0,1,0,2,1
0,-0.4474048350192824,0,0,-1.0035287818559535,1,0.0,1,-1.4749019138592672,0,0,0,1,1,0,1,0,1,0,1,0,1,0,1,0,0,0,1,0,0
1,-0.4474048350192824,1,0,1.6035047830902625,1,2.0,1,0.7322320389265045,0,1,0,0,0,1,0,1,0,1,0,1,0,1,0,1,0,0,0,2,2
0,-0.4474048350192824,0,0,-1.288673078021946,1,0.0,0,-1.5131278784029967,0,0,0,1,1,0,1,0,1,0,1,0,1,0,1,0,1,0,0,0,0
0,-0.4474048350192824,0,0,0.6258671962354314,1,2.0,0,-1.3652100156033478,0,1,0,1,1,0,1,0,1,0,1,0,1,0,1,0,1,0,0,2,0
0,-0.4474048350192824,1,1,1.2368906880197008,1,0.0,1,1.1793096242422971,0,1,1,0,0,1,0,1,0,1,0,0,0,1,0,0,0,1,0,2,2
1,-0.4474048350192824,0,0,-1.288673078021946,1,0.0,1,-1.4965078938187666,0,0,0,1,1,0,1,0,1,0,1,0,1,0,1,0,0,0,1,0,0
0,-0.4474048350192824,0,0,-0.14809589335797643,0,0.0,1,-1.3286460495180412,1,0,0,0,0,0,0,0,0,0,0,0,0,0,0,0,1,0,0,2,0
1,-0.4474048350192824,0,0,-0.7183844856899612,1,0.0,1,0.9399818462293821,0,1,1,0,0,0,0,0,0,0,0,0,0,1,0,1,0,1,0,1,2
0,-0.4474048350192824,1,0,0.8702765929491392,1,1.0,0,1.5050613220932092,0,1,1,0,0,0,0,1,0,1,0,1,0,1,0,1,0,1,0,2,2
0,-0.4474048350192824,1,1,1.4813000847334086,1,2.0,0,-1.5048178861108816,0,0,0,1,1,0,1,0,1,0,1,0,1,0,1,0,1,0,0,2,0
0,-0.4474048350192824,0,0,-1.2072032791173766,1,0.0,0,0.4995522547472815,0,0,1,0,0,0,0,0,0,1,0,1,0,0,0,0,1,0,0,0,2
1,-0.4474048350192824,0,0,1.6035047830902625,1,2.0,1,0.3333524089049794,0,0,0,0,0,1,0,1,0,1,0,1,0,1,0,0,0,0,0,2,2
1,-0.4474048350192824,1,1,-0.7998542845945305,1,0.0,1,0.2569004798175205,0,1,0,0,0,0,0,1,0,1,0,1,0,1,0,0,0,1,0,1,2
0,-0.4474048350192824,1,1,1.1961557885674161,1,2.0,1,1.1992536057433736,0,1,1,0,0,1,0,0,0,0,0,0,0,1,0,1,0,0,0,2,2
0,-0.4474048350192824,1,0,-1.2072032791173766,1,0.0,1,0.30011243973651897,0,1,1,0,0,0,0,0,0,0,0,0,0,0,0,0,1,0,0,0,2
1,-0.4474048350192824,0,0,-1.2479381785696613,1,0.0,1,0.5278062285404731,0,0,1,0,0,0,0,0,0,0,0,0,0,0,0,1,0,1,0,0,2
1,-0.4474048350192824,1,1,-0.7998542845945305,1,1.0,1,-0.010681271988585749,0,0,0,0,0,0,0,0,0,0,0,0,0,1,0,1,0,1,0,1,1
0,2.235112188621971,1,0,-0.4332401895239688,1,1.0,0,-1.3120260649338111,0,1,0,1,1,0,1,0,1,0,1,0,1,0,1,0,0,0,0,1,0
1,-0.4474048350192824,1,0,-0.06662609445340718,1,1.0,1,0.47296027941251323,0,1,0,0,0,0,0,0,0,1,0,1,0,1,0,1,0,0,1,2,2
0,-0.4474048350192824,0,0,-1.288673078021946,1,0.0,0,0.11895460776841008,0,0,1,0,0,0,0,0,0,0,0,0,0,0,0,0,0,1,0,0,1
0,-0.4474048350192824,1,1,1.0739510902105622,1,2.0,1,0.361606382698171,0,0,0,0,0,0,0,1,0,0,0,1,0,1,0,1,1,0,0,2,2
1,-0.4474048350192824,1,1,0.3814577995217237,1,1.0,0,-1.4898598999850743,0,0,0,1,1,0,1,0,1,0,1,0,1,0,1,0,0,0,1,2,0
1,-0.4474048350192824,0,0,1.4813000847334086,1,2.0,1,1.0829137136537623,0,1,1,0,0,0,0,1,0,1,0,1,0,1,0,0,1,0,0,2,2
1,-0.4474048350192824,0,0,-0.9220589829513843,1,0.0,1,0.9981517922741878,0,0,1,0,0,0,0,0,0,0,0,1,0,1,0,1,1,0,0,0,2
1,-0.4474048350192824,1,0,-1.288673078021946,1,0.0,0,-0.6771426538162171,0,0,0,0,0,0,0,0,0,0,0,0,0,0,0,0,1,0,0,0,1
1,-0.4474048350192824,1,1,0.2592531011648698,1,1.0,0,1.161027641199644,0,1,1,0,0,0,0,0,0,1,0,0,0,1,0,1,0,1,0,2,2
1,-0.4474048350192824,1,0,0.3814577995217237,1,1.0,1,1.4369193852978654,0,1,1,0,0,0,0,0,0,1,0,1,0,1,0,1,0,1,0,2,2
1,-0.4474048350192824,1,1,1.6035047830902625,1,2.0,0,0.8236419541397706,0,1,0,0,0,1,0,1,0,1,0,1,0,1,0,1,1,0,0,2,2
1,-0.4474048350192824,0,1,-1.288673078021946,0,0.0,1,-1.1208962422151636,1,0,0,0,0,0,0,1,0,0,0,0,0,0,0,0,0,0,1,0,0
1,-0.4474048350192824,1,0,-0.10736099390569181,1,0.0,1,-0.5009708172233769,0,0,0,0,0,0,0,0,0,1,0,0,0,0,0,0,0,0,1,2,1
0,-0.4474048350192824,1,0,0.666602095687716,1,1.0,0,-1.53140986144565,0,0,0,1,1,0,1,0,1,0,1,0,1,0,1,0,1,0,0,2,0
1,-0.4474048350192824,0,0,-1.288673078021946,1,0.0,1,0.5228202331652039,0,0,1,0,0,0,0,0,0,0,0,0,0,0,0,1,0,1,0,0,2
0,2.235112188621971,0,0,-0.5961797873331073,1,0.0,1,-0.5059568125986459,0,0,0,0,0,0,0,1,0,0,0,0,0,0,0,0,1,0,0,1,1
0,-0.4474048350192824,1,0,-0.06662609445340718,1,0.0,1,-0.5275627925581452,0,0,0,0,0,0,0,0,0,0,0,1,0,0,0,0,0,0,1,2,1
0,-0.4474048350192824,1,0,1.5627698836379778,0,2.0,1,-0.1220351687029282,1,0,0,0,0,0,0,1,0,1,0,1,0,1,0,1,1,0,0,2,1
1,-0.4474048350192824,0,0,0.666602095687716,1,2.0,1,-1.5014938891940355,0,0,0,1,1,0,1,0,1,0,1,0,1,0,1,0,1,0,0,2,0
0,-0.4474048350192824,1,0,-0.7998542845945305,1,1.0,0,-0.7070586260678317,0,0,0,0,0,0,0,0,0,0,0,0,0,0,0,0,0,1,0,1,1
0,-0.4474048350192824,0,0,-1.2479381785696613,1,0.0,1,-0.3331089729226519,0,0,0,0,0,0,0,1,0,0,0,1,0,0,0,0,1,0,0,0,1
1,2.235112188621971,0,0,-0.06662609445340718,1,0.0,1,0.8518959279329622,0,1,1,0,0,0,0,1,0,0,0,0,0,1,0,0,0,1,0,2,2
0,-0.4474048350192824,1,1,-1.3294079774742305,0,2.0,1,-0.41620889584380294,1,0,0,0,0,1,0,0,0,1,0,1,0,1,0,0,0,0,0,0,1
1,-0.4474048350192824,0,0,0.5036624978785775,1,0.0,1,-0.4710548449717626,0,0,0,0,0,1,0,0,0,0,0,0,0,0,0,0,0,0,0,2,1
0,-0.4474048350192824,0,0,0.17778330226030056,1,1.0,0,-0.0140052689054316,0,1,0,0,0,1,0,0,0,0,0,0,0,1,0,0,0,0,0,2,1
1,2.235112188621971,1,0,-0.636914686785392,1,0.0,1,1.1759856273254512,0,1,1,0,0,0,0,0,0,1,0,0,0,1,0,1,1,0,0,1,2
0,-0.4474048350192824,1,1,-0.4332401895239688,1,0.0,0,-1.5014938891940355,0,0,0,1,1,0,1,0,1,0,1,0,1,0,1,0,0,0,1,1,0
0,-0.4474048350192824,0,0,-1.2072032791173766,1,0.0,1,1.1277876720311837,0,0,1,0,0,1,0,0,0,1,0,0,0,1,0,1,1,0,0,0,2
0,-0.4474048350192824,0,0,-0.7183844856899612,1,0.0,0,-1.5014938891940355,0,0,0,1,1,0,1,0,1,0,1,0,1,0,1,0,0,0,1,1,0
0,-0.4474048350192824,0,0,0.17778330226030056,1,0.0,0,1.170999631950182,0,1,1,0,0,0,0,0,0,0,0,1,0,1,0,1,1,0,0,2,2
0,-0.4474048350192824,1,1,1.6035047830902625,1,2.0,1,1.0247437676089566,0,1,1,0,0,1,0,1,0,0,0,0,0,1,0,0,0,0,0,2,2
1,-0.4474048350192824,0,0,-0.7591193851422458,1,0.0,0,0.3782263672824012,0,0,1,0,0,0,0,0,0,1,0,0,0,0,0,0,0,1,0,1,2
0,-0.4474048350192824,0,0,0.13704840280801595,1,0.0,1,1.1327736674064528,0,1,1,0,0,0,0,1,0,0,0,0,0,1,0,1,0,1,0,2,2
0,-0.4474048350192824,1,1,0.8702765929491392,1,1.0,1,-1.3402800387270024,0,1,0,1,1,0,1,0,1,0,1,0,1,0,1,0,0,0,0,2,0
1,-0.4474048350192824,0,0,-1.2479381785696613,1,0.0,0,-0.6704946599825251,0,0,0,0,0,0,0,0,0,0,0,0,0,0,0,0,0,0,0,0,1
0,2.235112188621971,1,0,-0.3517703906193996,1,0.0,1,0.9466298400630743,0,1,1,0,0,0,0,0,0,0,0,0,0,1,0,1,0,1,0,1,2
0,-0.4474048350192824,1,1,1.6035047830902625,1,2.0,1,-1.3635480171449248,0,1,0,1,1,0,1,0,1,0,1,0,1,0,1,0,0,0,0,2,0
1,-0.4474048350192824,0,0,-1.0035287818559535,1,0.0,1,0.1671525630626773,0,0,1,0,0,0,0,0,0,0,0,0,0,0,0,0,0,0,1,0,2
0,-0.4474048350192824,1,0,-0.06662609445340718,1,1.0,1,-0.03561124886493106,0,0,0,0,0,1,0,0,0,0,0,1,0,0,0,1,0,1,0,2,1
1,2.235112188621971,1,0,-1.2479381785696613,1,0.0,1,0.7239220466343893,0,1,1,0,0,0,0,0,0,0,0,0,0,1,0,0,0,0,1,0,2
0,-0.4474048350192824,1,1,0.014843704451162058,1,1.0,0,-1.3602240202280789,0,1,0,1,1,0,1,0,1,0,1,0,1,0,1,0,1,0,0,2,0
1,-0.4474048350192824,1,1,1.5627698836379778,1,2.0,0,-1.368534012520194,0,1,0,1,1,0,1,0,1,0,1,0,1,0,1,0,1,0,0,2,0
0,-0.4474048350192824,1,0,-1.288673078021946,1,0.0,1,0.1289265985189481,0,0,1,0,0,0,0,0,0,0,0,0,0,0,0,0,0,1,0,0,1
0,-0.4474048350192824,0,0,1.4405651852811239,1,2.0,0,-1.4965078938187666,0,0,0,1,1,0,1,0,1,0,1,0,1,0,1,0,0,0,0,2,0
1,2.235112188621971,0,1,-1.0442636813082382,1,0.0,1,-0.6422406861893337,0,0,0,0,0,0,0,0,0,0,0,0,0,0,0,0,0,0,1,0,1
1,-0.4474048350192824,0,0,-1.288673078021946,1,0.0,1,-0.3264609790889597,0,0,0,0,0,0,0,0,0,0,0,0,0,0,0,1,0,1,0,0,1
1,-0.4474048350192824,0,0,-1.288673078021946,1,0.0,1,0.1605045692289856,0,0,1,0,0,0,0,0,0,0,0,0,0,0,0,0,0,1,0,0,1
0,-0.4474048350192824,1,1,-1.0442636813082382,0,0.0,1,-1.3419420371854254,1,0,0,0,0,0,0,0,0,0,0,0,0,0,0,0,0,1,0,0,0
1,-0.4474048350192824,0,0,0.2999880006171544,1,2.0,1,-1.3452660341022715,0,1,0,1,1,0,1,0,1,0,1,0,1,0,1,0,0,0,1,2,0
1,-0.4474048350192824,1,1,1.3590953863765547,0,2.0,0,-0.4826888341807238,1,0,0,0,0,0,0,0,0,0,0,1,0,1,0,1,0,0,0,2,1
0,2.235112188621971,0,0,-1.166468379665092,1,0.0,1,0.3117464289454804,0,1,1,0,0,0,0,0,0,0,0,0,0,0,0,0,0,1,0,0,2
1,-0.4474048350192824,0,0,-1.166468379665092,1,0.0,1,-0.3048549991294605,0,0,0,0,0,0,0,0,0,0,0,0,0,0,0,1,0,1,0,0,1
1,-0.4474048350192824,0,0,-0.5554448878808227,1,0.0,1,0.6541181113806226,0,1,1,0,0,1,0,0,0,1,0,0,0,0,0,0,0,1,0,1,2
1,-0.4474048350192824,1,0,1.5627698836379778,1,2.0,1,1.7011771401871258,0,1,1,0,0,1,0,1,0,1,0,1,0,1,0,1,0,1,0,2,2
1,-0.4474048350192824,1,0,0.014843704451162058,1,1.0,1,1.0214197706921102,0,0,1,0,0,0,0,0,0,1,0,0,0,1,0,1,0,1,0,2,2
0,-0.4474048350192824,0,0,-1.2072032791173766,1,0.0,0,0.3665923780734398,0,1,1,0,0,0,0,0,0,0,0,0,0,0,0,0,0,1,0,0,2
0,-0.4474048350192824,0,0,0.8702765929491392,1,2.0,1,-1.4815499076929592,0,0,0,1,1,0,1,0,1,0,1,0,1,0,1,0,0,0,1,2,0
0,-0.4474048350192824,1,1,1.4813000847334086,1,2.0,0,-1.5081418830277276,0,0,0,1,1,0,1,0,1,0,1,0,1,0,1,0,0,0,0,2,0
1,-0.4474048350192824,0,0,-0.636914686785392,0,0.0,1,-1.3103640664753882,1,0,0,0,0,0,0,0,0,0,0,0,0,0,0,0,0,0,1,1,0
1,-0.4474048350192824,1,1,-0.18883079281026105,0,1.0,1,-0.16857112553877274,1,0,0,0,0,0,0,1,0,1,0,1,0,1,0,1,1,0,0,2,1
0,-0.4474048350192824,1,0,0.8702765929491392,1,1.0,1,1.6479931895175894,0,1,1,0,0,1,0,1,0,1,0,1,0,1,0,1,0,0,1,2,2
0,-0.4474048350192824,0,1,1.3998302858288394,1,2.0,1,1.2939875178734856,0,1,1,0,0,0,0,1,0,0,0,1,0,1,0,1,0,1,0,2,2
1,-0.4474048350192824,0,0,-0.4332401895239688,1,0.0,1,1.1859576180759894,0,1,1,0,0,1,0,0,0,0,0,0,0,1,0,1,0,1,0,1,2
0,-0.4474048350192824,1,1,1.114685989662847,1,2.0,1,0.5161722393315117,0,0,0,0,0,0,0,1,0,1,0,1,0,1,0,1,0,0,0,2,2
0,-0.4474048350192824,0,0,-0.9627938824036689,1,0.0,0,-1.529747862987227,0,0,0,1,1,0,1,0,1,0,1,0,1,0,1,0,0,0,1,0,0
0,-0.4474048350192824,0,0,1.3998302858288394,0,0.0,1,-0.38795492205061155,1,0,0,0,0,0,0,0,0,1,0,1,0,1,0,1,1,0,0,2,1
1,-0.4474048350192824,1,1,-0.5961797873331073,1,0.0,0,-0.25333304691834674,0,0,0,0,0,0,0,0,0,1,0,0,0,0,0,1,0,1,0,1,1
0,-0.4474048350192824,0,0,-1.1257334802128074,1,0.0,0,0.3483103950307867,0,1,1,0,0,0,0,0,0,0,0,0,0,0,0,0,0,1,0,0,2
0,-0.4474048350192824,0,0,1.2368906880197008,1,1.0,1,0.8302899479734628,0,0,1,0,0,0,0,0,0,1,0,1,0,1,0,0,1,0,0,2,2
1,-0.4474048350192824,0,0,-0.9627938824036689,1,0.0,0,0.16549056460425438,0,0,1,0,0,0,0,0,0,0,0,0,0,0,0,0,0,0,1,0,2
1,2.235112188621971,0,0,0.5443973973308622,1,0.0,0,0.6624281036727377,0,0,1,0,0,1,0,0,0,0,0,0,0,0,0,1,0,1,0,2,2
0,-0.4474048350192824,0,0,0.6258671962354314,1,1.0,1,0.6109061514616242,0,1,0,0,0,1,0,1,0,1,0,0,0,1,0,1,1,0,0,2,2
1,2.235112188621971,1,0,1.4813000847334086,1,1.0,1,1.5117093159269013,0,1,1,0,0,1,0,0,0,1,0,1,0,1,0,1,0,0,1,2,2
0,-0.4474048350192824,0,0,1.0332161907582778,1,1.0,1,1.3754254423362138,0,0,1,0,0,1,0,1,0,1,0,0,0,1,0,1,0,1,0,2,2
0,-0.4474048350192824,1,0,1.6035047830902625,1,2.0,1,1.6779091617692035,0,1,1,0,0,1,0,1,0,1,0,1,0,1,0,1,1,0,0,2,2
0,-0.4474048350192824,0,0,-1.2479381785696613,1,0.0,0,-0.5275627925581452,0,0,0,0,0,0,0,1,0,0,0,0,0,0,0,0,0,0,1,0,1
1,-0.4474048350192824,1,1,1.5220349841856933,1,1.0,1,1.3654534515856758,0,0,1,0,0,0,0,1,0,1,0,1,0,1,0,1,0,1,0,2,2
1,-0.4474048350192824,1,0,-0.5147099884285381,1,1.0,1,-0.03062525348966181,0,0,0,0,0,1,0,0,0,0,0,1,0,0,0,1,0,0,1,1,1
1,-0.4474048350192824,0,0,-1.2072032791173766,0,0.0,1,-0.9846123686244759,1,0,0,0,0,1,0,1,0,0,0,0,0,0,0,0,0,0,1,0,1
0,-0.4474048350192824,0,0,0.6258671962354314,1,1.0,0,-1.3303080479764644,0,1,0,1,1,0,1,0,1,0,1,0,1,0,1,0,1,0,0,2,0
1,-0.4474048350192824,0,0,-1.2072032791173766,1,0.0,1,1.1178156812806455,0,0,1,0,0,0,0,0,0,1,0,1,0,1,0,1,0,1,0,0,2
0,-0.4474048350192824,1,0,1.0739510902105622,1,0.0,0,1.1975916072849502,0,1,1,0,0,0,0,1,0,0,0,0,0,1,0,1,0,1,0,2,2
0,2.235112188621971,0,0,-0.7998542845945305,1,0.0,1,1.1876196165344122,0,1,1,0,0,1,0,0,0,0,0,0,0,1,0,1,0,1,0,1,2
0,-0.4474048350192824,1,1,-0.7591193851422458,1,0.0,1,0.7372180343017737,0,1,1,0,0,0,0,0,0,1,0,0,0,0,0,1,0,1,0,1,2
0,-0.4474048350192824,0,0,-1.2479381785696613,1,0.0,0,-1.5014938891940355,0,0,0,1,1,0,1,0,1,0,1,0,1,0,1,0,0,1,0,0,0
0,-0.4474048350192824,0,0,1.31836048692427,1,1.0,1,1.328889485500369,0,1,1,0,0,0,0,1,0,0,0,1,0,1,0,1,0,0,0,2,2
1,-0.4474048350192824,0,0,-1.166468379665092,1,0.0,1,-0.6738186568993711,0,0,0,0,0,0,0,0,0,0,0,0,0,0,0,0,1,0,0,0,1
0,2.235112188621971,0,0,-0.6776495862376766,1,0.0,0,-0.18851510703984903,0,0,0,0,0,0,0,0,0,0,0,1,0,1,0,0,0,1,0,1,1
0,-0.4474048350192824,0,0,-0.3517703906193996,1,2.0,1,-1.5131278784029967,0,0,0,1,1,0,1,0,1,0,1,0,1,0,1,0,0,0,0,1,0
0,2.235112188621971,0,0,-1.288673078021946,0,0.0,0,-1.3236600541427723,1,0,0,0,0,0,0,0,0,0,0,0,0,0,0,0,0,1,0,0,0
1,2.235112188621971,1,0,1.0739510902105622,0,0.0,1,-0.49266082493126184,1,0,0,0,0,0,0,1,0,0,0,0,0,1,0,1,0,1,0,2,1
1,2.235112188621971,0,0,1.5627698836379778,1,2.0,1,1.3870594315451747,0,1,1,0,0,0,0,1,0,0,0,1,0,1,0,1,0,1,0,2,2
1,-0.4474048350192824,0,0,-0.8813240834990996,1,0.0,0,-1.4865359030682284,0,0,0,1,1,0,1,0,1,0,1,0,1,0,1,0,0,0,1,0,0
0,-0.4474048350192824,1,1,0.6258671962354314,0,1.0,0,-0.6671706630656791,1,0,0,0,0,1,0,0,0,1,0,0,0,0,0,1,1,0,0,2,1
0,2.235112188621971,0,0,-1.2479381785696613,0,0.0,0,-1.3535760263943866,1,0,0,0,0,0,0,0,0,0,0,0,0,0,0,0,0,1,0,0,0
1,-0.4474048350192824,0,0,1.4813000847334086,1,1.0,1,0.44969230099459084,0,1,0,0,0,1,0,1,0,1,0,1,0,0,0,1,1,0,0,2,2
1,-0.4474048350192824,1,1,1.6035047830902625,1,2.0,0,0.8186559587645018,0,1,0,0,0,1,0,1,0,1,0,1,0,1,0,1,1,0,0,2,2
0,-0.4474048350192824,0,0,0.992481291305993,1,2.0,1,0.30676043357021116,0,0,0,0,0,1,0,1,0,1,0,1,0,1,0,0,1,0,0,2,2
0,-0.4474048350192824,0,0,0.34072290006943906,0,0.0,1,-0.82173651969902,1,0,0,0,0,0,0,1,0,0,0,0,0,0,0,1,0,1,0,2,1
0,-0.4474048350192824,1,1,0.3814577995217237,1,0.0,1,0.9000938832272299,0,0,1,0,0,0,0,0,0,1,0,0,0,1,0,1,0,1,0,2,2
0,-0.4474048350192824,1,0,1.5627698836379778,1,1.0,1,0.6557801098390456,0,0,0,0,0,1,0,1,0,1,0,1,0,1,0,1,0,0,0,2,2
0,-0.4474048350192824,0,0,-1.0849985807605227,1,0.0,1,1.4901033359674023,0,1,1,0,0,0,0,1,0,1,0,1,0,1,0,1,1,0,0,0,2
0,-0.4474048350192824,0,0,-1.166468379665092,0,0.0,0,-0.9995703547502832,1,0,0,0,0,1,0,0,0,1,0,0,0,0,0,0,0,0,1,0,0
0,-0.4474048350192824,0,0,0.2999880006171544,1,2.0,0,-1.5098038814861507,0,0,0,1,1,0,1,0,1,0,1,0,1,0,1,0,1,0,0,2,0
1,-0.4474048350192824,1,1,1.31836048692427,1,2.0,0,-1.3402800387270024,0,1,0,1,1,0,1,0,1,0,1,0,1,0,1,0,1,0,0,2,0
0,2.235112188621971,1,0,1.3590953863765547,1,1.0,1,1.4302713914641731,0,1,1,0,0,0,0,1,0,1,0,1,0,1,0,1,1,0,0,2,2
0,-0.4474048350192824,0,0,-0.9627938824036689,1,0.0,1,0.9865178030652269,0,1,1,0,0,0,0,0,0,0,0,0,0,1,0,1,0,1,0,0,2
0,-0.4474048350192824,1,0,-0.9220589829513843,1,1.0,0,-1.4948458953603434,0,0,0,1,1,0,1,0,1,0,1,0,1,0,1,0,0,0,1,0,0
0,2.235112188621971,1,0,1.31836048692427,1,2.0,1,1.3554814608351373,0,0,1,0,0,0,0,1,0,1,0,1,0,1,0,1,1,0,0,2,2
1,-0.4474048350192824,1,0,-0.840589184046815,1,0.0,1,0.3017744381949424,0,0,0,0,0,0,0,0,0,1,0,1,0,1,0,1,0,1,0,0,2
0,2.235112188621971,1,1,1.3590953863765547,1,1.0,1,1.5133713143853242,0,1,1,0,0,1,0,1,0,0,0,1,0,1,0,1,1,0,0,2,2
1,-0.4474048350192824,1,1,1.6035047830902625,1,2.0,1,0.5244822316236268,0,1,0,0,0,1,0,1,0,1,0,1,0,1,0,0,0,0,0,2,2
1,2.235112188621971,1,0,-0.47397508897625346,1,0.0,0,0.7139500558838513,0,0,1,0,0,0,0,0,0,1,0,0,0,1,0,0,0,0,0,1,2
0,-0.4474048350192824,1,1,1.6035047830902625,1,2.0,1,0.9366578493125362,0,1,0,0,0,1,0,1,0,1,0,1,0,1,0,1,0,0,0,2,2
1,2.235112188621971,0,0,-0.5554448878808227,1,0.0,1,0.7388800327601966,0,0,1,0,0,1,0,0,0,0,0,0,0,0,0,1,0,1,0,1,2
0,-0.4474048350192824,0,0,-0.5147099884285381,1,1.0,1,-1.5197758722366888,0,0,0,1,1,0,1,0,1,0,1,0,1,0,1,0,1,0,0,1,0
0,-0.4474048350192824,1,1,1.6035047830902625,0,2.0,0,-0.020653262739123778,1,0,0,0,0,1,0,1,0,1,0,1,0,1,0,1,0,0,0,2,1
0,2.235112188621971,1,1,1.6035047830902625,1,2.0,0,0.910065873977768,0,1,0,0,0,1,0,1,0,1,0,1,0,1,0,1,1,0,0,2,2
0,2.235112188621971,0,0,0.8702765929491392,1,0.0,1,0.4796082732462054,0,1,1,0,0,0,0,1,0,0,0,0,0,0,0,0,0,1,0,2,2
0,-0.4474048350192824,1,0,-1.1257334802128074,1,0.0,0,0.09568662935048769,0,1,0,0,0,0,0,0,0,1,0,1,0,1,0,0,0,0,0,0,1
1,2.235112188621971,0,0,0.7888067940445699,1,0.0,1,0.2618864751927898,0,1,1,0,0,0,0,0,0,0,0,0,0,0,0,0,0,0,0,2,2
0,2.235112188621971,1,1,-0.18883079281026105,0,0.0,1,-0.9696543824986689,1,0,0,0,0,0,0,0,0,0,0,0,0,1,0,0,0,1,0,2,1
1,-0.4474048350192824,0,0,0.46292759842629294,1,2.0,0,-1.4965078938187666,0,0,0,1,1,0,1,0,1,0,1,0,1,0,1,0,0,0,1,2,0
1,-0.4474048350192824,0,0,-0.4332401895239688,1,0.0,0,-0.3314469744642287,0,0,0,0,0,1,0,0,0,0,0,1,0,0,0,0,0,0,1,1,1
0,-0.4474048350192824,1,1,0.34072290006943906,0,1.0,0,-0.9862743670828991,1,0,0,0,0,1,0,0,0,1,0,0,0,0,0,0,1,0,0,2,1
0,-0.4474048350192824,0,0,0.2592531011648698,1,1.0,0,-0.19183910395669512,0,0,0,0,0,0,0,0,0,0,0,1,0,0,0,1,0,1,0,2,1
1,-0.4474048350192824,1,1,1.31836048692427,1,2.0,1,-1.5031558876524584,0,0,0,1,1,0,1,0,1,0,1,0,1,0,1,0,1,0,0,2,0
1,-0.4474048350192824,1,1,-1.0035287818559535,1,0.0,1,-0.4660688495964936,0,0,0,0,0,0,0,0,0,1,0,0,0,0,0,0,0,1,0,0,1
0,-0.4474048350192824,0,0,-1.288673078021946,1,0.0,0,-1.5031558876524584,0,0,0,1,1,0,1,0,1,0,1,0,1,0,1,0,0,0,1,0,0
0,2.235112188621971,1,0,1.6035047830902625,1,2.0,1,1.6479931895175894,0,1,1,0,0,1,0,1,0,1,0,1,0,1,0,1,0,0,0,2,2
1,-0.4474048350192824,0,0,0.2999880006171544,1,1.0,1,0.8153319618476554,0,0,1,0,0,0,0,1,0,0,0,1,0,0,0,1,1,0,0,2,2
0,-0.4474048350192824,0,0,-0.5961797873331073,1,0.0,1,-1.5131278784029967,0,0,0,1,1,0,1,0,1,0,1,0,1,0,1,0,0,0,1,1,0
1,-0.4474048350192824,1,1,-0.6776495862376766,1,1.0,1,-0.3065169975878834,0,0,0,0,0,1,0,1,0,0,0,0,0,0,0,0,0,0,1,1,1
1,-0.4474048350192824,1,1,0.7480718945922853,1,2.0,1,-1.3336320448933103,0,1,0,1,1,0,1,0,1,0,1,0,1,0,1,0,0,0,1,2,0
1,2.235112188621971,0,0,-1.0035287818559535,1,0.0,1,0.15385657539529343,0,0,1,0,0,0,0,0,0,0,0,0,0,0,0,0,0,1,0,0,1
0,2.235112188621971,0,0,-1.2479381785696613,1,0.0,1,0.6308501329627002,0,1,1,0,0,0,0,0,0,0,0,0,0,0,0,1,0,1,0,0,2
1,-0.4474048350192824,1,1,0.3814577995217237,1,1.0,0,1.0646317306111086,0,1,1,0,0,1,0,0,0,0,0,0,0,1,0,1,0,1,0,2,2
0,-0.4474048350192824,1,1,1.1554208891151316,1,0.0,0,-0.17521911937246493,0,1,0,0,0,1,0,1,0,0,0,0,0,0,0,0,0,1,0,2,1
1,-0.4474048350192824,0,0,-1.288673078021946,1,0.0,1,-0.4959848218481079,0,0,0,0,0,0,0,1,0,0,0,0,0,0,0,0,0,0,1,0,1
1,-0.4474048350192824,1,0,1.6035047830902625,1,2.0,1,0.7970499788050023,0,1,0,0,0,1,0,1,0,1,0,1,0,1,0,1,0,0,0,2,2
1,-0.4474048350192824,0,1,1.5220349841856933,1,2.0,1,1.646331191059166,0,1,1,0,0,1,0,1,0,1,0,1,0,1,0,1,0,1,0,2,2
0,-0.4474048350192824,1,0,1.5627698836379778,1,2.0,1,0.9516158354383435,0,1,1,0,0,0,0,0,0,0,0,0,0,1,0,1,0,0,0,2,2
1,-0.4474048350192824,1,1,0.5036624978785775,1,2.0,0,-1.3502520294775406,0,1,0,1,1,0,1,0,1,0,1,0,1,0,1,0,0,0,1,2,0
1,-0.4474048350192824,0,0,-1.288673078021946,1,0.0,1,-1.5114658799445737,0,0,0,1,1,0,1,0,1,0,1,0,1,0,1,0,0,0,1,0,0
0,2.235112188621971,0,0,0.05557860390344668,1,0.0,1,1.0397017537347633,0,1,1,0,0,0,0,1,0,0,0,1,0,1,0,0,0,1,0,2,2
0,-0.4474048350192824,0,0,-0.636914686785392,1,0.0,1,0.9748838138562659,0,1,1,0,0,1,0,1,0,0,0,0,0,1,0,0,0,1,0,1,2
0,2.235112188621971,0,0,0.46292759842629294,1,1.0,1,1.486779339050556,0,1,1,0,0,1,0,1,0,1,0,0,0,1,0,1,1,0,0,2,2
1,-0.4474048350192824,0,0,-1.166468379665092,1,0.0,1,-1.5098038814861507,0,0,0,1,1,0,1,0,1,0,1,0,1,0,1,0,0,0,1,0,0
0,-0.4474048350192824,0,0,-1.288673078021946,1,0.0,0,-0.6871146445667553,0,0,0,0,0,0,0,0,0,0,0,0,0,0,0,0,0,0,1,0,1
0,2.235112188621971,0,0,-1.0035287818559535,1,0.0,1,1.3438474716261763,0,1,1,0,0,0,0,1,0,1,0,0,0,1,0,1,0,1,0,0,2
1,2.235112188621971,1,0,0.7073369951400007,1,2.0,1,1.328889485500369,0,1,1,0,0,1,0,0,0,1,0,0,0,1,0,1,1,0,0,2,2
0,-0.4474048350192824,0,0,1.114685989662847,1,2.0,0,-1.478225910776113,0,0,0,1,1,0,1,0,1,0,1,0,1,0,1,0,0,0,1,2,0
0,-0.4474048350192824,1,0,-1.2479381785696613,1,0.0,1,0.6308501329627002,0,1,1,0,0,0,0,0,0,0,0,0,0,1,0,0,0,1,0,0,2
0,-0.4474048350192824,1,1,1.5220349841856933,1,2.0,0,-1.3635480171449248,0,1,0,1,1,0,1,0,1,0,1,0,1,0,1,0,0,0,1,2,0
1,-0.4474048350192824,0,0,0.17778330226030056,1,2.0,0,0.01757270180460542,0,0,0,0,0,1,0,1,0,1,0,1,0,0,0,0,0,0,0,2,1
0,-0.4474048350192824,0,0,-0.2703005917148303,1,0.0,1,0.14720858156160124,0,1,0,0,0,1,0,1,0,0,0,0,0,1,0,0,0,0,0,2,1
0,-0.4474048350192824,0,0,-0.9627938824036689,1,0.0,0,-0.66218466769041,0,0,0,0,0,0,0,0,0,0,0,0,0,0,0,0,0,1,0,0,1
1,-0.4474048350192824,0,0,0.2999880006171544,1,0.0,0,1.320579493208254,0,1,1,0,0,0,0,0,0,1,0,1,0,1,0,1,0,0,0,2,2
1,2.235112188621971,0,0,-0.9220589829513843,1,0.0,1,0.4712982809540903,0,0,1,0,0,0,0,0,0,0,0,0,0,0,0,1,0,1,0,0,2
0,-0.4474048350192824,1,0,1.0332161907582778,1,2.0,1,1.475145349841595,0,1,1,0,0,1,0,1,0,1,0,0,0,1,0,1,0,0,0,2,2
1,-0.4474048350192824,0,0,-0.06662609445340718,1,0.0,1,0.5111862439562429,0,1,1,0,0,0,0,1,0,0,0,0,0,0,0,0,0,1,0,2,2
1,2.235112188621971,0,0,-0.840589184046815,1,0.0,1,1.1427456581569908,0,1,1,0,0,0,0,0,0,1,0,0,0,1,0,1,0,1,0,0,2
1,-0.4474048350192824,0,1,-1.0442636813082382,1,1.0,0,-1.5164518753198426,0,0,0,1,1,0,1,0,1,0,1,0,1,0,1,0,0,0,1,0,0
1,-0.4474048350192824,1,0,0.17778330226030056,1,0.0,0,-1.4865359030682284,0,0,0,1,1,0,1,0,1,0,1,0,1,0,1,0,0,0,0,2,0
0,-0.4474048350192824,0,0,0.5443973973308622,1,0.0,1,0.32338041815444135,0,0,1,0,0,0,0,0,0,1,0,0,0,0,0,0,1,0,0,2,2
1,-0.4474048350192824,0,0,-1.2072032791173766,0,0.0,0,-1.3286460495180412,1,0,0,0,0,0,0,0,0,0,0,0,0,0,0,0,0,1,0,0,0
1,-0.4474048350192824,0,0,-0.2295656922625457,1,0.0,0,-0.5342107863918374,0,1,0,0,0,0,0,0,0,0,0,0,0,0,0,0,0,0,1,2,1
0,-0.4474048350192824,0,0,-0.2703005917148303,1,1.0,1,1.0230817691505332,0,0,1,0,0,1,0,0,0,1,0,1,0,0,0,1,0,0,0,2,2
1,-0.4474048350192824,1,0,1.114685989662847,1,1.0,1,-0.17521911937246493,0,0,0,0,0,1,0,0,0,0,0,0,0,1,0,0,0,0,1,2,1
1,-0.4474048350192824,1,1,1.3998302858288394,0,2.0,0,-0.4710548449717626,1,0,0,0,0,1,0,0,0,0,0,0,0,1,0,1,1,0,0,2,1
1,2.235112188621971,0,0,-0.9220589829513843,1,0.0,1,1.0064617845663029,0,1,1,0,0,0,0,0,0,0,0,0,0,1,0,1,0,1,0,0,2
1,-0.4474048350192824,1,1,0.7073369951400007,1,1.0,1,-0.6738186568993711,0,0,0,0,0,0,0,0,0,0,0,0,0,0,0,0,0,0,0,2,1
0,2.235112188621971,0,0,0.7073369951400007,1,0.0,1,1.325565488583523,0,1,1,0,0,0,0,0,0,1,0,1,0,1,0,1,0,1,0,2,2
0,-0.4474048350192824,0,0,-0.18883079281026105,1,1.0,1,-0.17189512245561883,0,0,0,0,0,1,0,1,0,0,0,1,0,0,0,0,0,1,0,2,1
0,-0.4474048350192824,0,0,-0.840589184046815,1,0.0,1,0.9682358200225737,0,1,1,0,0,0,0,0,0,0,0,0,0,1,0,1,0,1,0,0,2
0,-0.4474048350192824,1,0,1.114685989662847,0,2.0,0,-0.1419791502040045,1,0,0,0,0,0,0,1,0,1,0,1,0,1,0,1,1,0,0,2,1
1,-0.4474048350192824,0,0,-0.9220589829513843,1,0.0,0,1.1128296859053763,0,1,1,0,0,1,0,0,0,0,0,0,0,1,0,1,0,1,0,0,2
1,-0.4474048350192824,1,1,1.31836048692427,1,2.0,1,0.6358361283379695,0,1,0,0,0,0,0,1,0,1,0,1,0,1,0,1,0,0,0,2,2
1,2.235112188621971,1,0,1.6035047830902625,0,2.0,1,-0.00403327815489357,1,0,0,0,0,1,0,1,0,1,0,1,0,1,0,1,1,0,0,2,1
0,-0.4474048350192824,0,1,-0.18883079281026105,1,0.0,0,-1.4898598999850743,0,0,0,1,1,0,1,0,1,0,1,0,1,0,1,0,0,0,1,2,0
1,-0.4474048350192824,0,0,0.8702765929491392,1,2.0,0,0.7322320389265045,0,1,0,0,0,1,0,0,0,1,0,1,0,1,0,1,0,0,0,2,2
0,-0.4474048350192824,1,0,-0.5147099884285381,0,0.0,1,-1.3502520294775406,1,0,0,0,0,0,0,0,0,0,0,0,0,0,0,0,0,1,0,1,0
1,-0.4474048350192824,0,0,-1.288673078021946,1,0.0,1,-0.6638466661488329,0,0,0,0,0,0,0,0,0,0,0,0,0,0,0,0,0,0,0,0,1
0,-0.4474048350192824,0,1,-0.4332401895239688,1,0.0,1,0.6541181113806226,0,1,1,0,0,0,0,0,0,0,0,0,0,0,0,1,0,1,0,1,2
0,-0.4474048350192824,1,1,-0.10736099390569181,1,1.0,0,0.7106260589670055,0,0,1,0,0,0,0,0,0,1,0,0,0,0,0,1,0,1,0,2,2
1,-0.4474048350192824,0,0,-0.14809589335797643,1,0.0,1,0.6591041067558919,0,1,1,0,0,0,0,0,0,0,0,0,0,0,0,1,0,1,0,2,2
1,-0.4474048350192824,1,1,-0.636914686785392,1,0.0,0,0.5244822316236268,0,0,1,0,0,0,0,0,0,0,0,0,0,1,0,0,0,1,0,1,2
1,-0.4474048350192824,1,0,1.4405651852811239,1,2.0,0,-1.3236600541427723,0,1,0,1,1,0,1,0,1,0,1,0,1,0,1,0,0,0,0,2,0
1,-0.4474048350192824,0,0,-1.0035287818559535,1,0.0,1,-0.66218466769041,0,0,0,0,0,0,0,0,0,0,0,0,0,0,0,0,0,0,1,0,1
0,-0.4474048350192824,0,0,-0.6776495862376766,1,1.0,0,-1.4948458953603434,0,0,0,1,1,0,1,0,1,0,1,0,1,0,1,0,0,0,0,1,0
1,-0.4474048350192824,1,1,-0.14809589335797643,1,2.0,0,0.3483103950307867,0,0,0,0,0,0,0,0,0,1,0,1,0,1,0,1,0,0,1,2,2
1,-0.4474048350192824,0,1,-0.4332401895239688,1,0.0,0,-1.4931838969019204,0,0,0,1,1,0,1,0,1,0,1,0,1,0,1,0,1,0,0,1,0
0,-0.4474048350192824,1,0,0.5443973973308622,1,0.0,0,-0.39792691280114956,0,1,0,0,0,1,0,0,0,0,0,0,0,0,0,0,0,1,0,2,1
1,2.235112188621971,1,1,-0.025891195001122566,1,0.0,1,0.9599258277304585,0,0,1,0,0,0,0,1,0,0,0,0,0,1,0,1,0,0,1,2,2
1,-0.4474048350192824,0,0,-0.8813240834990996,1,0.0,0,0.32836641352971063,0,0,1,0,0,0,0,1,0,0,0,0,0,0,0,0,0,1,0,0,2
1,2.235112188621971,0,0,-1.0035287818559535,1,0.0,0,1.170999631950182,0,0,1,0,0,1,0,0,0,0,0,1,0,1,0,1,1,0,0,0,2
0,-0.4474048350192824,1,1,0.2592531011648698,1,0.0,1,-0.17355712091404174,0,0,0,0,0,0,0,0,0,1,0,0,0,1,0,0,0,0,1,2,1
1,-0.4474048350192824,1,1,1.6035047830902625,1,2.0,0,-1.3552380248528098,0,1,0,1,1,0,1,0,1,0,1,0,1,0,1,0,0,0,0,2,0
0,-0.4474048350192824,1,0,0.666602095687716,1,0.0,1,-0.4295048835111871,0,1,0,0,0,0,0,0,0,0,0,0,0,0,0,0,1,0,0,2,1
0,-0.4474048350192824,1,1,-1.166468379665092,1,0.0,0,-0.2849110176283842,0,0,0,0,0,0,0,1,0,0,0,1,0,0,0,0,0,0,1,0,1
1,2.235112188621971,0,0,-0.7998542845945305,1,0.0,1,1.3903834284620211,0,1,1,0,0,0,0,1,0,1,0,0,0,1,0,1,0,1,0,1,2
0,-0.4474048350192824,0,0,-1.0442636813082382,1,0.0,1,0.446368304077745,0,0,0,0,0,1,0,1,0,0,0,1,0,1,0,1,0,1,0,0,2
1,2.235112188621971,0,0,-0.840589184046815,1,0.0,1,0.27352046440175076,0,1,1,0,0,0,0,0,0,0,0,0,0,0,0,0,1,0,0,0,2
1,-0.4474048350192824,1,0,1.6035047830902625,1,2.0,0,-1.521437870695112,0,0,0,1,1,0,1,0,1,0,1,0,1,0,1,0,1,0,0,2,0
1,-0.4474048350192824,1,1,1.3998302858288394,1,2.0,0,1.3139314993745617,0,1,1,0,0,1,0,0,0,0,0,1,0,1,0,1,0,0,0,2,2
1,2.235112188621971,0,0,-1.2479381785696613,1,0.0,1,0.3250424166128643,0,1,1,0,0,0,0,0,0,0,0,0,0,0,0,0,0,0,1,0,2
1,2.235112188621971,1,0,-1.0442636813082382,0,0.0,0,-1.1724181944262775,1,0,0,0,0,1,0,0,0,0,0,0,0,0,0,0,0,0,0,0,0
1,-0.4474048350192824,0,0,-1.288673078021946,0,0.0,1,-1.3502520294775406,1,0,0,0,0,0,0,0,0,0,0,0,0,0,0,0,0,0,1,0,0
1,-0.4474048350192824,0,1,-0.7591193851422458,1,2.0,0,0.3665923780734398,0,0,0,0,0,1,0,1,0,1,0,1,0,0,0,1,0,0,0,1,2
1,-0.4474048350192824,0,0,-1.0035287818559535,1,0.0,1,0.054136667889912164,0,0,0,0,0,1,0,0,0,1,0,0,0,0,0,1,0,1,0,0,1
1,2.235112188621971,0,0,0.4221926989740083,1,0.0,1,0.8136699633892326,0,0,1,0,0,0,0,0,0,0,0,0,0,1,0,1,0,0,1,2,2
0,-0.4474048350192824,0,1,-0.7591193851422458,1,0.0,1,0.6956680728411981,0,1,1,0,0,1,0,0,0,0,0,1,0,0,0,0,0,0,1,1,2
0,-0.4474048350192824,0,0,-1.288673078021946,1,0.0,0,0.3749023703655549,0,0,1,0,0,0,0,0,0,1,0,0,0,0,0,0,0,1,0,0,2
1,-0.4474048350192824,1,0,1.6035047830902625,1,2.0,0,0.7172740528006976,0,1,0,0,0,1,0,0,0,1,0,1,0,1,0,1,1,0,0,2,2
0,2.235112188621971,0,0,0.014843704451162058,0,0.0,1,-0.18685310858142587,1,0,0,0,0,1,0,1,0,1,0,0,0,1,0,1,0,0,0,2,1
0,-0.4474048350192824,1,0,0.5851322967831468,1,1.0,1,0.0325306879304127,0,0,0,0,0,1,0,0,0,1,0,0,0,1,0,0,1,0,0,2,1
0,-0.4474048350192824,0,0,-0.7183844856899612,1,2.0,0,-1.3303080479764644,0,1,0,1,1,0,1,0,1,0,1,0,1,0,1,0,0,0,0,1,0
0,2.235112188621971,1,0,0.8702765929491392,1,1.0,1,1.2108875949523346,0,1,1,0,0,0,0,1,0,0,0,0,0,1,0,1,1,0,0,2,2
1,-0.4474048350192824,0,0,-1.2479381785696613,1,0.0,1,-0.57409874939399,0,0,0,0,0,1,0,0,0,0,0,0,0,0,0,0,0,1,0,0,1
0,-0.4474048350192824,0,0,-1.288673078021946,1,0.0,1,-1.4865359030682284,0,0,0,1,1,0,1,0,1,0,1,0,1,0,1,0,0,0,1,0,0
1,2.235112188621971,0,0,-1.2479381785696613,1,0.0,0,0.04416467713937413,0,0,0,0,0,1,0,0,0,1,0,0,0,1,0,0,0,0,0,0,1
1,-0.4474048350192824,0,0,0.8702765929491392,1,2.0,0,-1.5098038814861507,0,0,0,1,1,0,1,0,1,0,1,0,1,0,1,0,1,0,0,2,0
0,-0.4474048350192824,1,1,1.6035047830902625,1,2.0,1,0.9981517922741878,0,1,1,0,0,1,0,1,0,0,0,0,0,1,0,0,0,1,0,2,2
0,-0.4474048350192824,0,0,-0.4332401895239688,1,0.0,1,-0.5408587802255295,0,0,0,0,0,1,0,0,0,0,0,0,0,0,0,0,1,0,0,1,1
0,-0.4474048350192824,1,0,-1.166468379665092,0,0.0,1,-1.1973481713026228,1,0,0,0,0,1,0,0,0,0,0,0,0,0,0,0,0,1,0,0,0
1,-0.4474048350192824,0,0,-0.7183844856899612,0,1.0,0,-0.4760408403470316,1,0,0,0,0,0,0,0,0,1,0,0,0,1,0,1,0,1,0,1,1
1,-0.4474048350192824,1,0,-0.2295656922625457,1,2.0,0,-1.5131278784029967,0,0,0,1,1,0,1,0,1,0,1,0,1,0,1,0,0,0,0,2,0
1,-0.4474048350192824,1,1,1.6035047830902625,0,2.0,1,-0.009019273530162821,1,0,0,0,0,1,0,1,0,1,0,1,0,1,0,1,1,0,0,2,1
1,-0.4474048350192824,1,1,-1.0442636813082382,1,1.0,0,-1.4765639123176904,0,0,0,1,1,0,1,0,1,0,1,0,1,0,1,0,0,0,1,0,0
1,-0.4474048350192824,0,0,0.7888067940445699,1,2.0,0,-1.4649299231087292,0,0,0,1,1,0,1,0,1,0,1,0,1,0,1,0,0,0,0,2,0
1,-0.4474048350192824,0,0,-1.2479381785696613,1,0.0,1,-0.37299693592480426,0,0,0,0,0,1,0,1,0,0,0,0,0,0,0,0,0,0,1,0,1
0,-0.4474048350192824,0,0,-0.4332401895239688,1,2.0,0,-1.290420084974312,0,1,0,1,1,0,1,0,1,0,1,0,1,0,1,0,0,0,1,1,0
0,-0.4474048350192824,0,0,-1.288673078021946,1,0.0,1,-0.16358513016350373,0,1,0,0,0,0,0,0,0,0,0,0,0,0,0,1,0,1,0,0,1
1,-0.4474048350192824,0,0,0.666602095687716,1,1.0,1,1.382073436169906,0,1,1,0,0,0,0,1,0,0,0,1,0,1,0,1,0,0,0,2,2
0,-0.4474048350192824,1,1,0.2592531011648698,1,1.0,1,0.8136699633892326,0,1,1,0,0,0,0,1,0,1,0,1,0,0,0,0,0,1,0,2,2
1,-0.4474048350192824,0,0,-1.2479381785696613,1,0.0,0,-1.4865359030682284,0,0,0,1,1,0,1,0,1,0,1,0,1,0,1,0,0,0,1,0,0
1,-0.4474048350192824,0,0,0.2592531011648698,1,2.0,1,-0.5076188110570691,0,0,0,0,0,0,0,0,0,0,0,1,0,0,0,0,0,0,0,2,1
1,-0.4474048350192824,0,0,-0.3517703906193996,1,0.0,1,0.846909932557693,0,1,1,0,0,0,0,1,0,0,0,0,0,1,0,0,1,0,0,1,2
1,-0.4474048350192824,0,1,1.1961557885674161,1,2.0,1,-1.3519140279359636,0,1,0,1,1,0,1,0,1,0,1,0,1,0,1,0,0,0,1,2,0
0,-0.4474048350192824,1,0,-0.5147099884285381,1,0.0,1,0.15718057231213928,0,0,1,0,0,0,0,0,0,0,0,0,0,0,0,0,0,0,0,1,1
0,2.235112188621971,0,0,-0.06662609445340718,1,0.0,1,0.28183045669386586,0,0,1,0,0,1,0,0,0,0,0,0,0,0,0,0,1,0,0,2,2
1,-0.4474048350192824,0,0,-0.2295656922625457,1,0.0,0,-0.38629292359218836,0,0,0,0,0,1,0,0,0,0,0,1,0,0,0,0,0,0,1,2,1
0,-0.4474048350192824,0,0,-1.1257334802128074,1,0.0,1,-0.03561124886493106,0,1,0,0,0,0,0,1,0,0,0,0,0,0,0,1,0,1,0,0,1
0,-0.4474048350192824,1,1,-1.288673078021946,1,0.0,1,-1.5181138737782658,0,0,0,1,1,0,1,0,1,0,1,0,1,0,1,0,0,0,1,0,0
1,-0.4474048350192824,1,0,0.2999880006171544,1,1.0,0,0.5228202331652039,0,0,1,0,0,0,0,1,0,1,0,0,0,0,0,0,0,1,0,2,2
0,-0.4474048350192824,1,0,1.6035047830902625,0,2.0,1,-0.5275627925581452,1,0,0,0,0,1,0,1,0,1,0,0,0,0,0,1,0,1,0,2,1
0,-0.4474048350192824,0,0,-0.840589184046815,1,0.0,1,-0.3580389497989972,0,0,0,0,0,0,0,1,0,0,0,1,0,0,0,0,0,1,0,0,1
1,-0.4474048350192824,0,0,-0.636914686785392,1,1.0,0,-1.4998318907356125,0,0,0,1,1,0,1,0,1,0,1,0,1,0,1,0,0,0,1,1,0
1,-0.4474048350192824,1,1,1.3590953863765547,0,2.0,1,-0.2766010253362691,1,0,0,0,0,0,0,1,0,1,0,0,0,1,0,1,1,0,0,2,1
1,-0.4474048350192824,1,0,0.2999880006171544,0,1.0,1,-0.755256581362099,1,0,0,0,0,1,0,1,0,1,0,0,0,0,0,0,0,1,0,2,1
1,-0.4474048350192824,0,0,-1.0035287818559535,1,0.0,0,1.1892816149928351,0,1,1,0,0,0,0,1,0,0,0,0,0,1,0,1,0,1,0,0,2
1,-0.4474048350192824,0,0,-0.7591193851422458,1,0.0,1,-1.4965078938187666,0,0,0,1,1,0,1,0,1,0,1,0,1,0,1,0,0,1,0,1,0
1,-0.4474048350192824,1,1,0.3814577995217237,1,0.0,0,-0.35139095596530506,0,0,0,0,0,1,0,1,0,0,0,0,0,0,0,0,0,0,1,2,1
0,2.235112188621971,0,0,0.8702765929491392,1,1.0,0,0.23363250139959815,0,1,0,0,0,0,0,1,0,0,0,1,0,1,0,0,0,0,1,2,2
1,-0.4474048350192824,0,0,-1.2479381785696613,1,0.0,1,-1.5098038814861507,0,0,0,1,1,0,1,0,1,0,1,0,1,0,1,0,0,1,0,0,0
1,2.235112188621971,1,1,1.5627698836379778,1,1.0,1,0.2602244767343668,0,1,0,0,0,0,0,1,0,1,0,1,0,0,0,1,0,0,0,2,2
1,-0.4474048350192824,0,1,-0.9627938824036689,1,0.0,0,-0.3231369821721136,0,0,0,0,0,0,0,0,0,0,0,0,0,1,0,0,0,1,0,0,1
0,-0.4474048350192824,1,0,-0.5554448878808227,1,0.0,1,-0.17521911937246493,0,0,0,0,0,0,0,1,0,0,0,0,0,0,0,1,0,0,1,1,1
0,-0.4474048350192824,1,1,0.09631350335573131,1,0.0,1,-0.18685310858142587,0,1,0,0,0,1,0,1,0,0,0,0,0,0,0,0,1,0,0,2,1
0,-0.4474048350192824,0,0,-0.31103549116711493,1,0.0,1,1.1693376334917591,0,1,1,0,0,0,0,1,0,0,0,0,0,1,0,1,0,1,0,2,2
1,2.235112188621971,1,0,-0.2295656922625457,1,0.0,1,0.6557801098390456,0,1,0,0,0,0,0,1,0,1,0,1,0,1,0,1,0,0,0,2,2
0,-0.4474048350192824,1,1,0.34072290006943906,1,1.0,1,0.44138230870247575,0,1,0,0,0,1,0,1,0,1,0,0,0,1,0,0,1,0,0,2,2
1,-0.4474048350192824,1,0,1.6035047830902625,1,2.0,0,-1.5081418830277276,0,0,0,1,1,0,1,0,1,0,1,0,1,0,1,0,1,0,0,2,0
1,-0.4474048350192824,0,0,-0.7591193851422458,1,0.0,0,-1.5114658799445737,0,0,0,1,1,0,1,0,1,0,1,0,1,0,1,0,1,0,0,1,0
0,-0.4474048350192824,1,1,1.3590953863765547,1,1.0,1,0.30509843511178825,0,1,1,0,0,0,0,0,0,0,0,0,0,0,0,0,0,0,0,2,2
0,-0.4474048350192824,0,0,-1.1257334802128074,1,0.0,1,0.9582638292720357,0,1,1,0,0,0,0,0,0,0,0,0,0,1,0,1,0,0,1,0,2
0,2.235112188621971,1,1,-0.025891195001122566,1,0.0,1,1.1743236288670285,0,1,1,0,0,0,0,1,0,0,0,0,0,1,0,1,0,1,0,2,2
0,-0.4474048350192824,0,0,-1.2479381785696613,1,0.0,1,-1.4965078938187666,0,0,0,1,1,0,1,0,1,0,1,0,1,0,1,0,0,0,1,0,0
0,-0.4474048350192824,0,0,-0.06662609445340718,1,0.0,0,0.7488520235107347,0,0,1,0,0,1,0,0,0,1,0,1,0,0,0,0,0,1,0,2,2
1,-0.4474048350192824,0,0,1.3998302858288394,1,2.0,0,-0.4826888341807238,0,0,0,0,0,0,0,0,0,0,0,1,0,0,0,0,0,0,0,2,1
1,-0.4474048350192824,0,0,1.4813000847334086,1,1.0,1,1.3338754808756383,0,1,1,0,0,0,0,1,0,0,0,1,0,1,0,1,0,0,0,2,2
1,-0.4474048350192824,0,0,-1.2479381785696613,1,0.0,0,0.17380055689636947,0,0,0,0,0,0,0,0,0,0,0,1,0,1,0,1,0,1,0,0,2
0,-0.4474048350192824,0,0,0.09631350335573131,1,1.0,1,1.1360976643232987,0,0,1,0,0,0,0,0,0,1,0,1,0,1,0,1,0,1,0,2,2
0,-0.4474048350192824,0,0,-1.2479381785696613,1,1.0,0,-1.4832119061513822,0,0,0,1,1,0,1,0,1,0,1,0,1,0,1,0,0,0,1,0,0
1,2.235112188621971,1,0,1.6035047830902625,1,0.0,1,1.5898232434727837,0,1,1,0,0,1,0,1,0,1,0,1,0,1,0,1,1,0,0,2,2
0,2.235112188621971,0,0,1.5627698836379778,1,1.0,1,1.149393651990683,0,1,1,0,0,1,0,1,0,0,0,1,0,1,0,0,1,0,0,2,2
1,-0.4474048350192824,0,0,-0.5554448878808227,1,0.0,0,0.1505325784784471,0,1,0,0,0,0,0,0,0,0,0,0,0,1,0,1,0,0,1,1,1
1,-0.4474048350192824,1,1,-1.0035287818559535,1,2.0,0,-1.5081418830277276,0,0,0,1,1,0,1,0,1,0,1,0,1,0,1,0,0,0,1,0,0
1,2.235112188621971,0,0,-1.2479381785696613,1,0.0,0,-1.5247618676119576,0,0,0,1,1,0,1,0,1,0,1,0,1,0,1,0,0,1,0,0,0
1,-0.4474048350192824,1,0,0.3814577995217237,0,0.0,1,-1.3286460495180412,1,0,0,0,0,0,0,0,0,0,0,0,0,0,0,0,1,0,0,2,0
1,-0.4474048350192824,0,0,-0.5961797873331073,0,0.0,0,-1.0461063115861278,1,0,0,0,0,1,0,0,0,1,0,0,0,0,0,0,0,0,1,1,0
1,-0.4474048350192824,0,0,1.2776255874719855,1,2.0,1,1.30728350554087,0,1,1,0,0,0,0,1,0,1,0,0,0,1,0,1,0,0,0,2,2
0,2.235112188621971,0,0,-1.288673078021946,1,0.0,0,-0.4826888341807238,0,1,0,0,0,0,0,0,0,0,0,0,0,0,0,0,0,0,1,0,1
1,-0.4474048350192824,1,1,0.46292759842629294,1,1.0,0,-1.478225910776113,0,0,0,1,1,0,1,0,1,0,1,0,1,0,1,0,0,0,0,2,0
1,2.235112188621971,1,0,0.17778330226030056,1,0.0,1,0.9117278724361909,0,1,1,0,0,0,0,0,0,0,0,0,0,1,0,1,0,1,0,2,2
1,-0.4474048350192824,1,0,-0.9220589829513843,1,0.0,1,0.1671525630626773,0,0,1,0,0,0,0,0,0,0,0,0,0,0,0,0,0,1,0,0,2
1,-0.4474048350192824,0,1,0.014843704451162058,0,1.0,0,-1.0311483254603206,1,0,0,0,0,1,0,0,0,0,0,1,0,0,0,0,1,0,0,2,0
1,-0.4474048350192824,0,1,-1.0849985807605227,1,0.0,0,-1.2870960880574658,0,1,0,1,1,0,1,0,1,0,1,0,1,0,1,0,0,0,1,0,0
1,-0.4474048350192824,0,0,-1.288673078021946,1,0.0,0,0.5128482424146659,0,0,1,0,0,0,0,0,0,0,0,0,0,0,0,1,0,1,0,0,2
1,-0.4474048350192824,1,0,1.31836048692427,1,0.0,1,0.8901218924766914,0,1,1,0,0,0,0,1,0,0,0,0,0,1,0,0,0,0,0,2,2
1,-0.4474048350192824,1,1,1.3998302858288394,1,1.0,1,1.3405234747093304,0,1,1,0,0,0,0,1,0,1,0,0,0,1,0,1,0,1,0,2,2
1,2.235112188621971,0,0,1.2776255874719855,1,2.0,1,-1.4965078938187666,0,0,0,1,1,0,1,0,1,0,1,0,1,0,1,0,0,0,0,2,0
1,-0.4474048350192824,1,0,-1.0849985807605227,1,0.0,1,0.8618679186835002,0,0,1,0,0,0,0,1,0,1,0,0,0,0,0,1,0,1,0,0,2
0,-0.4474048350192824,0,0,0.2592531011648698,1,2.0,0,-1.4749019138592672,0,0,0,1,1,0,1,0,1,0,1,0,1,0,1,0,1,0,0,2,0
0,-0.4474048350192824,1,0,0.992481291305993,0,0.0,1,-0.21012108699934826,1,0,0,0,0,1,0,1,0,1,0,0,0,1,0,1,0,0,0,2,1
0,-0.4474048350192824,1,1,-0.06662609445340718,1,0.0,1,1.300635511707178,0,1,1,0,0,0,0,0,0,1,0,1,0,1,0,1,0,1,0,2,2
0,-0.4474048350192824,0,1,-1.288673078021946,1,0.0,0,-0.4610828542212243,0,0,0,0,0,1,0,0,0,0,0,0,0,0,0,0,0,0,1,0,1
1,-0.4474048350192824,0,0,-0.14809589335797643,1,1.0,0,-1.5280858645288038,0,0,0,1,1,0,1,0,1,0,1,0,1,0,1,0,0,0,1,2,0
0,-0.4474048350192824,1,1,1.2776255874719855,1,1.0,1,1.541625288178516,0,1,1,0,0,0,0,1,0,1,0,1,0,1,0,1,0,1,0,2,2
0,-0.4474048350192824,0,0,1.1554208891151316,1,1.0,1,1.2923255194150627,0,1,1,0,0,0,0,1,0,1,0,0,0,1,0,1,0,1,0,2,2
1,-0.4474048350192824,0,0,1.0332161907582778,1,2.0,1,-1.3219980556843494,0,1,0,1,1,0,1,0,1,0,1,0,1,0,1,0,1,0,0,2,0
0,-0.4474048350192824,1,1,-0.636914686785392,1,0.0,0,0.9748838138562659,0,1,1,0,0,1,0,0,0,1,0,0,0,1,0,0,0,1,0,1,2
1,-0.4474048350192824,1,1,0.3814577995217237,0,1.0,1,-0.6638466661488329,1,0,0,0,0,0,0,1,0,1,0,0,0,0,0,1,1,0,0,2,1
1,-0.4474048350192824,1,0,-0.025891195001122566,1,1.0,1,0.2569004798175205,0,1,0,0,0,1,0,0,0,0,0,1,0,1,0,0,1,0,0,2,2
0,-0.4474048350192824,0,0,-1.288673078021946,1,0.0,0,-1.5264238660703808,0,0,0,1,1,0,1,0,1,0,1,0,1,0,1,0,0,0,1,0,0
1,-0.4474048350192824,1,1,0.5443973973308622,1,2.0,1,-1.4948458953603434,0,0,0,1,1,0,1,0,1,0,1,0,1,0,1,0,0,0,1,2,0
0,-0.4474048350192824,1,1,1.6035047830902625,1,2.0,0,-1.3569000233112327,0,1,0,1,1,0,1,0,1,0,1,0,1,0,1,0,1,0,0,2,0
1,-0.4474048350192824,1,1,-0.3517703906193996,1,2.0,1,-1.3618860186865018,0,1,0,1,1,0,1,0,1,0,1,0,1,0,1,0,0,0,0,1,0
0,-0.4474048350192824,1,1,0.46292759842629294,1,0.0,0,-0.2932210099204993,0,0,0,0,0,1,0,0,0,0,0,1,0,0,0,0,0,0,0,2,1
0,-0.4474048350192824,0,1,-1.288673078021946,1,0.0,1,-0.16857112553877274,0,0,0,0,0,1,0,1,0,0,0,1,0,0,0,0,0,1,0,0,1
0,2.235112188621971,1,0,-1.2479381785696613,1,0.0,1,0.14056058772790905,0,0,1,0,0,0,0,0,0,0,0,0,0,0,0,0,0,1,0,0,1
0,-0.4474048350192824,0,1,-1.288673078021946,1,0.0,0,-1.3652100156033478,0,1,0,1,1,0,1,0,1,0,1,0,1,0,1,0,0,0,1,0,0
1,-0.4474048350192824,1,1,-0.5147099884285381,1,2.0,0,-1.4965078938187666,0,0,0,1,1,0,1,0,1,0,1,0,1,0,1,0,0,0,1,1,0
0,-0.4474048350192824,0,0,0.7888067940445699,1,2.0,1,0.5278062285404731,0,1,0,0,0,0,0,0,0,1,0,1,0,1,0,1,0,0,0,2,2
0,-0.4474048350192824,0,0,-1.288673078021946,1,0.0,0,-1.5098038814861507,0,0,0,1,1,0,1,0,1,0,1,0,1,0,1,0,0,0,1,0,0
0,-0.4474048350192824,0,0,-1.288673078021946,1,0.0,0,-1.5014938891940355,0,0,0,1,1,0,1,0,1,0,1,0,1,0,1,0,0,0,0,0,0
0,-0.4474048350192824,1,0,1.5627698836379778,1,2.0,0,-1.5114658799445737,0,0,0,1,1,0,1,0,1,0,1,0,1,0,1,0,0,0,1,2,0
0,-0.4474048350192824,1,1,0.014843704451162058,1,1.0,1,-0.2200930777498863,0,0,0,0,0,1,0,1,0,1,0,0,0,0,0,0,0,0,1,2,1
1,-0.4474048350192824,1,1,1.5627698836379778,1,2.0,0,0.8402619387240008,0,1,0,0,0,1,0,1,0,1,0,1,0,1,0,1,0,1,0,2,2
1,-0.4474048350192824,0,0,-0.9627938824036689,1,0.0,1,0.3582823857813247,0,1,1,0,0,0,0,0,0,0,0,0,0,0,0,0,0,1,0,0,2
1,-0.4474048350192824,0,0,0.09631350335573131,1,2.0,0,-1.4499719369829218,0,0,0,1,1,0,1,0,1,0,1,0,1,0,1,0,0,0,0,2,0
1,2.235112188621971,1,0,-1.0442636813082382,1,0.0,1,0.9848558046068039,0,1,1,0,0,1,0,1,0,0,0,0,0,0,0,1,1,0,0,0,2
0,-0.4474048350192824,1,0,1.5627698836379778,1,2.0,1,-1.3436040356438486,0,1,0,1,1,0,1,0,1,0,1,0,1,0,1,0,0,0,0,2,0
1,-0.4474048350192824,1,1,-0.9627938824036689,1,0.0,1,1.2474515610376409,0,1,1,0,0,0,0,1,0,1,0,0,0,1,0,1,1,0,0,0,2
1,-0.4474048350192824,0,1,0.8702765929491392,1,1.0,1,1.3554814608351373,0,0,1,0,0,1,0,1,0,0,0,1,0,1,0,1,0,1,0,2,2
1,-0.4474048350192824,0,0,-1.166468379665092,1,0.0,1,-0.3247989806305368,0,0,0,0,0,0,0,0,0,0,0,0,0,0,0,1,0,0,1,0,1
1,-0.4474048350192824,0,0,-0.4332401895239688,1,0.0,1,0.4746222778709362,0,1,1,0,0,0,0,1,0,0,0,0,0,0,0,0,0,1,0,1,2
1,-0.4474048350192824,1,0,1.5627698836379778,1,2.0,0,0.602596159169509,0,1,0,0,0,1,0,0,0,1,0,1,0,1,0,1,0,1,0,2,2
0,2.235112188621971,1,0,1.6035047830902625,1,2.0,1,1.6845571556028955,0,1,1,0,0,1,0,1,0,1,0,1,0,1,0,1,1,0,0,2,2
1,-0.4474048350192824,1,0,-1.166468379665092,1,0.0,1,0.31839442277917257,0,1,1,0,0,0,0,0,0,0,0,0,0,0,0,0,0,1,0,0,2
1,-0.4474048350192824,0,0,-1.2072032791173766,1,0.0,1,0.6973300712996211,0,0,1,0,0,1,0,0,0,0,0,0,0,0,0,1,0,0,1,0,2
0,-0.4474048350192824,1,1,-0.840589184046815,1,2.0,0,-1.3236600541427723,0,1,0,1,1,0,1,0,1,0,1,0,1,0,1,0,1,0,0,0,0
1,-0.4474048350192824,1,1,1.2368906880197008,1,0.0,1,0.5062002485809737,0,0,1,0,0,0,0,1,0,1,0,0,0,0,0,0,1,0,0,2,2
1,-0.4474048350192824,0,0,0.09631350335573131,1,2.0,1,-1.4915218984434973,0,0,0,1,1,0,1,0,1,0,1,0,1,0,1,0,0,0,1,2,0
0,-0.4474048350192824,0,0,-0.06662609445340718,1,2.0,0,-1.468253920025575,0,0,0,1,1,0,1,0,1,0,1,0,1,0,1,0,1,0,0,2,0
0,-0.4474048350192824,0,0,-1.0442636813082382,1,0.0,1,0.18875854302217676,0,0,0,0,0,0,0,0,0,0,0,1,0,1,0,1,1,0,0,0,2
1,-0.4474048350192824,1,1,-1.288673078021946,1,0.0,1,-0.6389166892724876,0,0,0,0,0,0,0,0,0,0,0,0,0,0,0,0,0,0,1,0,1
0,-0.4474048350192824,1,0,0.3814577995217237,1,2.0,1,1.1277876720311837,0,0,1,0,0,0,0,0,0,1,0,1,0,1,0,1,1,0,0,2,2
1,-0.4474048350192824,0,0,0.21851820171258518,1,1.0,1,0.17878655227163873,0,0,1,0,0,0,0,0,0,0,0,0,0,0,0,0,0,0,0,2,2
0,-0.4474048350192824,1,1,1.1554208891151316,1,2.0,0,1.6629511756433961,0,1,1,0,0,1,0,1,0,1,0,1,0,1,0,1,1,0,0,2,2
0,-0.4474048350192824,1,1,1.2776255874719855,1,1.0,0,1.6047812295985904,0,1,1,0,0,1,0,1,0,1,0,1,0,1,0,1,0,1,0,2,2
1,-0.4474048350192824,1,0,1.4813000847334086,0,2.0,0,-0.16026113324665764,1,0,0,0,0,1,0,0,0,1,0,1,0,1,0,1,0,0,0,2,1
0,-0.4474048350192824,1,0,0.2999880006171544,1,2.0,0,-1.5280858645288038,0,0,0,1,1,0,1,0,1,0,1,0,1,0,1,0,0,0,1,2,0
1,2.235112188621971,1,0,-1.1257334802128074,1,0.0,1,0.4929042609135898,0,1,1,0,0,0,0,0,0,1,0,0,0,0,0,0,0,0,0,0,2
1,-0.4474048350192824,0,0,-0.9627938824036689,0,0.0,1,-1.0095423455008212,1,0,0,0,0,0,0,0,0,0,0,0,0,1,0,0,1,0,0,0,0
1,-0.4474048350192824,1,0,1.0739510902105622,1,1.0,1,1.4984133282595173,0,1,1,0,0,1,0,1,0,1,0,0,0,1,0,1,0,1,0,2,2
0,-0.4474048350192824,1,1,-1.2072032791173766,0,0.0,0,-0.823398518157443,1,0,0,0,0,0,0,1,0,0,0,0,0,0,0,1,0,0,1,0,1
0,2.235112188621971,1,1,-0.06662609445340718,1,0.0,1,1.1244636751143378,0,0,1,0,0,0,0,0,0,1,0,1,0,1,0,1,0,1,0,2,2
1,-0.4474048350192824,1,1,1.3998302858288394,1,2.0,1,-0.1552751378713886,0,0,0,0,0,1,0,0,0,1,0,1,0,0,0,0,0,0,0,2,1
0,-0.4474048350192824,1,0,-1.2479381785696613,1,0.0,0,-1.4948458953603434,0,0,0,1,1,0,1,0,1,0,1,0,1,0,1,0,0,0,0,0,0
1,-0.4474048350192824,0,0,0.666602095687716,1,0.0,0,1.1178156812806455,0,1,1,0,0,0,0,1,0,0,0,0,0,1,0,1,0,1,0,2,2
1,-0.4474048350192824,0,0,-0.47397508897625346,1,0.0,1,-1.4998318907356125,0,0,0,1,1,0,1,0,1,0,1,0,1,0,1,0,0,0,1,1,0
1,2.235112188621971,1,0,0.2999880006171544,1,1.0,0,-0.3081789960463066,0,0,0,0,0,0,0,0,0,0,0,0,0,0,0,1,0,1,0,2,1
1,2.235112188621971,1,0,-0.025891195001122566,1,0.0,1,0.9449678416046513,0,1,1,0,0,0,0,1,0,1,0,0,0,0,0,1,0,1,0,2,2
1,-0.4474048350192824,0,1,-1.288673078021946,1,0.0,0,-1.4732399154008442,0,0,0,1,1,0,1,0,1,0,1,0,1,0,1,0,0,0,1,0,0
0,-0.4474048350192824,0,0,0.7888067940445699,1,0.0,1,-0.18685310858142587,0,0,0,0,0,0,0,0,0,1,0,0,0,0,0,1,0,1,0,2,1
1,-0.4474048350192824,1,0,-0.8813240834990996,1,0.0,1,0.32836641352971063,0,1,1,0,0,0,0,0,0,0,0,0,0,0,0,0,0,1,0,0,2
1,-0.4474048350192824,0,0,0.014843704451162058,1,1.0,0,0.4995522547472815,0,1,1,0,0,1,0,0,0,0,0,0,0,0,0,0,0,0,0,2,2
1,-0.4474048350192824,1,1,0.7888067940445699,1,2.0,0,-1.3386180402685797,0,1,0,1,1,0,1,0,1,0,1,0,1,0,1,0,0,0,1,2,0
0,2.235112188621971,1,1,-1.2072032791173766,1,0.0,1,0.772120001928657,0,0,1,0,0,1,0,0,0,0,0,1,0,1,0,0,0,0,1,0,2
0,-0.4474048350192824,0,0,0.992481291305993,1,1.0,0,0.9848558046068039,0,1,1,0,0,0,0,1,0,0,0,1,0,0,0,1,0,1,0,2,2
1,-0.4474048350192824,1,0,0.7888067940445699,1,1.0,1,0.5427642146662804,0,1,0,0,0,1,0,1,0,1,0,1,0,0,0,1,1,0,0,2,2
1,-0.4474048350192824,1,0,0.8702765929491392,1,0.0,0,1.4784693467584409,0,1,1,0,0,1,0,1,0,1,0,0,0,1,0,1,0,1,0,2,2
1,2.235112188621971,1,0,-1.0442636813082382,1,0.0,1,0.3433243996555179,0,1,1,0,0,0,0,0,0,0,0,0,0,0,0,0,0,1,0,0,2
1,-0.4474048350192824,0,0,-0.840589184046815,1,0.0,1,1.1593656427412211,0,1,1,0,0,0,0,0,0,0,0,1,0,1,0,1,0,0,1,0,2
0,-0.4474048350192824,1,0,-0.7591193851422458,1,2.0,0,-1.4848739046098054,0,0,0,1,1,0,1,0,1,0,1,0,1,0,1,0,0,0,1,1,0
0,-0.4474048350192824,1,1,1.6035047830902625,1,2.0,1,0.4796082732462054,0,1,0,0,0,1,0,1,0,1,0,1,0,0,0,1,0,0,0,2,2
0,2.235112188621971,0,0,1.6035047830902625,1,2.0,0,1.548273282012208,0,1,1,0,0,0,0,1,0,1,0,1,0,1,0,1,0,1,0,2,2
1,-0.4474048350192824,0,0,-0.7183844856899612,1,0.0,0,-0.4494488650122634,0,1,0,0,0,0,0,0,0,0,0,0,0,0,0,0,0,1,0,1,1
1,2.235112188621971,0,0,-0.31103549116711493,1,0.0,0,1.3588054577519837,0,1,1,0,0,0,0,1,0,1,0,0,0,1,0,1,0,0,1,2,2
1,2.235112188621971,1,0,1.3998302858288394,1,2.0,0,1.2574235517881793,0,1,1,0,0,0,0,1,0,0,0,1,0,1,0,1,0,0,0,2,2
1,-0.4474048350192824,0,0,-1.2479381785696613,1,0.0,1,0.3532963904060559,0,0,1,0,0,1,0,0,0,0,0,0,0,0,0,0,0,1,0,0,2
0,-0.4474048350192824,0,0,1.5220349841856933,1,1.0,0,-1.297068078808004,0,1,0,1,1,0,1,0,1,0,1,0,1,0,1,0,1,0,0,2,0
1,-0.4474048350192824,0,1,0.9110114924014238,1,1.0,0,-1.5280858645288038,0,0,0,1,1,0,1,0,1,0,1,0,1,0,1,0,0,0,0,2,0
0,-0.4474048350192824,0,0,0.17778330226030056,1,2.0,0,-1.5031558876524584,0,0,0,1,1,0,1,0,1,0,1,0,1,0,1,0,0,0,1,2,0
0,-0.4474048350192824,1,0,0.6258671962354314,0,1.0,0,-1.0095423455008212,1,0,0,0,0,0,0,1,0,1,0,0,0,0,0,0,0,0,1,2,0
0,2.235112188621971,0,0,-1.0849985807605227,1,0.0,0,-1.5147898768614196,0,0,0,1,1,0,1,0,1,0,1,0,1,0,1,0,0,0,0,0,0
0,-0.4474048350192824,1,1,1.2776255874719855,1,1.0,1,0.9233618616451519,0,1,1,0,0,0,0,1,0,1,0,0,0,0,0,1,0,1,0,2,2
1,-0.4474048350192824,1,0,0.2999880006171544,1,0.0,1,1.0646317306111086,0,1,1,0,0,0,0,0,0,0,0,0,0,1,0,1,0,0,0,2,2
1,-0.4474048350192824,1,0,0.7480718945922853,1,1.0,1,1.3870594315451747,0,1,1,0,0,0,0,1,0,1,0,0,0,1,0,1,0,0,0,2,2
0,-0.4474048350192824,0,0,-1.166468379665092,1,0.0,1,0.16549056460425438,0,0,1,0,0,0,0,0,0,0,0,0,0,0,0,0,1,0,0,0,2
0,-0.4474048350192824,1,1,1.6035047830902625,1,2.0,1,1.4369193852978654,0,0,1,0,0,1,0,1,0,1,0,1,0,1,0,1,0,0,0,2,2
1,-0.4474048350192824,0,0,-1.2479381785696613,1,0.0,1,-1.5014938891940355,0,0,0,1,1,0,1,0,1,0,1,0,1,0,1,0,1,0,0,0,0
1,2.235112188621971,0,0,-0.2703005917148303,1,1.0,0,-1.521437870695112,0,0,0,1,1,0,1,0,1,0,1,0,1,0,1,0,1,0,0,2,0
1,-0.4474048350192824,1,0,-0.840589184046815,1,0.0,1,0.6640901021311607,0,0,1,0,0,0,0,1,0,0,0,0,0,0,0,1,1,0,0,0,2
1,-0.4474048350192824,1,1,1.2368906880197008,1,2.0,0,-1.3436040356438486,0,1,0,1,1,0,1,0,1,0,1,0,1,0,1,0,1,0,0,2,0
1,-0.4474048350192824,0,0,-1.288673078021946,1,0.0,1,0.6574421082974685,0,0,1,0,0,0,0,0,0,1,0,0,0,1,0,0,0,1,0,0,2
0,2.235112188621971,0,0,-1.2479381785696613,1,0.0,1,0.34498639811394083,0,1,1,0,0,0,0,0,0,0,0,0,0,0,0,0,0,0,1,0,2
0,-0.4474048350192824,0,1,-0.636914686785392,1,0.0,1,-0.012343270447008675,0,0,0,0,0,0,0,0,0,0,0,0,0,1,0,1,0,0,1,1,1
1,-0.4474048350192824,0,0,-0.9220589829513843,1,1.0,1,1.1244636751143378,0,0,1,0,0,1,0,0,0,1,0,0,0,1,0,1,0,1,0,0,2
0,-0.4474048350192824,1,1,1.4405651852811239,1,2.0,1,0.7970499788050023,0,1,0,0,0,1,0,1,0,1,0,1,0,1,0,1,0,0,0,2,2
0,-0.4474048350192824,1,1,1.5627698836379778,1,2.0,1,1.0197577722336872,0,1,1,0,0,0,0,1,0,1,0,0,0,0,0,1,1,0,0,2,2
1,-0.4474048350192824,1,1,-1.0035287818559535,1,2.0,1,0.3682543765318632,0,1,0,0,0,1,0,1,0,0,0,1,0,0,0,1,1,0,0,0,2
0,-0.4474048350192824,0,0,-0.8813240834990996,1,0.0,1,0.4629882886619752,0,1,1,0,0,1,0,0,0,0,0,0,0,0,0,0,0,0,0,0,2
0,-0.4474048350192824,0,0,-0.5961797873331073,1,0.0,1,-0.4909988264728389,0,1,0,0,0,0,0,0,0,0,0,0,0,0,0,0,0,1,0,1,1
0,-0.4474048350192824,0,0,-0.5961797873331073,1,0.0,1,-0.14862714403769645,0,1,0,0,0,1,0,0,0,1,0,0,0,0,0,0,0,0,1,1,1
1,-0.4474048350192824,1,1,1.5220349841856933,1,2.0,0,-1.3269840510596185,0,1,0,1,1,0,1,0,1,0,1,0,1,0,1,0,1,0,0,2,0
1,-0.4474048350192824,0,0,-1.288673078021946,1,0.0,0,-1.4898598999850743,0,0,0,1,1,0,1,0,1,0,1,0,1,0,1,0,0,0,1,0,0
0,-0.4474048350192824,1,1,0.6258671962354314,1,2.0,0,0.4845942686214747,0,1,0,0,0,0,0,1,0,0,0,1,0,1,0,1,0,1,0,2,2
0,-0.4474048350192824,0,0,-0.7998542845945305,0,0.0,1,-1.130868232965702,1,0,0,0,0,0,0,1,0,0,0,0,0,0,0,0,0,1,0,1,0
0,-0.4474048350192824,0,0,-1.288673078021946,1,0.0,0,0.19374453839744601,0,0,1,0,0,0,0,0,0,0,0,0,0,0,0,0,0,0,1,0,2
0,-0.4474048350192824,0,1,-0.7998542845945305,1,0.0,1,-0.3015310022126144,0,0,0,0,0,1,0,1,0,0,0,0,0,0,0,0,0,1,0,1,1
1,2.235112188621971,1,0,-1.288673078021946,1,0.0,1,0.28183045669386586,0,1,1,0,0,0,0,0,0,0,0,0,0,0,0,0,0,1,0,0,2
1,2.235112188621971,0,0,0.014843704451162058,0,0.0,1,-0.34806695904845897,1,0,0,0,0,0,0,0,0,1,0,1,0,1,0,1,0,1,0,2,1
1,-0.4474048350192824,0,0,0.09631350335573131,1,1.0,0,-0.12868316253662013,0,0,0,0,0,1,0,1,0,1,0,0,0,0,0,0,0,0,1,2,1
0,-0.4474048350192824,0,0,-1.288673078021946,1,0.0,0,0.4812702717046283,0,0,1,0,0,0,0,0,0,0,0,0,0,1,0,0,0,1,0,0,2
1,2.235112188621971,1,0,-1.166468379665092,1,0.0,0,0.32836641352971063,0,1,1,0,0,0,0,0,0,0,0,0,0,0,0,0,0,1,0,0,2
0,2.235112188621971,0,0,-0.8813240834990996,1,0.0,1,0.9948277953573419,0,0,1,0,0,0,0,1,0,0,0,0,0,1,0,1,0,1,0,0,2
0,-0.4474048350192824,1,1,1.2776255874719855,1,1.0,0,0.024220695638297596,0,0,0,0,0,1,0,0,0,0,0,1,0,1,0,0,0,0,1,2,1
1,-0.4474048350192824,0,0,1.1961557885674161,0,2.0,1,-0.7103826229846775,1,0,0,0,0,1,0,1,0,1,0,1,0,0,0,0,0,0,0,2,1
0,-0.4474048350192824,1,1,1.5627698836379778,1,2.0,0,-1.5014938891940355,0,0,0,1,1,0,1,0,1,0,1,0,1,0,1,0,1,0,0,2,0
0,-0.4474048350192824,1,0,0.4221926989740083,1,2.0,0,0.7106260589670055,0,1,0,0,0,1,0,1,0,0,0,1,0,1,0,1,1,0,0,2,2
0,-0.4474048350192824,0,0,-1.166468379665092,1,0.0,1,0.4629882886619752,0,0,1,0,0,0,0,0,0,0,0,0,0,1,0,0,0,1,0,0,2
0,2.235112188621971,1,0,0.3814577995217237,1,1.0,1,1.3338754808756383,0,1,1,0,0,1,0,0,0,1,0,0,0,1,0,1,0,0,0,2,2
1,-0.4474048350192824,0,1,-1.2479381785696613,1,0.0,0,-1.523099869153535,0,0,0,1,1,0,1,0,1,0,1,0,1,0,1,0,0,0,1,0,0
1,-0.4474048350192824,1,0,-1.2072032791173766,0,0.0,1,-0.9945843593750142,1,0,0,0,0,0,0,0,0,0,0,0,0,0,0,1,0,1,0,0,1
0,2.235112188621971,1,0,0.13704840280801595,1,0.0,1,0.8934458893935378,0,1,1,0,0,0,0,1,0,0,0,0,0,1,0,0,1,0,0,2,2
0,-0.4474048350192824,1,0,-0.7183844856899612,1,2.0,0,-1.3253220526011953,0,1,0,1,1,0,1,0,1,0,1,0,1,0,1,0,0,0,1,1,0
1,2.235112188621971,0,0,-1.288673078021946,1,0.0,1,0.35495838886447884,0,1,1,0,0,0,0,0,0,0,0,0,0,0,0,0,0,1,0,0,2
0,-0.4474048350192824,0,0,-0.7183844856899612,1,0.0,1,1.1311116689480294,0,0,1,0,0,1,0,1,0,0,0,0,0,1,0,1,1,0,0,1,2
0,-0.4474048350192824,1,0,1.6035047830902625,1,2.0,0,-0.010681271988585749,0,1,0,0,0,1,0,1,0,0,0,1,0,0,0,0,0,0,0,2,1
1,-0.4474048350192824,0,0,-1.288673078021946,1,0.0,0,-0.4743788418886087,0,0,0,0,0,0,0,1,0,0,0,0,0,0,0,0,0,1,0,0,1
1,-0.4474048350192824,0,0,-1.2479381785696613,0,0.0,1,-1.3352940433517335,1,0,0,0,0,0,0,0,0,0,0,0,0,0,0,0,1,0,0,0,0
0,-0.4474048350192824,1,1,-1.166468379665092,1,0.0,1,-1.4998318907356125,0,0,0,1,1,0,1,0,1,0,1,0,1,0,1,0,0,1,0,0,0
1,-0.4474048350192824,0,0,-0.3517703906193996,1,0.0,1,-0.4627448526796475,0,0,0,0,0,1,0,0,0,0,0,0,0,0,0,0,0,1,0,1,1
1,-0.4474048350192824,0,0,0.6258671962354314,1,1.0,1,1.3637914531272524,0,1,1,0,0,0,0,1,0,1,0,0,0,1,0,1,1,0,0,2,2
0,2.235112188621971,0,0,0.5443973973308622,1,1.0,1,1.4934273328842482,0,1,1,0,0,1,0,1,0,1,0,0,0,1,0,1,0,1,0,2,2
1,-0.4474048350192824,1,0,-0.7591193851422458,1,0.0,0,-0.49432282338968475,0,0,0,0,0,0,0,0,0,1,0,0,0,0,0,0,1,0,0,1,1
1,-0.4474048350192824,0,0,-0.025891195001122566,1,1.0,0,-1.5048178861108816,0,0,0,1,1,0,1,0,1,0,1,0,1,0,1,0,0,0,1,2,0
1,-0.4474048350192824,1,1,-0.5554448878808227,1,0.0,0,-1.478225910776113,0,0,0,1,1,0,1,0,1,0,1,0,1,0,1,0,0,0,1,1,0
1,-0.4474048350192824,1,1,-0.4332401895239688,1,1.0,0,-1.4931838969019204,0,0,0,1,1,0,1,0,1,0,1,0,1,0,1,0,0,0,1,1,0
0,-0.4474048350192824,1,1,1.6035047830902625,1,2.0,0,1.3637914531272524,0,1,1,0,0,1,0,1,0,1,0,1,0,1,0,0,1,0,0,2,2
0,-0.4474048350192824,1,1,1.6035047830902625,1,2.0,1,1.46683535754948,0,1,1,0,0,0,0,1,0,1,0,1,0,1,0,1,0,0,0,2,2
0,-0.4474048350192824,0,0,-1.288673078021946,1,0.0,1,-0.6538746753982949,0,0,0,0,0,0,0,0,0,0,0,0,0,0,0,0,0,0,1,0,1
0,-0.4474048350192824,0,1,-1.288673078021946,0,0.0,0,-1.3419420371854254,1,0,0,0,0,0,0,0,0,0,0,0,0,0,0,0,0,0,1,0,0
0,-0.4474048350192824,1,0,1.1554208891151316,1,2.0,0,-1.3219980556843494,0,1,0,1,1,0,1,0,1,0,1,0,1,0,1,0,0,0,0,2,0
1,-0.4474048350192824,1,0,1.5220349841856933,1,1.0,0,0.4762842763293596,0,1,0,0,0,1,0,1,0,1,0,1,0,1,0,0,0,0,0,2,2
0,-0.4474048350192824,0,0,1.3590953863765547,1,1.0,1,0.7920639834297335,0,1,1,0,0,0,0,1,0,0,0,0,0,1,0,0,0,0,0,2,2
1,-0.4474048350192824,1,1,1.4813000847334086,1,2.0,0,-1.3502520294775406,0,1,0,1,1,0,1,0,1,0,1,0,1,0,1,0,0,0,0,2,0
1,-0.4474048350192824,0,0,-1.0442636813082382,1,0.0,0,-1.381830000187578,0,1,0,1,1,0,1,0,1,0,1,0,1,0,1,0,0,0,1,0,0
1,-0.4474048350192824,1,1,1.6035047830902625,1,2.0,0,0.11064461547629496,0,0,0,0,0,1,0,1,0,0,0,1,0,1,0,0,0,0,0,2,1
1,-0.4474048350192824,1,1,-0.7183844856899612,1,0.0,1,-0.18020511474773393,0,1,0,0,0,0,0,0,0,1,0,1,0,0,0,0,0,0,0,1,1
1,-0.4474048350192824,1,1,1.4813000847334086,1,1.0,0,1.0197577722336872,0,1,1,0,0,0,0,1,0,1,0,0,0,1,0,0,1,0,0,2,2
1,-0.4474048350192824,1,0,1.5220349841856933,1,1.0,1,0.9948277953573419,0,1,1,0,0,0,0,1,0,1,0,0,0,1,0,0,0,0,0,2,2
0,2.235112188621971,0,0,1.5627698836379778,1,0.0,1,1.149393651990683,0,1,1,0,0,0,0,1,0,0,0,0,0,1,0,1,1,0,0,2,2
0,-0.4474048350192824,1,1,0.8702765929491392,1,0.0,1,0.7023160666748903,0,1,0,0,0,0,0,1,0,1,0,1,0,1,0,1,0,1,0,2,2
1,2.235112188621971,1,0,1.6035047830902625,0,2.0,1,-0.020653262739123778,1,0,0,0,0,1,0,1,0,1,0,1,0,1,0,1,1,0,0,2,1
1,-0.4474048350192824,1,0,1.0332161907582778,1,2.0,0,-1.4732399154008442,0,0,0,1,1,0,1,0,1,0,1,0,1,0,1,0,0,0,1,2,0
0,-0.4474048350192824,1,0,-0.3517703906193996,1,0.0,1,1.1377596627817217,0,0,1,0,0,0,0,1,0,1,0,0,0,1,0,1,1,0,0,1,2
1,-0.4474048350192824,0,0,1.4405651852811239,0,0.0,1,-0.8366945058248272,1,0,0,0,0,0,0,0,0,1,0,0,0,0,0,1,0,0,0,2,1
0,-0.4474048350192824,1,1,-0.636914686785392,1,0.0,0,0.8901218924766914,0,0,1,0,0,1,0,0,0,0,0,1,0,1,0,0,0,1,0,1,2
1,-0.4474048350192824,1,1,-1.0035287818559535,1,0.0,0,-1.5098038814861507,0,0,0,1,1,0,1,0,1,0,1,0,1,0,1,0,1,0,0,0,0
0,-0.4474048350192824,1,1,-0.2703005917148303,0,0.0,0,-0.8715964734517105,1,0,0,0,0,1,0,1,0,0,0,1,0,0,0,0,1,0,0,2,1
0,-0.4474048350192824,1,0,1.6035047830902625,0,2.0,1,-0.36136294671584307,1,0,0,0,0,0,0,1,0,1,0,0,0,1,0,1,0,1,0,2,1
0,2.235112188621971,0,0,-0.025891195001122566,1,0.0,1,0.31008443048705747,0,0,1,0,0,0,0,1,0,0,0,0,0,0,0,0,0,1,0,2,2
1,-0.4474048350192824,0,0,-0.840589184046815,1,0.0,1,1.5914852419312064,0,1,1,0,0,0,0,1,0,1,0,1,0,1,0,1,0,0,1,0,2
1,2.235112188621971,0,0,1.6035047830902625,1,2.0,0,-1.3186740587675032,0,1,0,1,1,0,1,0,1,0,1,0,1,0,1,0,0,0,0,2,0
1,-0.4474048350192824,1,0,0.014843704451162058,1,0.0,0,0.8701779109756154,0,0,1,0,0,0,0,0,0,0,0,0,0,1,0,1,0,1,0,2,2
1,-0.4474048350192824,0,1,-0.025891195001122566,1,1.0,0,0.6192161437537392,0,1,0,0,0,0,0,1,0,1,0,1,0,1,0,1,1,0,0,2,2
0,-0.4474048350192824,1,1,-0.5961797873331073,1,2.0,0,-1.3286460495180412,0,1,0,1,1,0,1,0,1,0,1,0,1,0,1,0,0,0,1,1,0
1,-0.4474048350192824,1,0,-0.14809589335797643,1,0.0,1,0.689020079007506,0,1,1,0,0,0,0,1,0,1,0,0,0,0,0,0,0,1,0,2,2
1,2.235112188621971,1,0,1.5220349841856933,1,1.0,1,1.320579493208254,0,1,1,0,0,0,0,1,0,1,0,0,0,1,0,1,0,1,0,2,2
1,-0.4474048350192824,0,0,-1.0035287818559535,1,0.0,1,0.039178681764104877,0,0,0,0,0,0,0,0,0,0,0,0,0,1,0,1,0,1,0,0,1
1,-0.4474048350192824,0,1,0.8295416934968546,1,1.0,0,1.0264057660673793,0,0,1,0,0,1,0,1,0,1,0,0,0,0,0,1,0,1,0,2,2
1,2.235112188621971,0,0,0.666602095687716,1,0.0,1,1.0347157583594946,0,1,1,0,0,0,0,0,0,0,0,0,0,1,0,1,0,1,0,2,2
1,2.235112188621971,1,0,-1.0442636813082382,1,0.0,1,1.1360976643232987,0,1,1,0,0,0,0,0,0,1,0,0,0,1,0,1,0,1,0,0,2
1,-0.4474048350192824,1,0,-0.4332401895239688,1,0.0,1,0.6657521005895836,0,1,1,0,0,0,0,0,0,0,0,0,0,0,0,1,0,1,0,1,2
0,-0.4474048350192824,0,0,-1.2072032791173766,1,0.0,1,-1.4981698922771896,0,0,0,1,1,0,1,0,1,0,1,0,1,0,1,0,0,0,1,0,0
0,2.235112188621971,0,0,-0.5961797873331073,1,0.0,1,0.32005642123759553,0,0,1,0,0,0,0,1,0,0,0,0,0,0,0,0,0,1,0,1,2
1,-0.4474048350192824,1,1,-1.288673078021946,1,0.0,0,-0.6821286491914863,0,0,0,0,0,0,0,0,0,0,0,0,0,0,0,0,0,1,0,0,1
1,-0.4474048350192824,0,0,-1.288673078021946,1,0.0,1,0.1521945769368705,0,0,1,0,0,0,0,0,0,0,0,0,0,0,0,0,0,1,0,0,1
1,-0.4474048350192824,1,0,1.6035047830902625,1,2.0,1,1.7244451186050482,0,1,1,0,0,1,0,1,0,1,0,1,0,1,0,1,1,0,0,2,2
0,-0.4474048350192824,1,0,1.6035047830902625,1,1.0,0,1.465173359091057,0,1,1,0,0,0,0,1,0,1,0,1,0,1,0,1,1,0,0,2,2
0,-0.4474048350192824,1,0,1.5627698836379778,1,2.0,0,-1.3120260649338111,0,1,0,1,1,0,1,0,1,0,1,0,1,0,1,0,1,0,0,2,0
0,-0.4474048350192824,1,0,1.114685989662847,0,2.0,0,-0.9098224379954399,1,0,0,0,0,1,0,1,0,0,0,1,0,0,0,0,0,0,0,2,1
1,-0.4474048350192824,1,1,0.2999880006171544,1,0.0,1,0.31507042586232625,0,1,0,0,0,0,0,0,0,1,0,0,0,1,0,1,0,1,0,2,2
1,-0.4474048350192824,0,0,-1.2072032791173766,1,0.0,0,-0.346404960590036,0,0,0,0,0,0,0,0,0,0,0,0,0,0,0,1,0,0,1,0,1
0,-0.4474048350192824,0,0,-1.2072032791173766,1,0.0,0,-0.015667267363855,0,1,0,0,0,0,0,0,0,0,0,1,0,1,0,0,0,1,0,0,1
1,2.235112188621971,1,0,-0.5147099884285381,1,0.0,1,0.9798698092315347,0,1,1,0,0,0,0,0,0,0,0,0,0,1,0,1,0,1,0,1,2
1,-0.4474048350192824,0,0,0.7888067940445699,1,0.0,1,1.2624095471634482,0,1,1,0,0,0,0,1,0,1,0,0,0,1,0,1,0,1,0,2,2
0,2.235112188621971,1,0,-0.18883079281026105,1,0.0,1,1.5216813066774393,0,1,1,0,0,0,0,1,0,1,0,1,0,1,0,1,0,1,0,2,2
0,-0.4474048350192824,0,0,-0.7591193851422458,1,0.0,1,0.4978902562888586,0,0,1,0,0,0,0,1,0,0,0,1,0,0,0,0,1,0,0,1,2
0,-0.4474048350192824,0,0,1.1554208891151316,1,1.0,1,1.6629511756433961,0,1,1,0,0,1,0,1,0,1,0,1,0,1,0,1,0,0,1,2,2
1,-0.4474048350192824,1,1,0.2592531011648698,1,0.0,1,0.7056400635917361,0,0,1,0,0,0,0,1,0,0,0,0,0,1,0,0,0,0,1,2,2
1,-0.4474048350192824,0,1,-1.2479381785696613,1,0.0,1,-0.3247989806305368,0,0,0,0,0,0,0,0,0,0,0,0,0,0,0,1,0,1,0,0,1
0,-0.4474048350192824,0,1,1.6035047830902625,1,2.0,1,-1.5064798845693046,0,0,0,1,1,0,1,0,1,0,1,0,1,0,1,0,0,0,1,2,0
0,-0.4474048350192824,1,1,1.114685989662847,1,2.0,0,1.6679371710186655,0,1,1,0,0,1,0,1,0,1,0,1,0,1,0,1,1,0,0,2,2
0,-0.4474048350192824,1,1,0.6258671962354314,1,1.0,1,0.5643701946257794,0,1,1,0,0,0,0,0,0,0,0,0,0,0,0,1,0,0,1,2,2
1,2.235112188621971,0,0,0.992481291305993,1,1.0,1,-0.38463092513376546,0,0,0,0,0,0,0,0,0,1,0,1,0,0,0,0,0,1,0,2,1
0,2.235112188621971,0,0,-1.0035287818559535,1,0.0,1,0.7322320389265045,0,0,1,0,0,0,0,1,0,0,0,0,0,1,0,0,0,1,0,0,2
0,-0.4474048350192824,0,0,-0.9220589829513843,1,0.0,1,0.6524561129221997,0,0,1,0,0,1,0,0,0,0,0,0,0,1,0,0,0,0,1,0,2
0,-0.4474048350192824,1,0,-0.636914686785392,1,0.0,0,0.45966429174512935,0,1,1,0,0,1,0,0,0,0,0,0,0,0,0,0,0,1,0,1,2
0,-0.4474048350192824,1,1,1.4813000847334086,1,2.0,1,-1.3120260649338111,0,1,0,1,1,0,1,0,1,0,1,0,1,0,1,0,0,0,0,2,0
1,-0.4474048350192824,1,1,0.2999880006171544,1,1.0,1,0.6640901021311607,0,0,1,0,0,0,0,0,0,1,0,0,0,1,0,0,0,1,0,2,2
0,-0.4474048350192824,1,0,-1.2479381785696613,1,0.0,1,0.5012142532057049,0,0,1,0,0,1,0,0,0,0,0,1,0,0,0,0,0,1,0,0,2
1,-0.4474048350192824,1,1,1.1554208891151316,1,2.0,1,0.5294682269988961,0,1,0,0,0,0,0,0,0,1,0,1,0,1,0,1,0,0,0,2,2
0,2.235112188621971,1,0,1.6035047830902625,1,2.0,1,0.6325121314211232,0,1,0,0,0,1,0,1,0,1,0,0,0,1,0,1,1,0,0,2,2
1,2.235112188621971,1,0,0.666602095687716,1,2.0,0,-0.5076188110570691,0,0,0,0,0,0,0,1,0,0,0,0,0,0,0,0,0,0,1,2,1
0,-0.4474048350192824,1,1,0.8295416934968546,1,0.0,1,1.4352573868394425,0,0,1,0,0,0,0,1,0,1,0,1,0,1,0,1,0,0,0,2,2
0,2.235112188621971,0,0,-1.2479381785696613,1,0.0,1,0.17047655997952363,0,0,1,0,0,0,0,0,0,0,0,0,0,0,0,0,0,0,0,0,2
0,-0.4474048350192824,1,0,-0.8813240834990996,1,0.0,1,-0.6987486337757165,0,0,0,0,0,0,0,0,0,0,0,0,0,0,0,0,0,1,0,0,1
0,-0.4474048350192824,1,0,1.5627698836379778,1,2.0,0,1.4684973560079029,0,1,1,0,0,0,0,1,0,1,0,1,0,1,0,1,0,1,0,2,2
0,-0.4474048350192824,1,0,-0.6776495862376766,1,0.0,0,0.8518959279329622,0,1,1,0,0,1,0,1,0,1,0,0,0,0,0,0,0,1,0,1,2
0,-0.4474048350192824,1,0,0.17778330226030056,0,2.0,0,-0.6538746753982949,1,0,0,0,0,1,0,0,0,0,0,1,0,1,0,0,0,1,0,2,1
1,-0.4474048350192824,0,0,-0.9220589829513843,1,0.0,1,-1.3652100156033478,0,1,0,1,1,0,1,0,1,0,1,0,1,0,1,0,0,1,0,0,0
1,2.235112188621971,1,0,1.6035047830902625,1,2.0,1,1.298973513248755,0,1,1,0,0,0,0,1,0,1,0,0,0,1,0,1,0,0,0,2,2
1,-0.4474048350192824,0,0,-0.18883079281026105,1,1.0,1,0.8701779109756154,0,0,1,0,0,0,0,1,0,0,0,1,0,1,0,0,0,0,0,2,2
0,2.235112188621971,0,0,-0.636914686785392,1,0.0,1,0.9682358200225737,0,1,1,0,0,0,0,0,0,0,0,0,0,1,0,1,0,1,0,1,2
1,2.235112188621971,1,0,-1.0442636813082382,1,0.0,0,-0.028963255031238883,0,1,0,0,0,1,0,1,0,0,0,1,0,0,0,0,0,1,0,0,1
1,2.235112188621971,0,0,-0.3517703906193996,1,0.0,0,-0.341418965214767,0,1,0,0,0,0,0,1,0,0,0,0,0,0,0,0,1,0,0,1,1
0,-0.4474048350192824,1,1,-0.6776495862376766,1,2.0,0,-1.5081418830277276,0,0,0,1,1,0,1,0,1,0,1,0,1,0,1,0,0,0,1,1,0
0,2.235112188621971,0,0,0.666602095687716,1,0.0,0,-0.7070586260678317,0,0,0,0,0,0,0,0,0,0,0,0,0,0,0,0,0,0,1,2,1
1,-0.4474048350192824,1,1,1.3998302858288394,1,2.0,0,1.2657335440802946,0,0,1,0,0,0,0,1,0,1,0,1,0,1,0,1,0,0,0,2,2
1,-0.4474048350192824,1,0,1.6035047830902625,1,2.0,1,0.09070063397521844,0,1,0,0,0,1,0,1,0,1,0,1,0,0,0,0,0,0,0,2,1
0,-0.4474048350192824,0,0,-1.288673078021946,1,0.0,1,0.4862562670798976,0,0,1,0,0,0,0,0,0,0,0,0,0,0,0,1,0,1,0,0,2
1,2.235112188621971,1,0,1.4813000847334086,0,2.0,0,-0.28324901916996126,1,0,0,0,0,1,0,1,0,0,0,0,0,1,0,1,1,0,0,2,1
1,2.235112188621971,0,0,-0.9627938824036689,1,0.0,0,-0.3497289575068821,0,1,0,0,0,1,0,0,0,0,0,0,0,0,0,0,0,1,0,0,1
0,-0.4474048350192824,0,0,-0.14809589335797643,0,0.0,1,-1.1258822375904327,1,0,0,0,0,0,0,0,0,0,0,1,0,0,0,0,0,1,0,2,0
1,2.235112188621971,0,0,0.7480718945922853,1,0.0,1,1.087899709029031,0,1,1,0,0,0,0,0,0,1,0,0,0,1,0,1,0,1,0,2,2
1,-0.4474048350192824,0,0,-1.2479381785696613,1,0.0,1,-0.66218466769041,0,0,0,0,0,0,0,0,0,0,0,0,0,0,0,0,0,1,0,0,1
1,-0.4474048350192824,0,0,1.6035047830902625,1,2.0,0,-1.5031558876524584,0,0,0,1,1,0,1,0,1,0,1,0,1,0,1,0,0,0,0,2,0
1,-0.4474048350192824,1,0,-0.8813240834990996,1,1.0,1,-1.4798879092345363,0,0,0,1,1,0,1,0,1,0,1,0,1,0,1,0,0,0,1,0,0
1,-0.4474048350192824,0,0,0.2592531011648698,1,1.0,0,0.5593841992505106,0,0,1,0,0,0,0,0,0,1,0,1,0,0,0,0,0,1,0,2,2
1,-0.4474048350192824,0,0,-1.288673078021946,1,0.0,0,-1.5247618676119576,0,0,0,1,1,0,1,0,1,0,1,0,1,0,1,0,0,1,0,0,0
0,-0.4474048350192824,1,0,0.9517463918537085,1,1.0,1,1.3471714685430223,0,0,1,0,0,1,0,1,0,1,0,0,0,1,0,1,1,0,0,2,2
1,-0.4474048350192824,0,0,-1.288673078021946,1,0.0,0,-0.3331089729226519,0,0,0,0,0,0,0,0,0,1,0,1,0,0,0,0,0,0,1,0,1
0,2.235112188621971,1,0,-0.14809589335797643,1,0.0,1,1.1294496704896064,0,1,1,0,0,0,0,0,0,1,0,0,0,1,0,1,0,0,0,2,2
0,-0.4474048350192824,1,1,1.0332161907582778,1,2.0,0,-1.4881979015266515,0,0,0,1,1,0,1,0,1,0,1,0,1,0,1,0,1,0,0,2,0
0,-0.4474048350192824,0,0,-1.2072032791173766,1,0.0,1,0.15884257077056219,0,0,1,0,0,0,0,0,0,0,0,0,0,0,0,0,0,1,0,0,1
0,-0.4474048350192824,1,1,-0.3517703906193996,1,2.0,0,0.44969230099459084,0,1,0,0,0,1,0,0,0,1,0,0,0,1,0,1,1,0,0,1,2
1,2.235112188621971,1,0,1.2776255874719855,1,0.0,1,0.9698978184809967,0,1,1,0,0,0,0,1,0,1,0,0,0,0,0,1,0,1,0,2,2
0,-0.4474048350192824,1,1,1.1554208891151316,0,2.0,1,-0.12037317024450503,1,0,0,0,0,0,0,1,0,1,0,1,0,1,0,1,0,0,0,2,1
1,-0.4474048350192824,0,0,1.4813000847334086,1,2.0,0,0.8502339294745392,0,1,0,0,0,1,0,1,0,1,0,1,0,1,0,1,0,0,1,2,2
1,-0.4474048350192824,1,1,1.31836048692427,1,2.0,1,1.2973115147903316,0,1,1,0,0,0,0,0,0,1,0,1,0,1,0,1,0,0,0,2,2
1,-0.4474048350192824,1,1,0.17778330226030056,1,1.0,0,-1.5048178861108816,0,0,0,1,1,0,1,0,1,0,1,0,1,0,1,0,1,0,0,2,0
1,-0.4474048350192824,0,0,-1.1257334802128074,1,0.0,0,-1.4765639123176904,0,0,0,1,1,0,1,0,1,0,1,0,1,0,1,0,0,0,0,0,0
0,2.235112188621971,0,0,-0.7591193851422458,1,0.0,1,1.322241491666677,0,1,1,0,0,0,0,1,0,1,0,0,0,1,0,1,0,1,0,1,2
1,-0.4474048350192824,1,0,1.3590953863765547,0,2.0,1,-0.2815870207115381,1,0,0,0,0,1,0,1,0,1,0,1,0,1,0,0,0,0,0,2,1
1,-0.4474048350192824,1,0,0.3814577995217237,1,0.0,1,1.3654534515856758,0,1,1,0,0,0,0,0,0,1,0,1,0,1,0,1,0,0,0,2,2
1,2.235112188621971,1,0,0.46292759842629294,1,2.0,1,-1.5197758722366888,0,0,0,1,1,0,1,0,1,0,1,0,1,0,1,0,1,0,0,2,0
1,-0.4474048350192824,0,0,-0.2295656922625457,1,1.0,1,1.1776476257838742,0,1,1,0,0,0,0,0,0,1,0,0,0,1,0,1,0,0,0,2,2
0,-0.4474048350192824,1,0,0.666602095687716,1,2.0,1,-1.4931838969019204,0,0,0,1,1,0,1,0,1,0,1,0,1,0,1,0,0,0,0,2,0
0,2.235112188621971,1,0,0.5851322967831468,1,0.0,1,0.07906664476625748,0,1,0,0,0,1,0,1,0,1,0,0,0,0,0,0,1,0,0,2,1
1,2.235112188621971,1,0,1.3590953863765547,1,1.0,1,1.5216813066774393,0,1,1,0,0,0,0,1,0,1,0,1,0,1,0,1,0,1,0,2,2
1,-0.4474048350192824,0,0,0.2999880006171544,1,0.0,1,-0.4644068511380704,0,0,0,0,0,0,0,0,0,0,0,1,0,0,0,0,0,1,0,2,1
0,-0.4474048350192824,0,0,-0.2703005917148303,0,0.0,1,-0.6854526461083321,1,0,0,0,0,0,0,0,0,1,0,1,0,1,0,0,1,0,0,2,1
0,2.235112188621971,0,0,0.7888067940445699,1,2.0,0,-0.17355712091404174,0,1,0,0,0,1,0,0,0,1,0,0,0,0,0,0,0,0,0,2,1
0,-0.4474048350192824,1,1,0.5443973973308622,1,2.0,0,1.149393651990683,0,1,1,0,0,1,0,0,0,1,0,1,0,0,0,1,0,0,1,2,2
1,2.235112188621971,1,0,-1.0849985807605227,1,0.0,1,0.6358361283379695,0,0,1,0,0,0,0,1,0,0,0,0,0,0,0,1,0,1,0,0,2
1,-0.4474048350192824,1,0,0.46292759842629294,1,1.0,1,0.8502339294745392,0,0,1,0,0,0,0,0,0,0,0,0,0,1,0,1,0,0,0,2,2
1,-0.4474048350192824,0,0,1.6035047830902625,1,2.0,1,1.1909436134512585,0,1,1,0,0,0,0,1,0,1,0,0,0,1,0,1,0,0,0,2,2
1,-0.4474048350192824,0,0,-0.9220589829513843,1,2.0,0,-1.308702068016965,0,1,0,1,1,0,1,0,1,0,1,0,1,0,1,0,0,0,0,0,0
0,-0.4474048350192824,0,0,-1.2072032791173766,1,0.0,0,-1.4998318907356125,0,0,0,1,1,0,1,0,1,0,1,0,1,0,1,0,0,0,1,0,0
1,-0.4474048350192824,0,0,-0.5961797873331073,1,0.0,1,0.3599443842397481,0,0,1,0,0,0,0,0,0,0,0,1,0,0,0,0,0,0,0,1,2
1,-0.4474048350192824,0,1,-0.7183844856899612,1,0.0,1,0.8618679186835002,0,1,1,0,0,0,0,1,0,0,0,0,0,1,0,0,0,1,0,1,2
0,-0.4474048350192824,0,0,-1.2479381785696613,1,0.0,1,1.0280677645258023,0,1,1,0,0,0,0,0,0,0,0,0,0,1,0,1,0,1,0,0,2
0,2.235112188621971,0,0,-1.288673078021946,0,0.0,1,-1.308702068016965,1,0,0,0,0,0,0,0,0,0,0,0,0,0,0,0,0,0,1,0,0
1,-0.4474048350192824,1,0,1.6035047830902625,1,1.0,1,1.7526990923982393,0,1,1,0,0,1,0,1,0,1,0,1,0,1,0,1,0,0,0,2,2
1,2.235112188621971,1,0,1.4405651852811239,1,0.0,1,1.337199477792484,0,1,1,0,0,0,0,1,0,1,0,0,0,1,0,1,0,1,0,2,2
1,2.235112188621971,1,0,1.5627698836379778,1,2.0,1,1.0114477799415722,0,0,1,0,0,0,0,1,0,1,0,1,0,0,0,1,1,0,0,2,2
0,2.235112188621971,1,0,-1.2072032791173766,1,0.0,1,0.5095242454978199,0,0,1,0,0,0,0,0,0,0,0,0,0,1,0,0,0,1,0,0,2
0,-0.4474048350192824,0,0,-1.0442636813082382,1,0.0,1,0.44803030253616793,0,1,1,0,0,0,0,1,0,0,0,0,0,0,0,0,0,0,0,0,2
0,2.235112188621971,0,0,-0.8813240834990996,1,0.0,1,0.6557801098390456,0,1,1,0,0,0,0,0,0,0,0,0,0,0,0,1,1,0,0,0,2
0,-0.4474048350192824,1,1,1.5627698836379778,1,2.0,0,0.8635299171419232,0,1,0,0,0,1,0,1,0,1,0,1,0,1,0,1,0,0,1,2,2
1,-0.4474048350192824,0,0,-0.9220589829513843,1,0.0,1,0.3017744381949424,0,1,1,0,0,0,0,0,0,0,0,0,0,0,0,0,0,0,1,0,2
1,-0.4474048350192824,1,1,0.05557860390344668,1,0.0,1,0.8236419541397706,0,0,1,0,0,0,0,1,0,1,0,0,0,1,0,0,0,1,0,2,2
1,-0.4474048350192824,0,0,-1.2072032791173766,1,0.0,1,0.17380055689636947,0,0,1,0,0,0,0,0,0,0,0,0,0,0,0,0,0,0,1,0,2
0,-0.4474048350192824,1,0,-0.2703005917148303,1,2.0,1,0.2801684582354429,0,0,0,0,0,0,0,1,0,1,0,0,0,1,0,1,1,0,0,2,2
1,-0.4474048350192824,0,0,-0.3517703906193996,1,2.0,0,-1.4732399154008442,0,0,0,1,1,0,1,0,1,0,1,0,1,0,1,0,0,0,1,1,0
0,2.235112188621971,0,0,0.9110114924014238,1,1.0,1,1.161027641199644,0,1,1,0,0,0,0,0,0,1,0,0,0,1,0,1,0,1,0,2,2
0,-0.4474048350192824,0,0,-0.9220589829513843,1,1.0,1,-1.521437870695112,0,0,0,1,1,0,1,0,1,0,1,0,1,0,1,0,0,0,1,0,0
0,-0.4474048350192824,1,0,1.0332161907582778,1,0.0,1,0.005938712595644461,0,0,0,0,0,1,0,1,0,0,0,0,0,1,0,0,1,0,0,2,1
1,-0.4474048350192824,0,0,-1.2072032791173766,0,0.0,1,-0.8283845135327121,1,0,0,0,0,0,0,0,0,1,0,0,0,1,0,0,0,0,1,0,1
1,2.235112188621971,1,0,0.21851820171258518,1,0.0,1,1.2474515610376409,0,1,1,0,0,0,0,1,0,1,0,0,0,1,0,1,0,1,0,2,2
1,-0.4474048350192824,1,0,0.992481291305993,0,2.0,1,-0.2516710484599238,1,0,0,0,0,0,0,1,0,1,0,1,0,1,0,1,0,0,0,2,1
0,-0.4474048350192824,1,0,1.1961557885674161,1,2.0,1,0.23030850448275228,0,0,0,0,0,1,0,1,0,1,0,0,0,1,0,0,1,0,0,2,2
1,-0.4474048350192824,0,0,0.5036624978785775,0,1.0,0,-0.7569185798205222,1,0,0,0,0,1,0,0,0,1,0,1,0,0,0,0,0,0,0,2,1
1,-0.4474048350192824,0,0,-1.2072032791173766,1,0.0,0,0.31340842740390334,0,1,1,0,0,0,0,0,0,0,0,0,0,0,0,0,0,1,0,0,2
1,2.235112188621971,1,0,1.6035047830902625,1,2.0,0,0.31008443048705747,0,0,0,0,0,1,0,1,0,1,0,1,0,1,0,0,0,0,0,2,2
1,2.235112188621971,1,0,1.6035047830902625,1,2.0,0,1.106181692071684,0,1,1,0,0,0,0,1,0,0,0,0,0,1,0,1,0,0,0,2,2
0,-0.4474048350192824,0,0,0.13704840280801595,1,1.0,1,1.320579493208254,0,1,1,0,0,0,0,1,0,1,0,0,0,1,0,1,0,0,0,2,2
1,-0.4474048350192824,0,1,-1.1257334802128074,1,0.0,0,-1.4915218984434973,0,0,0,1,1,0,1,0,1,0,1,0,1,0,1,0,0,0,1,0,0
1,-0.4474048350192824,0,1,-0.2295656922625457,1,2.0,0,-1.5081418830277276,0,0,0,1,1,0,1,0,1,0,1,0,1,0,1,0,1,0,0,2,0
0,-0.4474048350192824,1,0,-0.4332401895239688,1,0.0,1,0.4962282578304356,0,0,1,0,0,0,0,0,0,0,0,0,0,1,0,0,1,0,0,1,2
0,2.235112188621971,1,0,-0.636914686785392,1,0.0,1,0.6740620928816987,0,1,1,0,0,1,0,0,0,1,0,0,0,0,0,0,0,0,0,1,2
0,-0.4474048350192824,0,0,0.13704840280801595,1,0.0,1,0.9881798015236497,0,0,1,0,0,0,0,1,0,0,0,0,0,1,0,1,1,0,0,2,2
0,-0.4474048350192824,0,0,0.5443973973308622,1,0.0,0,0.6374981267963924,0,1,1,0,0,1,0,1,0,0,0,0,0,0,0,0,0,0,1,2,2
0,2.235112188621971,1,0,1.5627698836379778,1,2.0,1,0.5194962362483581,0,1,1,0,0,1,0,0,0,0,0,0,0,0,0,0,1,0,0,2,2
1,-0.4474048350192824,0,0,-1.288673078021946,1,0.0,0,0.16216656768740853,0,0,1,0,0,0,0,0,0,0,0,0,0,0,0,0,0,1,0,0,1
1,-0.4474048350192824,0,0,0.21851820171258518,1,1.0,0,0.1837725476469075,0,0,0,0,0,1,0,1,0,0,0,1,0,1,0,0,0,0,1,2,2
0,-0.4474048350192824,0,0,-0.6776495862376766,1,0.0,0,0.3333524089049794,0,0,1,0,0,0,0,1,0,0,0,0,0,0,0,0,0,0,0,1,2
0,-0.4474048350192824,1,0,0.7073369951400007,1,1.0,0,1.4452293775899805,0,1,1,0,0,1,0,1,0,0,0,1,0,1,0,1,0,1,0,2,2
0,-0.4474048350192824,1,1,1.31836048692427,1,0.0,1,1.3438474716261763,0,1,1,0,0,0,0,1,0,1,0,0,0,1,0,1,0,1,0,2,2
0,-0.4474048350192824,0,0,-1.2072032791173766,1,0.0,0,-1.5131278784029967,0,0,0,1,1,0,1,0,1,0,1,0,1,0,1,0,0,1,0,0,0
0,-0.4474048350192824,1,1,-0.9220589829513843,1,1.0,1,0.027544692555143923,0,0,0,0,0,0,0,1,0,1,0,0,0,0,0,1,0,0,1,0,1
0,-0.4474048350192824,1,0,0.4221926989740083,0,0.0,0,-1.0328103239187436,1,0,0,0,0,1,0,0,0,0,0,1,0,0,0,0,0,0,0,2,0
1,2.235112188621971,1,0,0.7888067940445699,1,0.0,1,1.300635511707178,0,1,1,0,0,1,0,0,0,1,0,0,0,1,0,1,0,1,0,2,2
1,-0.4474048350192824,1,0,1.1554208891151316,1,0.0,1,1.3671154500440987,0,1,1,0,0,1,0,1,0,0,0,0,0,1,0,1,0,1,0,2,2
1,2.235112188621971,1,0,0.992481291305993,1,0.0,0,1.18097162270072,0,1,1,0,0,0,0,0,0,1,0,0,0,1,0,1,0,1,0,2,2
1,-0.4474048350192824,0,0,-0.2703005917148303,1,0.0,1,0.6873580805490831,0,0,1,0,0,0,0,1,0,0,0,0,0,1,0,0,0,1,0,2,2
0,-0.4474048350192824,0,0,0.9110114924014238,1,1.0,1,0.6374981267963924,0,1,1,0,0,1,0,0,0,1,0,0,0,0,0,0,1,0,0,2,2
1,-0.4474048350192824,0,0,-1.288673078021946,1,0.0,0,-0.6655086646072561,0,0,0,0,0,0,0,0,0,0,0,0,0,0,0,0,0,0,1,0,1
1,-0.4474048350192824,1,1,-1.166468379665092,1,0.0,1,0.14887058002002418,0,0,1,0,0,0,0,0,0,0,0,0,0,0,0,0,0,0,1,0,1
1,2.235112188621971,0,0,0.7888067940445699,1,0.0,1,1.5183573097605936,0,1,1,0,0,0,0,1,0,1,0,1,0,1,0,1,0,1,0,2,2
1,2.235112188621971,1,1,1.4405651852811239,1,1.0,1,1.3986934207541362,0,1,1,0,0,0,0,0,0,1,0,1,0,1,0,1,1,0,0,2,2
0,-0.4474048350192824,0,0,-0.840589184046815,1,0.0,1,-0.6655086646072561,0,0,0,0,0,0,0,0,0,0,0,0,0,0,0,0,0,1,0,0,1
1,-0.4474048350192824,0,0,0.7480718945922853,1,0.0,0,0.6092441530032012,0,1,1,0,0,0,0,0,0,0,0,0,0,0,0,1,0,0,0,2,2
0,2.235112188621971,0,0,0.666602095687716,1,1.0,0,1.2607475487050253,0,1,1,0,0,1,0,1,0,1,0,1,0,0,0,1,0,0,0,2,2
0,2.235112188621971,0,0,-0.7591193851422458,1,0.0,0,0.45800229328670594,0,0,1,0,0,1,0,1,0,0,0,0,0,0,0,0,0,1,0,1,2
1,-0.4474048350192824,1,0,1.5627698836379778,1,2.0,1,1.4468913760484035,0,1,1,0,0,0,0,1,0,1,0,1,0,1,0,1,1,0,0,2,2
0,-0.4474048350192824,1,1,-0.636914686785392,1,1.0,0,-1.4732399154008442,0,0,0,1,1,0,1,0,1,0,1,0,1,0,1,0,0,0,1,1,0
1,-0.4474048350192824,0,0,-1.288673078021946,1,0.0,1,0.1837725476469075,0,0,1,0,0,0,0,0,0,0,0,0,0,0,0,0,0,0,1,0,2
1,-0.4474048350192824,1,1,0.9110114924014238,1,2.0,0,-0.25000905000150087,0,0,0,0,0,1,0,1,0,0,0,1,0,0,0,0,0,0,0,2,1
1,-0.4474048350192824,0,0,-1.288673078021946,1,0.0,1,-1.3319700464348874,0,1,0,1,1,0,1,0,1,0,1,0,1,0,1,0,0,0,1,0,0
1,-0.4474048350192824,0,0,0.09631350335573131,1,1.0,0,-1.292082083432735,0,1,0,1,1,0,1,0,1,0,1,0,1,0,1,0,0,0,0,2,0
1,2.235112188621971,0,0,-1.288673078021946,1,0.0,0,-0.6638466661488329,0,0,0,0,0,0,0,0,0,0,0,0,0,0,0,0,0,1,0,0,1
0,-0.4474048350192824,0,1,1.3590953863765547,1,2.0,1,0.8602059202250774,0,1,1,0,0,1,0,0,0,1,0,1,0,0,0,0,1,0,0,2,2
0,2.235112188621971,1,0,1.31836048692427,1,0.0,0,1.3355374793340613,0,1,1,0,0,1,0,0,0,1,0,0,0,1,0,1,0,0,0,2,2
0,-0.4474048350192824,0,0,-0.31103549116711493,1,0.0,1,0.024220695638297596,0,0,0,0,0,0,0,1,0,0,0,1,0,0,0,1,0,0,0,2,1
0,2.235112188621971,0,0,0.3814577995217237,1,0.0,0,-0.3131649914215756,0,1,0,0,0,0,0,0,0,1,0,0,0,0,0,0,0,1,0,2,1
1,-0.4474048350192824,1,1,0.3814577995217237,1,2.0,0,-1.5197758722366888,0,0,0,1,1,0,1,0,1,0,1,0,1,0,1,0,0,0,1,2,0
0,-0.4474048350192824,1,0,1.0332161907582778,1,2.0,1,0.6391601252548154,0,1,0,0,0,1,0,0,0,1,0,1,0,1,0,1,0,1,0,2,2
0,-0.4474048350192824,1,0,1.2368906880197008,1,1.0,1,1.4103274099630971,0,1,1,0,0,0,0,1,0,1,0,0,0,1,0,1,0,1,0,2,2
1,2.235112188621971,1,0,1.2368906880197008,1,1.0,1,0.6291881345042774,0,0,0,0,0,1,0,1,0,1,0,1,0,1,0,1,0,0,0,2,2
1,-0.4474048350192824,1,1,-0.025891195001122566,1,2.0,0,-1.533071859904073,0,0,0,1,1,0,1,0,1,0,1,0,1,0,1,0,0,0,1,2,0
1,-0.4474048350192824,1,0,0.7480718945922853,1,2.0,1,0.33667640582182573,0,1,0,0,0,0,0,0,0,0,0,1,0,1,0,1,0,0,0,2,2
1,-0.4474048350192824,1,0,1.3998302858288394,1,2.0,1,1.5366392928032466,0,1,1,0,0,0,0,1,0,1,0,1,0,1,0,1,0,0,0,2,2
0,-0.4474048350192824,1,1,1.2368906880197008,1,2.0,0,-1.5197758722366888,0,0,0,1,1,0,1,0,1,0,1,0,1,0,1,0,0,1,0,2,0
0,-0.4474048350192824,0,0,-0.7183844856899612,1,0.0,0,-0.5391967817671064,0,0,0,0,0,0,0,1,0,0,0,0,0,0,0,0,0,1,0,1,1
1,-0.4474048350192824,0,0,-1.288673078021946,1,0.0,1,0.30676043357021116,0,0,1,0,0,0,0,0,0,0,0,1,0,0,0,0,0,0,1,0,2
0,-0.4474048350192824,0,0,-1.0442636813082382,1,1.0,0,-1.5014938891940355,0,0,0,1,1,0,1,0,1,0,1,0,1,0,1,0,0,0,1,0,0
1,-0.4474048350192824,1,1,1.3998302858288394,1,1.0,0,0.8136699633892326,0,1,1,0,0,1,0,1,0,0,0,1,0,0,0,0,0,1,0,2,2
0,-0.4474048350192824,0,0,0.17778330226030056,1,1.0,0,0.4978902562888586,0,0,1,0,0,0,0,1,0,1,0,0,0,0,0,0,0,1,0,2,2
1,-0.4474048350192824,0,1,-0.39250529007168417,1,0.0,0,-0.36302494517426626,0,0,0,0,0,0,0,1,0,0,0,1,0,0,0,0,0,1,0,1,1
1,-0.4474048350192824,0,0,-0.9220589829513843,1,0.0,1,-0.35139095596530506,0,1,0,0,0,1,0,0,0,0,0,0,0,0,0,0,1,0,0,0,1
1,2.235112188621971,1,0,0.992481291305993,1,1.0,1,0.20039253223113773,0,1,0,0,0,0,0,1,0,1,0,0,0,1,0,0,1,0,0,2,2
1,-0.4474048350192824,0,0,-0.8813240834990996,1,0.0,1,0.2801684582354429,0,0,1,0,0,1,0,0,0,0,0,0,0,0,0,0,0,1,0,0,2
0,2.235112188621971,0,0,1.1961557885674161,1,1.0,0,0.6441461206300846,0,1,1,0,0,0,0,0,0,0,0,0,0,1,0,0,0,1,0,2,2
0,-0.4474048350192824,1,1,1.5220349841856933,1,2.0,1,0.1372365908110632,0,1,0,0,0,1,0,1,0,0,0,0,0,1,0,0,1,0,0,2,1
1,-0.4474048350192824,1,1,-0.8813240834990996,1,0.0,1,0.30842243202863406,0,1,1,0,0,0,0,0,0,0,0,0,0,0,0,0,0,1,0,0,2
0,2.235112188621971,1,0,1.6035047830902625,1,2.0,1,1.5732032588885534,0,1,1,0,0,1,0,1,0,1,0,0,0,1,0,1,0,1,0,2,2
1,2.235112188621971,0,0,0.21851820171258518,1,0.0,0,0.9865178030652269,0,1,1,0,0,0,0,0,0,0,0,0,0,1,0,1,0,1,0,2,2
1,-0.4474048350192824,1,1,-0.06662609445340718,1,0.0,1,-1.4765639123176904,0,0,0,1,1,0,1,0,1,0,1,0,1,0,1,0,0,1,0,2,0
0,-0.4474048350192824,0,0,1.114685989662847,1,2.0,0,-1.5031558876524584,0,0,0,1,1,0,1,0,1,0,1,0,1,0,1,0,0,0,0,2,0
0,-0.4474048350192824,0,0,-1.288673078021946,1,0.0,0,-1.5147898768614196,0,0,0,1,1,0,1,0,1,0,1,0,1,0,1,0,0,0,1,0,0
0,-0.4474048350192824,1,1,0.6258671962354314,1,1.0,0,0.15385657539529343,0,0,0,0,0,1,0,0,0,1,0,1,0,1,0,0,0,0,0,2,1
0,-0.4474048350192824,0,0,-1.288673078021946,1,0.0,1,-0.6970866353172933,0,0,0,0,0,0,0,0,0,0,0,0,0,0,0,0,0,1,0,0,1
1,-0.4474048350192824,1,1,-0.9627938824036689,1,0.0,1,0.4746222778709362,0,1,1,0,0,0,0,0,0,1,0,0,0,0,0,0,0,0,0,0,2
0,-0.4474048350192824,1,1,0.05557860390344668,1,1.0,1,-1.4948458953603434,0,0,0,1,1,0,1,0,1,0,1,0,1,0,1,0,0,0,0,2,0
1,-0.4474048350192824,1,1,1.6035047830902625,1,2.0,1,0.855219924849808,0,1,0,0,0,1,0,1,0,1,0,1,0,1,0,1,1,0,0,2,2
1,-0.4474048350192824,0,0,1.4405651852811239,1,1.0,0,0.4829322701630513,0,0,1,0,0,0,0,1,0,1,0,0,0,0,0,0,1,0,0,2,2
0,-0.4474048350192824,0,0,-0.39250529007168417,1,1.0,1,-1.5098038814861507,0,0,0,1,1,0,1,0,1,0,1,0,1,0,1,0,1,0,0,1,0
0,-0.4474048350192824,0,0,-0.47397508897625346,0,2.0,0,-0.9962463578334371,1,0,0,0,0,1,0,0,0,0,0,1,0,0,0,0,0,0,1,1,1
1,-0.4474048350192824,1,0,1.5627698836379778,1,2.0,0,0.002614715678798608,0,1,0,0,0,1,0,1,0,0,0,1,0,0,0,0,0,0,0,2,1
0,-0.4474048350192824,1,0,1.114685989662847,0,1.0,0,-0.499308818764954,1,0,0,0,0,1,0,1,0,1,0,0,0,0,0,1,0,1,0,2,1
1,-0.4474048350192824,1,1,-0.636914686785392,1,0.0,1,0.13058859697737102,0,0,1,0,0,0,0,0,0,0,0,0,0,0,0,0,0,1,0,1,1
0,-0.4474048350192824,1,0,-1.288673078021946,1,0.0,1,-1.4765639123176904,0,0,0,1,1,0,1,0,1,0,1,0,1,0,1,0,0,0,1,0,0
0,-0.4474048350192824,1,1,-0.4332401895239688,1,0.0,0,0.605920156086355,0,0,1,0,0,0,0,1,0,0,0,0,0,0,0,1,0,1,0,1,2
0,-0.4474048350192824,0,0,-0.2703005917148303,1,0.0,1,-0.3430809636731899,0,0,0,0,0,0,0,1,0,1,0,0,0,0,0,0,1,0,0,2,1
0,-0.4474048350192824,0,0,1.6035047830902625,1,2.0,1,0.6524561129221997,0,1,1,0,0,1,0,0,0,0,0,1,0,0,0,0,0,0,0,2,2
1,-0.4474048350192824,1,0,-0.47397508897625346,1,0.0,1,1.5333152958864007,0,1,1,0,0,0,0,1,0,1,0,1,0,1,0,1,0,1,0,1,2
0,-0.4474048350192824,1,1,1.0739510902105622,1,0.0,1,1.0496737444853017,0,1,1,0,0,0,0,1,0,0,0,1,0,0,0,1,0,0,0,2,2
0,-0.4474048350192824,1,1,0.992481291305993,1,2.0,1,-1.4948458953603434,0,0,0,1,1,0,1,0,1,0,1,0,1,0,1,0,0,0,0,2,0
1,-0.4474048350192824,0,1,0.17778330226030056,1,2.0,0,-0.12037317024450503,0,0,0,0,0,1,0,1,0,0,0,1,0,0,0,0,1,0,0,2,1
1,-0.4474048350192824,1,0,1.31836048692427,1,0.0,1,0.8502339294745392,0,1,1,0,0,0,0,1,0,0,0,0,0,0,0,1,0,1,0,2,2
1,-0.4474048350192824,1,1,1.2368906880197008,0,2.0,0,-0.8549764888674803,1,0,0,0,0,0,0,1,0,1,0,1,0,0,0,0,0,0,0,2,1
0,-0.4474048350192824,0,0,0.4221926989740083,1,0.0,1,0.8834738986429997,0,0,1,0,0,0,0,1,0,1,0,0,0,1,0,0,0,1,0,2,2
0,-0.4474048350192824,0,0,-1.0442636813082382,0,0.0,1,-0.830046511991135,1,0,0,0,0,0,0,1,0,0,0,0,0,0,0,1,1,0,0,0,1
0,2.235112188621971,1,0,1.4813000847334086,1,2.0,0,1.3405234747093304,0,1,1,0,0,0,0,1,0,0,0,1,0,1,0,1,1,0,0,2,2
0,-0.4474048350192824,0,0,-0.14809589335797643,1,0.0,1,0.03419268638883563,0,1,0,0,0,1,0,0,0,0,0,0,0,0,0,1,0,1,0,2,1
0,-0.4474048350192824,0,0,-0.31103549116711493,1,0.0,1,-1.5247618676119576,0,0,0,1,1,0,1,0,1,0,1,0,1,0,1,0,1,0,0,2,0
0,-0.4474048350192824,0,0,-0.9627938824036689,1,0.0,1,0.6724000944232758,0,0,1,0,0,0,0,0,0,1,0,0,0,0,0,1,1,0,0,0,2
1,-0.4474048350192824,1,0,-0.31103549116711493,1,0.0,0,-0.3164889883384217,0,1,0,0,0,0,0,0,0,1,0,0,0,0,0,0,1,0,0,2,1
0,-0.4474048350192824,1,0,-1.0035287818559535,1,0.0,1,0.6690760975064299,0,1,1,0,0,0,0,0,0,0,0,0,0,0,0,1,1,0,0,0,2
0,-0.4474048350192824,0,0,-0.31103549116711493,1,2.0,0,-1.5048178861108816,0,0,0,1,1,0,1,0,1,0,1,0,1,0,1,0,1,0,0,2,0
1,-0.4474048350192824,0,0,1.5627698836379778,1,2.0,1,0.7089640605085825,0,1,1,0,0,0,0,0,0,1,0,1,0,0,0,0,1,0,0,2,2
1,-0.4474048350192824,0,0,-0.9627938824036689,1,0.0,1,0.6790480882569679,0,1,1,0,0,0,0,0,0,0,0,0,0,1,0,0,0,1,0,0,2
0,-0.4474048350192824,0,0,1.114685989662847,1,0.0,1,1.325565488583523,0,0,1,0,0,1,0,0,0,1,0,1,0,1,0,1,0,0,0,2,2
1,-0.4474048350192824,1,0,1.2368906880197008,1,1.0,0,0.4962282578304356,0,1,0,0,0,1,0,1,0,1,0,1,0,0,0,1,1,0,0,2,2
1,-0.4474048350192824,1,0,-0.14809589335797643,0,0.0,1,-0.6372546908140647,1,0,0,0,0,0,0,0,0,0,0,0,0,1,0,1,0,1,0,2,1
0,-0.4474048350192824,0,0,-0.9220589829513843,1,0.0,0,-0.6588606707735639,0,0,0,0,0,0,0,0,0,0,0,0,0,0,0,0,0,0,1,0,1
1,-0.4474048350192824,0,0,0.17778330226030056,1,1.0,1,1.310607502457716,0,1,1,0,0,0,0,1,0,0,0,1,0,1,0,1,1,0,0,2,2
0,-0.4474048350192824,0,0,0.17778330226030056,1,1.0,1,-1.5048178861108816,0,0,0,1,1,0,1,0,1,0,1,0,1,0,1,0,0,1,0,2,0
1,-0.4474048350192824,1,1,-1.288673078021946,1,0.0,1,0.8319519464318856,0,0,1,0,0,0,0,0,0,0,0,0,0,1,0,1,0,1,0,0,2
0,-0.4474048350192824,1,0,1.4405651852811239,0,1.0,1,-0.3547149528821511,1,0,0,0,0,1,0,0,0,1,0,0,0,1,0,1,0,1,0,2,1
0,-0.4474048350192824,1,1,1.6035047830902625,1,2.0,0,0.12227860468525592,0,0,0,0,0,1,0,1,0,1,0,0,0,0,0,1,1,0,0,2,1
0,2.235112188621971,1,0,1.3590953863765547,1,0.0,1,1.1876196165344122,0,1,1,0,0,0,0,1,0,0,0,0,0,1,0,1,0,1,0,2,2
1,-0.4474048350192824,0,0,0.2592531011648698,0,0.0,1,-0.5358727848502602,1,0,0,0,0,1,0,1,0,0,0,1,0,1,0,0,1,0,0,2,1
0,-0.4474048350192824,1,0,0.5851322967831468,1,0.0,1,-0.2151070823746173,0,0,0,0,0,0,0,1,0,0,0,0,0,1,0,0,0,0,0,2,1
0,-0.4474048350192824,1,1,-1.288673078021946,1,2.0,0,-1.4865359030682284,0,0,0,1,1,0,1,0,1,0,1,0,1,0,1,0,0,0,1,0,0
0,-0.4474048350192824,0,0,1.6035047830902625,1,2.0,1,1.4286093930057502,0,1,1,0,0,0,0,1,0,1,0,1,0,1,0,1,1,0,0,2,2
1,-0.4474048350192824,1,1,-0.2703005917148303,1,1.0,1,-1.4965078938187666,0,0,0,1,1,0,1,0,1,0,1,0,1,0,1,0,0,0,0,2,0
0,-0.4474048350192824,0,0,-1.0849985807605227,1,0.0,1,-0.51925280026603,0,0,0,0,0,1,0,0,0,0,0,0,0,0,0,0,0,1,0,0,1
1,-0.4474048350192824,1,0,0.014843704451162058,1,0.0,1,0.9399818462293821,0,1,1,0,0,0,0,1,0,1,0,0,0,0,0,1,0,1,0,2,2
0,2.235112188621971,1,0,1.5220349841856933,1,1.0,1,1.3455094700845993,0,1,1,0,0,0,0,1,0,0,0,1,0,1,0,1,0,0,0,2,2
0,2.235112188621971,0,0,0.5036624978785775,1,1.0,1,1.2324935749118342,0,1,1,0,0,0,0,0,0,1,0,0,0,1,0,1,0,0,0,2,2
1,-0.4474048350192824,1,0,1.5627698836379778,1,2.0,1,1.1277876720311837,0,1,1,0,0,1,0,1,0,1,0,0,0,1,0,0,0,1,0,2,2
1,-0.4474048350192824,1,0,1.5220349841856933,1,2.0,0,-1.5031558876524584,0,0,0,1,1,0,1,0,1,0,1,0,1,0,1,0,1,0,0,2,0
0,2.235112188621971,0,0,-1.0035287818559535,1,0.0,1,0.29845044127809606,0,0,1,0,0,0,0,0,0,1,0,0,0,0,0,0,0,0,0,0,2
1,-0.4474048350192824,1,0,1.6035047830902625,1,2.0,1,1.1410836596985678,0,1,1,0,0,0,0,1,0,0,0,0,0,1,0,1,0,1,0,2,2
1,-0.4474048350192824,1,1,0.5851322967831468,1,2.0,0,-1.3469280325606947,0,1,0,1,1,0,1,0,1,0,1,0,1,0,1,0,0,0,1,2,0
0,-0.4474048350192824,1,1,-0.025891195001122566,1,0.0,0,0.8153319618476554,0,1,1,0,0,1,0,0,0,0,0,0,0,1,0,0,0,1,0,2,2
0,-0.4474048350192824,0,0,0.5851322967831468,1,2.0,1,-1.4798879092345363,0,0,0,1,1,0,1,0,1,0,1,0,1,0,1,0,0,0,1,2,0
1,2.235112188621971,0,0,-0.9220589829513843,1,0.0,1,0.2585624782759435,0,0,1,0,0,0,0,1,0,0,0,0,0,0,0,0,0,1,0,0,2
0,-0.4474048350192824,1,1,0.992481291305993,1,1.0,1,0.1671525630626773,0,0,0,0,0,1,0,0,0,0,0,0,0,1,0,1,0,0,0,2,2
0,-0.4474048350192824,1,1,1.6035047830902625,1,2.0,0,0.6724000944232758,0,0,0,0,0,1,0,1,0,1,0,1,0,1,0,1,0,0,0,2,2
1,-0.4474048350192824,0,0,-0.2295656922625457,1,0.0,1,0.13225059543579396,0,0,1,0,0,0,0,0,0,0,0,0,0,0,0,0,0,0,1,2,1
1,-0.4474048350192824,0,0,-1.0849985807605227,1,0.0,0,-0.18685310858142587,0,0,0,0,0,0,0,1,0,0,0,0,0,1,0,0,0,1,0,0,1
1,-0.4474048350192824,0,0,-1.166468379665092,1,0.0,0,-0.5259007940997222,0,0,0,0,0,0,0,1,0,0,0,0,0,0,0,0,0,0,1,0,1
1,-0.4474048350192824,0,0,-1.2479381785696613,1,0.0,1,0.6956680728411981,0,1,1,0,0,0,0,0,0,0,0,0,0,0,0,1,0,1,0,0,2
1,-0.4474048350192824,0,0,-1.2072032791173766,1,0.0,1,0.6724000944232758,0,1,1,0,0,0,0,0,0,0,0,0,0,0,0,1,0,1,0,0,2
1,-0.4474048350192824,0,0,-1.288673078021946,1,0.0,1,-0.4959848218481079,0,1,0,0,0,0,0,0,0,0,0,0,0,0,0,0,0,1,0,0,1
1,-0.4474048350192824,0,0,-1.2072032791173766,1,0.0,1,0.31008443048705747,0,1,1,0,0,0,0,0,0,0,0,0,0,0,0,0,0,1,0,0,2
0,-0.4474048350192824,1,0,0.9110114924014238,1,2.0,0,-0.27493902687784616,0,0,0,0,0,1,0,1,0,0,0,1,0,0,0,0,0,0,1,2,1
0,-0.4474048350192824,1,0,-0.5554448878808227,1,0.0,1,0.7239220466343893,0,1,1,0,0,0,0,0,0,0,0,0,0,1,0,0,0,1,0,1,2
1,-0.4474048350192824,1,0,1.6035047830902625,1,2.0,0,1.6862191540613185,0,1,1,0,0,1,0,1,0,1,0,1,0,1,0,1,1,0,0,2,2
1,-0.4474048350192824,1,1,0.3814577995217237,1,1.0,0,0.268534469026482,0,0,0,0,0,0,0,0,0,1,0,1,0,1,0,1,0,1,0,2,2
1,-0.4474048350192824,1,1,-0.31103549116711493,1,0.0,0,-0.3580389497989972,0,0,0,0,0,1,0,0,0,0,0,1,0,0,0,0,0,1,0,2,1
0,-0.4474048350192824,0,0,0.05557860390344668,1,0.0,1,1.330551483958792,0,0,1,0,0,0,0,1,0,1,0,1,0,1,0,1,0,1,0,2,2
1,-0.4474048350192824,1,0,-0.39250529007168417,1,1.0,0,-1.521437870695112,0,0,0,1,1,0,1,0,1,0,1,0,1,0,1,0,1,0,0,1,0
1,-0.4474048350192824,1,0,0.7480718945922853,1,1.0,1,1.5449492850953617,0,1,1,0,0,1,0,0,0,1,0,1,0,1,0,1,0,1,0,2,2
0,-0.4474048350192824,0,0,-0.9627938824036689,1,0.0,1,0.39152235494978516,0,1,1,0,0,0,0,0,0,0,0,0,0,0,0,0,0,1,0,0,2
1,-0.4474048350192824,0,0,-1.0849985807605227,1,0.0,1,0.6574421082974685,0,0,1,0,0,0,0,1,0,0,0,0,0,1,0,0,0,1,0,0,2
1,-0.4474048350192824,0,0,0.46292759842629294,1,2.0,0,-1.4848739046098054,0,0,0,1,1,0,1,0,1,0,1,0,1,0,1,0,1,0,0,2,0
1,-0.4474048350192824,0,0,-0.636914686785392,1,1.0,1,-1.5098038814861507,0,0,0,1,1,0,1,0,1,0,1,0,1,0,1,0,0,0,0,1,0
0,2.235112188621971,0,0,-0.7183844856899612,1,0.0,0,0.8236419541397706,0,1,1,0,0,0,0,1,0,0,0,0,0,0,0,1,0,1,0,1,2
0,-0.4474048350192824,0,0,-1.1257334802128074,1,0.0,1,0.6291881345042774,0,1,1,0,0,0,0,0,0,0,0,0,0,1,0,0,0,1,0,0,2
0,-0.4474048350192824,0,0,-0.840589184046815,1,0.0,1,0.8086839680139638,0,0,1,0,0,0,0,0,0,1,0,1,0,0,0,1,0,1,0,0,2
1,-0.4474048350192824,1,0,1.5627698836379778,1,2.0,1,1.3355374793340613,0,0,1,0,0,0,0,1,0,1,0,1,0,1,0,1,0,1,0,2,2
0,-0.4474048350192824,0,0,1.1554208891151316,1,2.0,0,0.8169939603060788,0,1,0,0,0,1,0,1,0,1,0,1,0,1,0,1,0,1,0,2,2
1,-0.4474048350192824,1,0,1.3998302858288394,0,2.0,1,-0.46939284651333946,1,0,0,0,0,1,0,1,0,0,0,1,0,0,0,1,0,0,0,2,1
0,-0.4474048350192824,1,1,-1.2072032791173766,1,0.0,1,0.5062002485809737,0,0,1,0,0,0,0,0,0,0,0,0,0,0,0,1,0,1,0,0,2
0,-0.4474048350192824,0,0,-1.166468379665092,1,0.0,1,-1.4931838969019204,0,0,0,1,1,0,1,0,1,0,1,0,1,0,1,0,1,0,0,0,0
1,-0.4474048350192824,0,0,-1.288673078021946,1,0.0,0,-1.521437870695112,0,0,0,1,1,0,1,0,1,0,1,0,1,0,1,0,1,0,0,0,0
0,2.235112188621971,1,0,1.3998302858288394,1,1.0,1,1.3405234747093304,0,1,1,0,0,1,0,1,0,1,0,1,0,0,0,1,1,0,0,2,2
0,2.235112188621971,1,0,1.6035047830902625,1,2.0,1,1.4851173405921332,0,1,1,0,0,1,0,0,0,1,0,1,0,1,0,1,0,0,1,2,2
1,-0.4474048350192824,0,0,-1.0442636813082382,1,0.0,0,-0.02563925811439303,0,0,0,0,0,0,0,0,0,1,0,1,0,1,0,0,0,0,0,0,1
0,-0.4474048350192824,0,0,-0.06662609445340718,1,0.0,1,0.3649303796150169,0,1,1,0,0,0,0,0,0,0,0,0,0,0,0,0,0,1,0,2,2
0,-0.4474048350192824,0,0,-0.39250529007168417,1,0.0,1,-1.5147898768614196,0,0,0,1,1,0,1,0,1,0,1,0,1,0,1,0,0,0,1,1,0
0,-0.4474048350192824,0,0,-0.9220589829513843,1,0.0,1,-1.468253920025575,0,0,0,1,1,0,1,0,1,0,1,0,1,0,1,0,0,0,1,0,0
0,-0.4474048350192824,0,0,-0.6776495862376766,1,1.0,0,-1.5197758722366888,0,0,0,1,1,0,1,0,1,0,1,0,1,0,1,0,1,0,0,1,0
0,2.235112188621971,1,0,-0.18883079281026105,1,0.0,0,-1.308702068016965,0,1,0,1,1,0,1,0,1,0,1,0,1,0,1,0,0,0,1,2,0
0,2.235112188621971,0,0,-1.1257334802128074,1,0.0,1,0.6009341607110862,0,1,1,0,0,0,0,0,0,0,0,0,0,1,0,0,1,0,0,0,2
0,-0.4474048350192824,1,1,0.7480718945922853,1,2.0,0,-1.4998318907356125,0,0,0,1,1,0,1,0,1,0,1,0,1,0,1,0,0,0,1,2,0
0,2.235112188621971,0,0,0.34072290006943906,1,1.0,1,1.1975916072849502,0,0,1,0,0,0,0,0,0,1,0,1,0,1,0,1,0,0,0,2,2
1,2.235112188621971,1,1,1.6035047830902625,0,2.0,1,-0.009019273530162821,1,0,0,0,0,1,0,1,0,1,0,1,0,1,0,1,0,0,0,2,1
0,2.235112188621971,0,0,0.7888067940445699,0,0.0,1,-0.4843508326391467,1,0,0,0,0,0,0,1,0,1,0,1,0,1,0,0,0,1,0,2,1
0,-0.4474048350192824,1,1,-0.7591193851422458,1,0.0,1,0.5261442300820502,0,0,1,0,0,0,0,0,0,0,0,0,0,0,0,1,0,0,0,1,2
0,-0.4474048350192824,1,0,1.2776255874719855,1,0.0,1,1.531653297427978,0,1,1,0,0,0,0,1,0,1,0,1,0,1,0,1,0,1,0,2,2
1,-0.4474048350192824,0,0,1.31836048692427,1,2.0,1,0.3034364366533653,0,1,0,0,0,0,0,1,0,1,0,1,0,0,0,1,1,0,0,2,2
1,-0.4474048350192824,1,0,1.6035047830902625,1,2.0,1,1.4335953883810195,0,1,1,0,0,0,0,1,0,1,0,1,0,1,0,1,0,1,0,2,2
0,-0.4474048350192824,0,0,-1.288673078021946,1,0.0,0,-1.5014938891940355,0,0,0,1,1,0,1,0,1,0,1,0,1,0,1,0,0,0,1,0,0
1,-0.4474048350192824,1,0,-0.9627938824036689,1,0.0,1,0.16549056460425438,0,0,0,0,0,0,0,0,0,1,0,0,0,1,0,1,0,0,1,0,2
0,-0.4474048350192824,1,1,-1.2072032791173766,1,0.0,0,-1.5098038814861507,0,0,0,1,1,0,1,0,1,0,1,0,1,0,1,0,0,0,1,0,0
1,-0.4474048350192824,1,1,-0.840589184046815,1,0.0,1,-0.29155901146207636,0,0,0,0,0,0,0,0,0,0,0,0,0,1,0,0,0,0,1,0,1
1,-0.4474048350192824,0,0,-1.1257334802128074,1,0.0,0,-1.4898598999850743,0,0,0,1,1,0,1,0,1,0,1,0,1,0,1,0,0,0,1,0,0
1,-0.4474048350192824,1,0,1.4813000847334086,1,2.0,1,0.6524561129221997,0,0,0,0,0,1,0,1,0,1,0,1,0,1,0,1,0,0,1,2,2
1,2.235112188621971,1,0,1.4813000847334086,1,0.0,1,0.8269659510566169,0,1,1,0,0,0,0,1,0,0,0,0,0,1,0,0,0,1,0,2,2
1,2.235112188621971,0,0,0.5851322967831468,1,2.0,0,-0.18186711320615687,0,1,0,0,0,0,0,1,0,0,0,1,0,0,0,0,0,0,0,2,1
1,-0.4474048350192824,0,0,1.3590953863765547,1,2.0,0,0.12227860468525592,0,1,0,0,0,1,0,1,0,1,0,1,0,0,0,0,0,0,0,2,1
0,-0.4474048350192824,0,0,-0.6776495862376766,0,0.0,1,-0.8699344749932876,1,0,0,0,0,1,0,0,0,0,0,0,0,1,0,0,0,1,0,1,1
0,-0.4474048350192824,0,0,0.05557860390344668,1,1.0,0,-0.023977259655970105,0,0,0,0,0,1,0,1,0,0,0,0,0,0,0,1,0,1,0,2,1
1,-0.4474048350192824,0,0,0.7888067940445699,1,1.0,0,0.8701779109756154,0,0,1,0,0,1,0,0,0,1,0,0,0,1,0,0,0,1,0,2,2
1,-0.4474048350192824,0,0,-1.2479381785696613,1,0.0,0,0.8535579263913852,0,1,1,0,0,1,0,0,0,0,0,0,0,0,0,1,0,0,1,0,2
0,-0.4474048350192824,1,1,0.34072290006943906,1,2.0,0,0.44470630561932206,0,0,0,0,0,1,0,1,0,0,0,1,0,1,0,1,0,1,0,2,2
1,2.235112188621971,1,0,-0.7183844856899612,1,0.0,1,0.6823720851738138,0,1,1,0,0,0,0,0,0,0,0,0,0,0,0,1,0,0,0,1,2
1,-0.4474048350192824,1,0,1.2368906880197008,1,2.0,0,1.151055650449106,0,0,1,0,0,1,0,0,0,1,0,0,0,1,0,1,1,0,0,2,2
0,-0.4474048350192824,0,0,-1.166468379665092,1,0.0,0,-0.6455646831061798,0,0,0,0,0,0,0,0,0,0,0,0,0,0,0,0,0,0,1,0,1
0,2.235112188621971,1,0,-0.8813240834990996,1,0.0,1,0.592624168418971,0,0,1,0,0,0,0,0,0,0,0,1,0,1,0,0,0,1,0,0,2
0,-0.4474048350192824,0,0,-1.288673078021946,1,0.0,1,-0.5524927694344904,0,0,0,0,0,1,0,0,0,0,0,0,0,0,0,0,0,0,0,0,1
1,-0.4474048350192824,0,0,-1.288673078021946,1,0.0,0,-1.4881979015266515,0,0,0,1,1,0,1,0,1,0,1,0,1,0,1,0,0,0,1,0,0
1,-0.4474048350192824,1,1,1.5627698836379778,1,2.0,0,-1.5164518753198426,0,0,0,1,1,0,1,0,1,0,1,0,1,0,1,0,0,0,1,2,0
0,2.235112188621971,1,0,0.014843704451162058,1,0.0,1,0.5161722393315117,0,1,1,0,0,0,0,1,0,0,0,0,0,0,0,0,0,0,0,2,2
0,-0.4474048350192824,1,1,-1.0035287818559535,1,1.0,1,-1.5064798845693046,0,0,0,1,1,0,1,0,1,0,1,0,1,0,1,0,0,0,1,0,0
1,-0.4474048350192824,1,0,-0.10736099390569181,1,0.0,1,0.9632498246473045,0,1,1,0,0,0,0,0,0,0,0,0,0,1,0,1,1,0,0,2,2
1,-0.4474048350192824,1,1,0.46292759842629294,1,1.0,0,-1.308702068016965,0,1,0,1,1,0,1,0,1,0,1,0,1,0,1,0,0,0,1,2,0
1,-0.4474048350192824,0,0,-0.8813240834990996,1,0.0,1,0.3599443842397481,0,0,1,0,0,0,0,1,0,0,0,0,0,0,0,0,0,0,1,0,2
1,2.235112188621971,1,0,-0.6776495862376766,1,0.0,1,0.8801499017261534,0,0,1,0,0,0,0,0,0,1,0,1,0,0,0,1,0,1,0,1,2
0,-0.4474048350192824,0,0,-1.0849985807605227,1,0.0,1,0.46465028712039813,0,1,1,0,0,1,0,0,0,0,0,0,0,0,0,0,0,1,0,0,2
0,-0.4474048350192824,0,0,-1.288673078021946,1,0.0,1,0.18709654456375382,0,0,1,0,0,0,0,0,0,0,0,0,0,0,0,0,0,0,1,0,2
0,-0.4474048350192824,0,1,-0.39250529007168417,1,1.0,1,-0.51925280026603,0,0,0,0,0,0,0,0,0,0,0,1,0,0,0,0,0,1,0,1,1
0,-0.4474048350192824,1,1,-0.47397508897625346,1,1.0,1,-0.20679709008250216,0,0,0,0,0,0,0,1,0,0,0,0,0,1,0,0,1,0,0,1,1
0,-0.4474048350192824,0,0,-1.288673078021946,1,0.0,0,-1.468253920025575,0,0,0,1,1,0,1,0,1,0,1,0,1,0,1,0,0,0,1,0,0
0,-0.4474048350192824,1,1,1.4813000847334086,1,1.0,1,-1.4865359030682284,0,0,0,1,1,0,1,0,1,0,1,0,1,0,1,0,1,0,0,2,0
0,-0.4474048350192824,1,1,1.3590953863765547,1,2.0,1,-0.2284030700420014,0,0,0,0,0,1,0,1,0,0,0,1,0,0,0,0,1,0,0,2,1
1,2.235112188621971,1,0,0.13704840280801595,1,0.0,1,0.6707380959648528,0,1,1,0,0,0,0,0,0,0,0,0,0,0,0,1,1,0,0,2,2
1,-0.4474048350192824,0,0,1.2368906880197008,1,2.0,1,0.22698450756590643,0,1,0,0,0,1,0,0,0,1,0,1,0,0,0,1,0,0,0,2,2
0,-0.4474048350192824,0,0,-1.0035287818559535,1,0.0,0,0.2020545306895611,0,1,0,0,0,1,0,0,0,0,0,1,0,0,0,1,0,1,0,0,2
0,-0.4474048350192824,0,0,-0.9627938824036689,1,0.0,1,0.3250424166128643,0,0,1,0,0,1,0,0,0,0,0,0,0,0,0,0,0,1,0,0,2
0,2.235112188621971,1,0,-0.2703005917148303,1,0.0,0,0.6607661052143148,0,0,1,0,0,0,0,1,0,0,0,0,0,0,0,1,0,1,0,2,2
1,-0.4474048350192824,1,1,-1.288673078021946,1,0.0,1,0.31340842740390334,0,1,1,0,0,0,0,0,0,0,0,0,0,0,0,0,0,1,0,0,2
0,-0.4474048350192824,1,1,-1.288673078021946,1,0.0,1,0.15718057231213928,0,0,1,0,0,0,0,0,0,0,0,0,0,0,0,0,0,1,0,0,1
0,-0.4474048350192824,0,0,-1.288673078021946,1,0.0,0,0.30842243202863406,0,0,1,0,0,0,0,1,0,0,0,0,0,0,0,0,0,1,0,0,2
1,-0.4474048350192824,1,1,1.5627698836379778,1,1.0,1,0.037516683305681954,0,1,0,0,0,1,0,0,0,0,0,0,0,1,0,0,0,1,0,2,1
0,2.235112188621971,0,0,0.17778330226030056,1,0.0,1,1.0463497475684556,0,1,1,0,0,0,0,0,0,0,0,0,0,1,0,1,0,1,0,2,2
0,-0.4474048350192824,1,1,0.7888067940445699,1,2.0,0,-1.4948458953603434,0,0,0,1,1,0,1,0,1,0,1,0,1,0,1,0,0,0,0,2,0
0,-0.4474048350192824,1,0,-1.1257334802128074,1,0.0,1,0.1289265985189481,0,0,1,0,0,0,0,0,0,0,0,0,0,0,0,0,0,1,0,0,1
1,-0.4474048350192824,1,0,0.7073369951400007,1,1.0,1,1.2923255194150627,0,1,1,0,0,1,0,0,0,1,0,0,0,1,0,1,0,1,0,2,2
1,-0.4474048350192824,1,0,-1.0035287818559535,1,0.0,0,-1.4898598999850743,0,0,0,1,1,0,1,0,1,0,1,0,1,0,1,0,0,0,1,0,0
1,-0.4474048350192824,1,1,1.31836048692427,1,2.0,1,0.14887058002002418,0,1,0,0,0,1,0,1,0,0,0,0,0,0,0,1,0,0,1,2,1
1,-0.4474048350192824,0,0,-0.4332401895239688,1,0.0,1,0.993165796898919,0,0,1,0,0,0,0,1,0,1,0,1,0,0,0,1,0,0,0,1,2
0,-0.4474048350192824,0,0,1.0739510902105622,1,0.0,1,0.604258157627932,0,1,1,0,0,0,0,1,0,1,0,0,0,0,0,0,0,1,0,2,2
1,-0.4474048350192824,0,0,1.4405651852811239,1,1.0,0,1.4419053806731346,0,1,1,0,0,0,0,1,0,1,0,1,0,1,0,1,0,1,0,2,2
0,2.235112188621971,0,0,0.9517463918537085,1,0.0,1,1.0563217383189936,0,1,1,0,0,1,0,1,0,0,0,0,0,0,0,1,0,1,0,2,2
1,-0.4474048350192824,0,0,0.9110114924014238,1,1.0,1,-0.028963255031238883,0,0,0,0,0,0,0,1,0,0,0,1,0,0,0,1,0,1,0,2,1
1,-0.4474048350192824,0,1,-0.47397508897625346,1,0.0,0,-0.6455646831061798,0,0,0,0,0,0,0,0,0,0,0,0,0,0,0,0,0,0,1,1,1
0,-0.4474048350192824,1,0,1.2368906880197008,1,2.0,1,1.4684973560079029,0,1,1,0,0,0,0,1,0,1,0,1,0,1,0,1,0,0,0,2,2
0,2.235112188621971,0,0,-0.7183844856899612,1,0.0,0,0.7953879803465794,0,1,1,0,0,0,0,1,0,0,0,0,0,1,0,0,1,0,0,1,2
1,-0.4474048350192824,0,1,1.1961557885674161,1,2.0,1,1.2956495163319086,0,1,1,0,0,0,0,0,0,1,0,1,0,1,0,1,0,1,0,2,2
0,2.235112188621971,0,0,-1.2072032791173766,1,0.0,1,0.4762842763293596,0,1,1,0,0,0,0,1,0,0,0,0,0,0,0,0,0,1,0,0,2
0,2.235112188621971,1,0,0.8702765929491392,1,1.0,1,1.6795711602276264,0,1,1,0,0,1,0,1,0,1,0,1,0,1,0,1,0,0,0,2,2
1,-0.4474048350192824,1,1,0.666602095687716,1,1.0,1,1.0928857044043003,0,1,1,0,0,0,0,0,0,0,0,1,0,1,0,1,0,1,0,2,2
1,-0.4474048350192824,1,0,1.5220349841856933,1,1.0,0,1.6812331586860498,0,1,1,0,0,1,0,1,0,1,0,1,0,1,0,1,1,0,0,2,2
1,-0.4474048350192824,1,1,-1.288673078021946,1,0.0,0,0.8003739757218487,0,0,1,0,0,0,0,0,0,0,0,0,0,1,0,1,0,0,1,0,2
0,2.235112188621971,0,0,-0.2703005917148303,1,0.0,1,0.45634029482828303,0,0,1,0,0,0,0,0,0,0,0,0,0,0,0,1,0,1,0,2,2
1,-0.4474048350192824,1,1,1.4813000847334086,1,2.0,1,1.327227487041946,0,1,1,0,0,0,0,1,0,1,0,0,0,1,0,1,0,1,0,2,2
0,-0.4474048350192824,0,0,-1.2072032791173766,1,0.0,0,-1.4915218984434973,0,0,0,1,1,0,1,0,1,0,1,0,1,0,1,0,0,1,0,0,0
0,2.235112188621971,0,0,0.666602095687716,1,0.0,0,1.2125495934107575,0,1,1,0,0,1,0,0,0,0,0,0,0,1,0,1,1,0,0,2,2
1,-0.4474048350192824,0,0,-1.0442636813082382,1,0.0,1,1.1543796473659518,0,1,1,0,0,0,0,1,0,0,0,0,0,1,0,1,0,1,0,0,2
1,-0.4474048350192824,1,1,1.3998302858288394,1,1.0,1,0.142222586186332,0,1,0,0,0,1,0,1,0,1,0,1,0,0,0,0,1,0,0,2,1
1,-0.4474048350192824,1,1,-0.025891195001122566,1,0.0,1,-1.5164518753198426,0,0,0,1,1,0,1,0,1,0,1,0,1,0,1,0,1,0,0,2,0
1,2.235112188621971,0,0,-1.166468379665092,1,0.0,0,0.3416624011970945,0,0,1,0,0,1,0,0,0,0,0,0,0,0,0,0,0,1,0,0,2
0,-0.4474048350192824,1,0,0.8702765929491392,1,2.0,0,-1.4965078938187666,0,0,0,1,1,0,1,0,1,0,1,0,1,0,1,0,1,0,0,2,0
0,-0.4474048350192824,1,1,1.6035047830902625,1,2.0,1,-1.4749019138592672,0,0,0,1,1,0,1,0,1,0,1,0,1,0,1,0,0,0,1,2,0
1,-0.4474048350192824,1,1,-0.7998542845945305,1,0.0,1,1.0496737444853017,0,0,1,0,0,0,0,0,0,1,0,0,0,1,0,1,0,0,1,1,2
1,-0.4474048350192824,0,0,1.3998302858288394,1,1.0,1,1.7709810754408926,0,1,1,0,0,1,0,1,0,1,0,1,0,1,0,1,0,0,0,2,2
0,-0.4474048350192824,0,0,0.5851322967831468,1,2.0,0,-1.4931838969019204,0,0,0,1,1,0,1,0,1,0,1,0,1,0,1,0,0,0,1,2,0
1,-0.4474048350192824,0,0,0.7888067940445699,1,2.0,1,0.8036979726386945,0,1,0,0,0,1,0,1,0,1,0,1,0,1,0,1,0,0,1,2,2
0,-0.4474048350192824,1,1,-0.9220589829513843,1,0.0,0,0.6940060743827752,0,1,1,0,0,0,0,0,0,0,0,0,0,0,0,1,0,1,0,0,2
1,-0.4474048350192824,1,1,-0.025891195001122566,0,1.0,1,-0.9580203932897077,1,0,0,0,0,0,0,0,0,1,0,1,0,0,0,0,0,0,1,2,1
1,-0.4474048350192824,0,0,-1.288673078021946,1,0.0,0,-0.5691127540187206,0,0,0,0,0,1,0,0,0,0,0,0,0,0,0,0,0,1,0,0,1
1,-0.4474048350192824,1,1,1.0739510902105622,1,2.0,1,1.1444076566154138,0,1,1,0,0,0,0,0,0,1,0,0,0,1,0,1,1,0,0,2,2
0,-0.4474048350192824,0,0,-0.31103549116711493,1,0.0,1,0.3682543765318632,0,0,0,0,0,1,0,0,0,0,0,1,0,1,0,1,1,0,0,2,2
0,-0.4474048350192824,0,0,-0.840589184046815,1,0.0,1,0.8003739757218487,0,1,1,0,0,0,0,1,0,0,0,0,0,0,0,1,0,1,0,0,2
1,-0.4474048350192824,1,0,-0.06662609445340718,1,0.0,1,0.846909932557693,0,1,1,0,0,1,0,1,0,0,0,1,0,0,0,0,1,0,0,2,2
0,2.235112188621971,1,0,-0.840589184046815,1,0.0,1,1.097871699779569,0,1,1,0,0,0,0,1,0,1,0,0,0,1,0,0,0,1,0,0,2
0,-0.4474048350192824,0,0,0.9517463918537085,1,1.0,1,-0.16026113324665764,0,0,0,0,0,1,0,0,0,1,0,1,0,0,0,0,1,0,0,2,1
1,2.235112188621971,1,1,1.3590953863765547,1,1.0,1,1.7011771401871258,0,1,1,0,0,1,0,1,0,1,0,1,0,1,0,1,0,1,0,2,2
1,-0.4474048350192824,1,0,-0.9220589829513843,1,0.0,1,0.6823720851738138,0,1,1,0,0,0,0,0,0,0,0,0,0,1,0,0,0,1,0,0,2
1,-0.4474048350192824,1,1,1.6035047830902625,1,2.0,1,0.5228202331652039,0,0,0,0,0,1,0,0,0,1,0,1,0,1,0,1,0,1,0,2,2
0,-0.4474048350192824,0,0,0.7888067940445699,1,1.0,0,-0.23671306233411651,0,0,0,0,0,1,0,0,0,1,0,1,0,0,0,0,1,0,0,2,1
1,-0.4474048350192824,0,0,-0.9220589829513843,1,0.0,0,-1.4981698922771896,0,0,0,1,1,0,1,0,1,0,1,0,1,0,1,0,1,0,0,0,0
0,-0.4474048350192824,0,0,-1.1257334802128074,1,0.0,1,-0.48102683572230065,0,1,0,0,0,0,0,0,0,0,0,0,0,0,0,0,0,0,1,0,1
1,2.235112188621971,1,0,1.31836048692427,1,1.0,1,0.19540653685586895,0,0,1,0,0,0,0,0,0,0,0,0,0,0,0,0,0,0,0,2,2
1,-0.4474048350192824,0,0,-0.7998542845945305,1,1.0,0,-1.521437870695112,0,0,0,1,1,0,1,0,1,0,1,0,1,0,1,0,1,0,0,1,0
0,-0.4474048350192824,1,1,1.4813000847334086,1,1.0,0,0.6441461206300846,0,1,1,0,0,1,0,0,0,1,0,0,0,0,0,0,0,0,0,2,2
0,-0.4474048350192824,1,1,1.5627698836379778,1,2.0,0,-1.31701206030908,0,1,0,1,1,0,1,0,1,0,1,0,1,0,1,0,0,0,0,2,0
0,-0.4474048350192824,0,0,-0.5961797873331073,1,0.0,1,1.1560416458243747,0,1,1,0,0,0,0,0,0,0,0,1,0,1,0,1,0,0,0,1,2
1,-0.4474048350192824,0,1,1.3590953863765547,1,2.0,0,-1.4798879092345363,0,0,0,1,1,0,1,0,1,0,1,0,1,0,1,0,0,0,1,2,0
1,2.235112188621971,0,0,-0.3517703906193996,1,0.0,1,0.5128482424146659,0,1,1,0,0,0,0,1,0,0,0,0,0,0,0,0,0,1,0,1,2
1,-0.4474048350192824,0,1,1.5627698836379778,1,2.0,1,0.3931843534082085,0,0,0,0,0,1,0,1,0,1,0,1,0,1,0,0,1,0,0,2,2
0,-0.4474048350192824,1,0,-0.18883079281026105,1,1.0,0,-1.3136880633922343,0,1,0,1,1,0,1,0,1,0,1,0,1,0,1,0,0,0,1,2,0
1,-0.4474048350192824,1,0,-1.2072032791173766,1,0.0,0,-1.4981698922771896,0,0,0,1,1,0,1,0,1,0,1,0,1,0,1,0,0,0,0,0,0
0,-0.4474048350192824,0,0,-1.2072032791173766,1,0.0,1,-0.3247989806305368,0,0,0,0,0,0,0,0,0,0,0,0,0,0,0,1,0,1,0,0,1
0,2.235112188621971,0,0,-1.2479381785696613,1,0.0,0,0.8120079649308096,0,1,1,0,0,0,0,1,0,0,0,0,0,0,0,1,0,1,0,0,2
0,2.235112188621971,1,0,-0.5147099884285381,1,0.0,0,0.855219924849808,0,1,1,0,0,0,0,0,0,1,0,0,0,1,0,0,0,1,0,1,2
1,-0.4474048350192824,0,0,-0.840589184046815,1,0.0,1,0.6441461206300846,0,1,1,0,0,0,0,0,0,0,0,0,0,1,0,0,0,1,0,0,2
0,-0.4474048350192824,1,0,-1.0849985807605227,1,0.0,1,1.337199477792484,0,1,1,0,0,0,0,1,0,1,0,0,0,1,0,1,0,1,0,0,2
0,-0.4474048350192824,0,0,0.5851322967831468,1,0.0,0,0.34498639811394083,0,0,1,0,0,1,0,0,0,0,0,0,0,0,0,0,1,0,0,2,2
0,2.235112188621971,1,1,1.6035047830902625,1,2.0,1,0.8136699633892326,0,1,0,0,0,1,0,1,0,1,0,1,0,1,0,1,1,0,0,2,2
0,-0.4474048350192824,0,0,-1.0035287818559535,1,0.0,0,0.3499723934892096,0,0,1,0,0,0,0,1,0,0,0,0,0,0,0,0,0,1,0,0,2
0,-0.4474048350192824,0,0,-0.7998542845945305,1,0.0,1,0.1688145615211007,0,0,1,0,0,0,0,0,0,0,0,0,0,0,0,0,0,0,1,1,2
1,-0.4474048350192824,1,1,1.2368906880197008,1,2.0,1,1.320579493208254,0,1,1,0,0,0,0,1,0,1,0,0,0,1,0,1,0,0,0,2,2
0,-0.4474048350192824,0,0,-0.9627938824036689,1,0.0,1,0.7754439988455033,0,0,1,0,0,0,0,0,0,0,0,0,0,1,0,1,0,0,1,0,2
1,2.235112188621971,0,0,-0.840589184046815,1,0.0,1,0.6225401406705852,0,0,1,0,0,0,0,1,0,1,0,1,0,0,0,0,0,0,1,0,2
1,-0.4474048350192824,1,1,1.0739510902105622,1,2.0,0,-1.521437870695112,0,0,0,1,1,0,1,0,1,0,1,0,1,0,1,0,1,0,0,2,0
1,-0.4474048350192824,0,0,-0.3517703906193996,1,0.0,1,-0.510942807973915,0,0,0,0,0,0,0,0,0,1,0,0,0,0,0,0,0,0,1,1,1
0,-0.4474048350192824,0,0,-1.288673078021946,1,0.0,1,0.17213855843794656,0,0,1,0,0,0,0,0,0,0,0,0,0,0,0,0,0,1,0,0,2
1,-0.4474048350192824,1,1,0.5851322967831468,1,1.0,1,1.6081052265154367,0,1,1,0,0,1,0,1,0,1,0,1,0,1,0,1,0,0,0,2,2
0,2.235112188621971,0,0,-1.0035287818559535,1,0.0,0,0.6690760975064299,0,1,1,0,0,0,0,0,0,0,0,0,0,0,0,1,0,1,0,0,2
1,-0.4474048350192824,1,1,1.1961557885674161,1,2.0,0,-1.4765639123176904,0,0,0,1,1,0,1,0,1,0,1,0,1,0,1,0,1,0,0,2,0
1,-0.4474048350192824,1,1,-0.7998542845945305,1,0.0,0,1.0613077336942627,0,0,1,0,0,0,0,0,0,1,0,0,0,1,0,1,0,1,0,1,2
0,-0.4474048350192824,1,0,0.6258671962354314,1,1.0,1,0.14887058002002418,0,1,0,0,0,0,0,0,0,1,0,1,0,0,0,1,0,0,1,2,1
1,-0.4474048350192824,0,0,-0.636914686785392,1,2.0,0,-1.5264238660703808,0,0,0,1,1,0,1,0,1,0,1,0,1,0,1,0,0,0,1,1,0
0,-0.4474048350192824,0,0,0.09631350335573131,1,0.0,0,0.4978902562888586,0,1,1,0,0,0,0,0,0,0,0,1,0,0,0,0,1,0,0,2,2
0,-0.4474048350192824,0,0,-1.0442636813082382,1,0.0,0,-1.521437870695112,0,0,0,1,1,0,1,0,1,0,1,0,1,0,1,0,0,0,1,0,0
1,-0.4474048350192824,1,0,0.9110114924014238,1,2.0,0,-0.2151070823746173,0,0,0,0,0,1,0,1,0,1,0,0,0,0,0,0,0,1,0,2,1
0,-0.4474048350192824,0,1,-1.288673078021946,1,0.0,0,0.45135429945301425,0,0,1,0,0,0,0,0,0,0,0,0,0,0,0,1,0,1,0,0,2
0,2.235112188621971,0,0,-0.47397508897625346,1,0.0,1,1.0081237830247263,0,1,1,0,0,0,0,0,0,0,0,0,0,1,0,1,0,0,0,1,2
1,-0.4474048350192824,0,0,0.992481291305993,1,2.0,1,0.8435859356408472,0,1,1,0,0,0,0,0,0,0,0,1,0,1,0,0,1,0,0,2,2
0,-0.4474048350192824,1,0,1.6035047830902625,1,2.0,0,-1.3369560418101565,0,1,0,1,1,0,1,0,1,0,1,0,1,0,1,0,1,0,0,2,0
0,2.235112188621971,0,0,-0.10736099390569181,1,0.0,0,0.8851358971014226,0,1,1,0,0,1,0,1,0,1,0,0,0,0,0,0,1,0,0,2,2
1,2.235112188621971,1,1,0.5851322967831468,1,1.0,1,0.6607661052143148,0,0,1,0,0,0,0,1,0,0,0,0,0,1,0,0,0,0,0,2,2
1,-0.4474048350192824,1,1,1.6035047830902625,1,2.0,1,0.61423014837847,0,1,0,0,0,1,0,0,0,1,0,1,0,1,0,1,1,0,0,2,2
1,-0.4474048350192824,0,0,-1.288673078021946,1,0.0,0,-1.5131278784029967,0,0,0,1,1,0,1,0,1,0,1,0,1,0,1,0,0,0,1,0,0
0,-0.4474048350192824,0,0,-1.288673078021946,1,0.0,1,0.1837725476469075,0,0,1,0,0,0,0,0,0,0,0,0,0,0,0,0,0,1,0,0,2
0,-0.4474048350192824,0,0,-1.288673078021946,1,0.0,1,-0.4743788418886087,0,0,0,0,0,0,0,0,0,0,0,1,0,0,0,0,0,1,0,0,1
0,-0.4474048350192824,0,0,-0.8813240834990996,1,0.0,0,-0.4644068511380704,0,0,0,0,0,0,0,1,0,0,0,0,0,0,0,0,0,1,0,0,1
1,-0.4474048350192824,0,0,-0.7998542845945305,1,2.0,0,-1.4981698922771896,0,0,0,1,1,0,1,0,1,0,1,0,1,0,1,0,1,0,0,1,0
1,-0.4474048350192824,1,1,1.6035047830902625,0,2.0,0,-0.5375347833086834,1,0,0,0,0,1,0,0,0,1,0,1,0,1,0,0,0,0,1,2,1
1,-0.4474048350192824,0,1,0.2999880006171544,0,1.0,0,-0.825060516615866,1,0,0,0,0,1,0,1,0,0,0,1,0,0,0,0,0,0,1,2,1
1,-0.4474048350192824,1,1,1.5220349841856933,1,2.0,0,1.6513171864344351,0,1,1,0,0,1,0,1,0,1,0,1,0,1,0,1,1,0,0,2,2
1,2.235112188621971,0,0,1.2776255874719855,1,0.0,1,1.2773675332892556,0,1,1,0,0,1,0,1,0,0,0,0,0,1,0,1,0,0,0,2,2
0,-0.4474048350192824,1,0,0.992481291305993,1,1.0,0,0.31673242432074916,0,1,0,0,0,0,0,1,0,1,0,1,0,1,0,0,0,0,0,2,2
1,-0.4474048350192824,1,1,-0.840589184046815,1,0.0,0,-1.4815499076929592,0,0,0,1,1,0,1,0,1,0,1,0,1,0,1,0,0,0,1,0,0
1,-0.4474048350192824,0,0,-1.288673078021946,1,0.0,1,0.1505325784784471,0,0,1,0,0,0,0,0,0,0,0,0,0,0,0,0,0,1,0,0,1
1,-0.4474048350192824,1,1,-0.2295656922625457,1,0.0,1,-0.3430809636731899,0,0,0,0,0,1,0,1,0,0,0,0,0,0,0,0,1,0,0,2,1
0,-0.4474048350192824,1,1,-0.7998542845945305,1,1.0,0,-0.36302494517426626,0,0,0,0,0,1,0,0,0,0,0,1,0,0,0,0,0,0,0,1,1
1,2.235112188621971,0,0,-0.7183844856899612,1,0.0,1,0.31008443048705747,0,0,1,0,0,0,0,1,0,0,0,0,0,0,0,0,0,1,0,1,2
1,-0.4474048350192824,0,1,-0.3517703906193996,0,2.0,0,-0.9746403778739379,1,0,0,0,0,1,0,0,0,0,0,1,0,0,0,0,0,0,1,1,1
0,-0.4474048350192824,1,1,-0.3517703906193996,1,2.0,0,-1.5081418830277276,0,0,0,1,1,0,1,0,1,0,1,0,1,0,1,0,0,0,1,1,0
1,-0.4474048350192824,1,1,0.7480718945922853,0,1.0,0,-0.19183910395669512,1,0,0,0,0,1,0,1,0,1,0,0,0,1,0,1,0,1,0,2,1
0,-0.4474048350192824,1,0,0.5036624978785775,1,0.0,1,-0.49266082493126184,0,0,0,0,0,0,0,0,0,1,0,0,0,0,0,0,1,0,0,2,1
1,-0.4474048350192824,1,1,0.05557860390344668,1,0.0,1,0.8302899479734628,0,1,1,0,0,0,0,0,0,1,0,0,0,0,0,1,1,0,0,2,2
0,-0.4474048350192824,0,0,1.5220349841856933,1,1.0,0,1.6779091617692035,0,1,1,0,0,1,0,1,0,1,0,1,0,1,0,1,1,0,0,2,2
1,-0.4474048350192824,1,0,-0.7183844856899612,1,0.0,1,1.2757055348308326,0,1,1,0,0,0,0,0,0,1,0,1,0,1,0,1,0,1,0,1,2
1,-0.4474048350192824,0,0,-0.6776495862376766,1,2.0,0,-1.5064798845693046,0,0,0,1,1,0,1,0,1,0,1,0,1,0,1,0,0,0,1,1,0
1,-0.4474048350192824,0,0,-1.2479381785696613,1,0.0,1,-0.6139867123961423,0,0,0,0,0,0,0,0,0,0,0,0,0,0,0,0,0,0,0,0,1
1,2.235112188621971,0,0,-1.288673078021946,1,0.0,1,-0.6389166892724876,0,0,0,0,0,0,0,0,0,0,0,0,0,0,0,0,0,0,1,0,1
1,2.235112188621971,1,0,1.5627698836379778,0,2.0,0,-0.6222967046882574,1,0,0,0,0,1,0,1,0,1,0,1,0,0,0,0,1,0,0,2,1
1,2.235112188621971,1,0,-0.6776495862376766,1,0.0,1,1.1194776797390684,0,1,1,0,0,0,0,0,0,1,0,0,0,1,0,1,0,1,0,1,2
1,-0.4474048350192824,0,1,-1.288673078021946,1,0.0,1,1.1527176489075288,0,1,1,0,0,0,0,0,0,1,0,0,0,1,0,1,0,1,0,0,2
1,2.235112188621971,0,0,1.114685989662847,1,1.0,1,0.22199851219063718,0,1,0,0,0,1,0,1,0,0,0,0,0,0,0,1,0,1,0,2,2
1,-0.4474048350192824,1,1,-1.0849985807605227,1,0.0,1,0.15718057231213928,0,0,1,0,0,0,0,0,0,0,0,0,0,0,0,0,0,1,0,0,1
1,-0.4474048350192824,0,0,0.2592531011648698,1,0.0,0,0.33833840428024864,0,1,1,0,0,0,0,0,0,0,0,0,0,0,0,0,0,1,0,2,2
1,-0.4474048350192824,1,1,-1.288673078021946,1,1.0,0,-1.5031558876524584,0,0,0,1,1,0,1,0,1,0,1,0,1,0,1,0,1,0,0,0,0
0,2.235112188621971,1,0,-1.288673078021946,1,0.0,1,0.8485719310161158,0,1,1,0,0,0,0,1,0,0,0,0,0,1,0,0,0,1,0,0,2
0,-0.4474048350192824,0,0,0.5036624978785775,1,0.0,1,0.7372180343017737,0,1,1,0,0,0,0,0,0,1,0,1,0,0,0,0,0,1,0,2,2
1,-0.4474048350192824,0,0,1.1554208891151316,1,1.0,0,1.2939875178734856,0,1,1,0,0,1,0,0,0,1,0,0,0,1,0,1,0,1,0,2,2
0,-0.4474048350192824,0,1,0.05557860390344668,1,2.0,0,0.08571463859994966,0,0,0,0,0,1,0,0,0,1,0,1,0,1,0,0,1,0,0,2,1
0,-0.4474048350192824,0,0,-1.288673078021946,1,0.0,0,-0.7020726306925623,0,0,0,0,0,0,0,0,0,0,0,0,0,0,0,0,1,0,0,0,1
0,-0.4474048350192824,0,0,-1.2072032791173766,1,1.0,0,-1.4898598999850743,0,0,0,1,1,0,1,0,1,0,1,0,1,0,1,0,0,0,1,0,0
0,2.235112188621971,1,0,-0.7183844856899612,1,0.0,1,0.9831938061483809,0,0,1,0,0,0,0,1,0,0,0,0,0,1,0,1,0,1,0,1,2
1,-0.4474048350192824,0,0,-1.2479381785696613,1,0.0,0,1.1676756350333362,0,0,1,0,0,1,0,1,0,0,0,0,0,1,0,1,0,1,0,0,2
1,-0.4474048350192824,0,0,-0.2703005917148303,1,0.0,1,0.7172740528006976,0,1,1,0,0,1,0,1,0,0,0,0,0,0,0,0,1,0,0,2,2
0,2.235112188621971,0,0,-1.0849985807605227,1,0.0,0,0.31008443048705747,0,0,1,0,0,0,0,0,0,1,0,0,0,0,0,0,0,1,0,0,2
0,-0.4474048350192824,1,1,-0.39250529007168417,1,0.0,0,0.6424841221716616,0,0,1,0,0,1,0,1,0,0,0,1,0,0,0,0,0,0,1,1,2
0,-0.4474048350192824,1,1,1.2776255874719855,0,2.0,1,-0.34806695904845897,1,0,0,0,0,0,0,1,0,0,0,1,0,1,0,1,0,1,0,2,1
0,-0.4474048350192824,1,0,-1.2479381785696613,1,0.0,1,1.30728350554087,0,1,1,0,0,0,0,0,0,1,0,1,0,1,0,1,0,1,0,0,2
1,2.235112188621971,1,0,1.114685989662847,1,1.0,1,1.3056215070824466,0,1,1,0,0,0,0,1,0,1,0,0,0,1,0,1,0,1,0,2,2
0,-0.4474048350192824,1,0,0.666602095687716,1,1.0,0,0.22366051064906012,0,1,0,0,0,1,0,1,0,1,0,0,0,0,0,1,0,1,0,2,2
1,-0.4474048350192824,1,0,-0.3517703906193996,1,0.0,1,1.1959296088265274,0,1,1,0,0,0,0,0,0,1,0,0,0,1,0,1,0,1,0,1,2
0,-0.4474048350192824,1,0,-0.3517703906193996,1,1.0,0,-1.4848739046098054,0,0,0,1,1,0,1,0,1,0,1,0,1,0,1,0,1,0,0,1,0
0,-0.4474048350192824,0,0,0.8295416934968546,1,2.0,0,-1.4898598999850743,0,0,0,1,1,0,1,0,1,0,1,0,1,0,1,0,0,0,1,2,0
0,-0.4474048350192824,1,0,-1.0849985807605227,1,0.0,0,-0.48933682801441575,0,1,0,0,0,0,0,0,0,0,0,0,0,0,0,0,0,1,0,0,1
0,-0.4474048350192824,0,0,-0.5961797873331073,1,0.0,0,-1.5098038814861507,0,0,0,1,1,0,1,0,1,0,1,0,1,0,1,0,0,0,1,1,0
0,-0.4474048350192824,0,0,0.5443973973308622,1,1.0,0,-0.3131649914215756,0,0,0,0,0,0,0,0,0,0,0,0,0,0,0,1,1,0,0,2,1
0,2.235112188621971,0,0,-1.1257334802128074,0,0.0,0,-1.2172921528036988,1,0,0,0,0,0,0,1,0,0,0,0,0,0,0,0,0,1,0,0,0
0,-0.4474048350192824,1,0,1.0332161907582778,1,0.0,1,1.2308315764534108,0,1,1,0,0,0,0,0,0,1,0,1,0,1,0,1,1,0,0,2,2
0,-0.4474048350192824,0,0,-0.2703005917148303,1,0.0,1,0.5194962362483581,0,1,1,0,0,0,0,0,0,1,0,0,0,0,0,0,0,1,0,2,2
0,-0.4474048350192824,1,1,1.4405651852811239,1,2.0,1,1.4618493621742108,0,1,1,0,0,1,0,0,0,1,0,1,0,1,0,1,0,0,0,2,2
0,-0.4474048350192824,0,0,-1.288673078021946,1,0.0,0,-0.657198672315141,0,0,0,0,0,0,0,0,0,0,0,0,0,0,0,0,0,0,1,0,1
1,2.235112188621971,1,0,-0.18883079281026105,1,0.0,1,1.3538194623767144,0,1,1,0,0,0,0,1,0,0,0,1,0,1,0,1,0,1,0,2,2
1,-0.4474048350192824,1,0,-0.5961797873331073,1,0.0,1,0.268534469026482,0,1,1,0,0,0,0,0,0,0,0,0,0,0,0,0,0,1,0,1,2
0,-0.4474048350192824,1,1,0.9517463918537085,1,1.0,0,0.12227860468525592,0,1,0,0,0,1,0,1,0,0,0,0,0,0,0,1,0,0,0,2,1
1,2.235112188621971,1,0,1.6035047830902625,1,2.0,0,1.4834553421337102,0,1,1,0,0,0,0,1,0,1,0,1,0,1,0,1,1,0,0,2,2
0,-0.4474048350192824,1,0,1.5220349841856933,1,2.0,1,0.9881798015236497,0,1,0,0,0,1,0,1,0,1,0,1,0,1,0,1,1,0,0,2,2
0,-0.4474048350192824,1,1,1.31836048692427,1,2.0,1,1.3039595086240237,0,1,1,0,0,1,0,0,0,1,0,0,0,1,0,1,1,0,0,2,2
0,-0.4474048350192824,1,1,0.5036624978785775,1,0.0,1,1.3322134824172154,0,1,1,0,0,1,0,1,0,0,0,0,0,1,0,1,0,1,0,2,2
1,-0.4474048350192824,0,0,-0.06662609445340718,1,0.0,1,0.5344542223741653,0,1,1,0,0,0,0,1,0,0,0,0,0,0,0,0,0,1,0,2,2
0,-0.4474048350192824,0,0,-1.2072032791173766,1,0.0,1,0.5128482424146659,0,0,1,0,0,0,0,0,0,0,0,0,0,1,0,0,0,1,0,0,2
1,-0.4474048350192824,0,0,-1.0442636813082382,1,0.0,1,1.096209701321146,0,1,1,0,0,0,0,0,0,1,0,0,0,1,0,1,0,0,0,0,2
1,-0.4474048350192824,1,0,1.4405651852811239,1,1.0,1,1.170999631950182,0,0,1,0,0,0,0,1,0,0,0,1,0,1,0,1,0,1,0,2,2
0,-0.4474048350192824,1,0,1.6035047830902625,1,2.0,1,0.6308501329627002,0,1,1,0,0,1,0,1,0,0,0,0,0,0,0,0,0,0,0,2,2
1,-0.4474048350192824,0,0,-0.7591193851422458,0,0.0,1,-0.3347709713810748,1,0,0,0,0,0,0,0,0,1,0,1,0,1,0,1,0,1,0,1,1
1,-0.4474048350192824,1,0,1.6035047830902625,1,2.0,1,1.4585253652573649,0,1,1,0,0,1,0,1,0,0,0,1,0,1,0,1,1,0,0,2,2
1,-0.4474048350192824,1,0,-0.7591193851422458,0,0.0,0,-0.6222967046882574,1,0,0,0,0,0,0,0,0,0,0,0,0,1,0,1,0,1,0,1,1
1,-0.4474048350192824,0,0,-0.6776495862376766,1,2.0,0,-1.533071859904073,0,0,0,1,1,0,1,0,1,0,1,0,1,0,1,0,1,0,0,1,0
0,-0.4474048350192824,1,1,1.0739510902105622,1,2.0,0,0.8385999402655778,0,1,0,0,0,1,0,1,0,1,0,1,0,1,0,1,1,0,0,2,2
0,-0.4474048350192824,1,0,1.6035047830902625,1,2.0,1,1.0613077336942627,0,1,1,0,0,1,0,1,0,1,0,1,0,0,0,0,0,0,0,2,2
1,-0.4474048350192824,1,1,0.46292759842629294,1,1.0,0,-1.3369560418101565,0,1,0,1,1,0,1,0,1,0,1,0,1,0,1,0,0,1,0,2,0
0,-0.4474048350192824,0,0,-0.14809589335797643,1,0.0,1,1.1144916843637993,0,1,1,0,0,0,0,0,0,1,0,0,0,1,0,1,1,0,0,2,2
0,2.235112188621971,1,0,1.3590953863765547,1,1.0,0,1.3139314993745617,0,1,1,0,0,0,0,1,0,1,0,0,0,1,0,1,1,0,0,2,2
1,-0.4474048350192824,0,0,-0.636914686785392,1,1.0,1,-1.4815499076929592,0,0,0,1,1,0,1,0,1,0,1,0,1,0,1,0,0,0,1,1,0
0,-0.4474048350192824,1,1,0.992481291305993,1,2.0,0,-1.5064798845693046,0,0,0,1,1,0,1,0,1,0,1,0,1,0,1,0,0,0,0,2,0
0,-0.4474048350192824,0,1,0.09631350335573131,1,0.0,0,-0.4959848218481079,0,1,0,0,0,0,0,0,0,0,0,0,0,0,0,0,0,0,1,2,1
0,2.235112188621971,1,0,-1.0035287818559535,1,0.0,1,0.6291881345042774,0,1,1,0,0,0,0,0,0,0,0,0,0,0,0,1,0,1,0,0,2
0,-0.4474048350192824,0,0,-0.840589184046815,1,1.0,1,0.3582823857813247,0,1,0,0,0,0,0,0,0,0,0,1,0,1,0,1,0,0,1,0,2
0,-0.4474048350192824,1,1,1.31836048692427,1,2.0,1,0.4762842763293596,0,1,0,0,0,0,0,1,0,0,0,1,0,1,0,1,0,0,0,2,2
0,-0.4474048350192824,0,0,-1.288673078021946,1,0.0,1,-1.4881979015266515,0,0,0,1,1,0,1,0,1,0,1,0,1,0,1,0,0,0,1,0,0
0,-0.4474048350192824,0,0,-1.288673078021946,0,0.0,0,-0.9696543824986689,1,0,0,0,0,0,0,0,0,1,0,1,0,0,0,0,0,0,1,0,1
1,-0.4474048350192824,0,0,0.7888067940445699,0,2.0,0,-0.03893524578177715,1,0,0,0,0,1,0,1,0,1,0,1,0,1,0,1,1,0,0,2,1
0,-0.4474048350192824,1,0,1.5627698836379778,0,2.0,1,-0.5990287262703352,1,0,0,0,0,0,0,0,0,1,0,1,0,0,0,1,0,1,0,2,1
1,-0.4474048350192824,0,0,-1.2072032791173766,1,0.0,0,0.6856960820906601,0,0,1,0,0,0,0,0,0,1,0,0,0,0,0,1,1,0,0,0,2
1,-0.4474048350192824,0,1,-1.1257334802128074,1,0.0,1,-0.5458447756007986,0,0,0,0,0,0,0,0,0,0,0,1,0,0,0,0,0,0,0,0,1
1,-0.4474048350192824,0,0,0.8702765929491392,1,2.0,1,1.4269473945473274,0,1,1,0,0,1,0,1,0,0,0,1,0,1,0,1,1,0,0,2,2
0,-0.4474048350192824,1,1,-0.840589184046815,1,1.0,0,-1.5048178861108816,0,0,0,1,1,0,1,0,1,0,1,0,1,0,1,0,0,0,0,0,0
0,-0.4474048350192824,1,0,1.2776255874719855,1,2.0,1,0.9815318076899575,0,1,1,0,0,1,0,0,0,1,0,0,0,1,0,0,1,0,0,2,2
1,-0.4474048350192824,1,0,1.6035047830902625,1,2.0,1,0.5726801869178945,0,1,0,0,0,1,0,1,0,1,0,1,0,0,0,1,0,0,0,2,2
0,2.235112188621971,1,0,-0.2295656922625457,1,0.0,1,0.33667640582182573,0,0,1,0,0,1,0,0,0,0,0,0,0,0,0,0,0,0,0,2,2
1,-0.4474048350192824,1,1,-0.14809589335797643,1,0.0,0,0.4995522547472815,0,1,0,0,0,0,0,1,0,1,0,0,0,1,0,1,1,0,0,2,2
0,-0.4474048350192824,0,0,-1.288673078021946,1,0.0,0,0.6391601252548154,0,0,1,0,0,0,0,1,0,0,0,0,0,1,0,0,0,1,0,0,2
1,-0.4474048350192824,1,1,-1.288673078021946,0,0.0,0,-1.159122206758893,1,0,0,0,0,0,0,1,0,0,0,0,0,0,0,0,0,1,0,0,0
0,-0.4474048350192824,1,0,1.0739510902105622,1,2.0,0,-1.5513538429467262,0,0,0,1,1,0,1,0,1,0,1,0,1,0,1,0,0,0,0,2,0
1,-0.4474048350192824,1,0,1.6035047830902625,1,2.0,0,1.6646131741018195,0,1,1,0,0,1,0,1,0,1,0,1,0,1,0,1,0,0,0,2,2
0,-0.4474048350192824,0,0,-1.2072032791173766,1,0.0,1,-0.4793648372638777,0,1,0,0,0,0,0,0,0,0,0,0,0,0,0,0,0,0,1,0,1
0,-0.4474048350192824,1,1,-0.2703005917148303,1,0.0,0,0.5610461977089336,0,0,1,0,0,1,0,1,0,0,0,0,0,0,0,0,0,1,0,2,2
1,-0.4474048350192824,1,1,1.0332161907582778,0,1.0,0,-0.5009708172233769,1,0,0,0,0,1,0,1,0,1,0,0,0,1,0,0,0,0,1,2,1
0,2.235112188621971,0,0,-1.0442636813082382,1,0.0,1,-0.4577588573043785,0,0,0,0,0,0,0,1,0,0,0,0,0,0,0,0,0,0,1,0,1
1,2.235112188621971,1,0,1.31836048692427,1,1.0,1,1.2657335440802946,0,1,1,0,0,0,0,1,0,1,0,0,0,1,0,1,0,0,0,2,2
1,2.235112188621971,1,0,-0.9220589829513843,1,0.0,0,0.6807100867153909,0,1,1,0,0,0,0,0,0,0,0,0,0,0,0,1,0,1,0,0,2
1,-0.4474048350192824,1,1,1.4405651852811239,0,2.0,1,-0.2882350145452303,1,0,0,0,0,1,0,1,0,1,0,1,0,0,0,1,0,0,1,2,1
1,-0.4474048350192824,0,0,-0.31103549116711493,1,1.0,0,-1.3219980556843494,0,1,0,1,1,0,1,0,1,0,1,0,1,0,1,0,0,0,0,2,0
1,-0.4474048350192824,0,0,-1.288673078021946,1,0.0,1,-0.4760408403470316,0,0,0,0,0,1,0,0,0,0,0,0,0,0,0,0,0,0,1,0,1
0,-0.4474048350192824,1,0,-1.288673078021946,1,0.0,1,-0.3247989806305368,0,0,0,0,0,0,0,0,0,0,0,0,0,1,0,0,0,0,1,0,1
0,-0.4474048350192824,0,0,0.8702765929491392,1,1.0,1,1.2923255194150627,0,1,1,0,0,1,0,0,0,1,0,0,0,1,0,1,0,0,0,2,2
0,-0.4474048350192824,0,0,0.3814577995217237,1,1.0,1,-0.16358513016350373,0,1,0,0,0,1,0,1,0,0,0,0,0,0,0,0,0,0,0,2,1
0,-0.4474048350192824,1,1,-0.18883079281026105,1,0.0,0,-0.504294814140223,0,1,0,0,0,0,0,0,0,0,0,0,0,0,0,0,0,0,1,2,1
1,2.235112188621971,1,0,-0.7998542845945305,1,0.0,0,0.9549398323551893,0,1,1,0,0,1,0,1,0,0,0,0,0,0,0,1,1,0,0,1,2
1,-0.4474048350192824,1,1,0.5851322967831468,1,1.0,1,1.0313917614426482,0,0,1,0,0,1,0,1,0,1,0,0,0,0,0,1,0,1,0,2,2
0,-0.4474048350192824,0,0,-1.2479381785696613,1,0.0,1,0.15385657539529343,0,0,1,0,0,0,0,0,0,0,0,0,0,0,0,0,0,1,0,0,1
1,-0.4474048350192824,1,1,0.7480718945922853,1,1.0,0,-1.5181138737782658,0,0,0,1,1,0,1,0,1,0,1,0,1,0,1,0,0,0,1,2,0
1,-0.4474048350192824,0,0,-1.0849985807605227,1,0.0,0,-0.1386551532871584,0,0,0,0,0,0,0,0,0,1,0,0,0,1,0,0,0,0,1,0,1
1,-0.4474048350192824,1,1,0.46292759842629294,1,0.0,1,-0.3380949682979209,0,0,0,0,0,0,0,1,0,0,0,1,0,0,0,0,0,0,0,2,1
0,-0.4474048350192824,0,0,0.4221926989740083,1,2.0,1,-1.5098038814861507,0,0,0,1,1,0,1,0,1,0,1,0,1,0,1,0,0,0,0,2,0
1,-0.4474048350192824,1,1,-1.0442636813082382,1,1.0,1,-0.509280809515492,0,0,0,0,0,1,0,0,0,0,0,0,0,0,0,0,0,1,0,0,1
1,-0.4474048350192824,0,0,-0.9627938824036689,1,0.0,1,1.0247437676089566,0,0,1,0,0,0,0,0,0,0,0,1,0,1,0,1,0,0,0,0,2
1,-0.4474048350192824,0,0,-0.14809589335797643,0,1.0,1,-1.3369560418101565,1,0,0,0,0,0,0,0,0,0,0,0,0,0,0,0,0,0,1,2,0
1,-0.4474048350192824,0,0,-1.2072032791173766,1,0.0,1,-0.7236786106520618,0,0,0,0,0,0,0,0,0,0,0,0,0,0,0,0,0,1,0,0,1
0,-0.4474048350192824,1,1,0.7480718945922853,1,0.0,1,0.9549398323551893,0,1,1,0,0,1,0,1,0,0,0,0,0,0,0,1,0,1,0,2,2
0,-0.4474048350192824,1,1,-0.9220589829513843,1,0.0,1,1.1693376334917591,0,1,1,0,0,1,0,0,0,0,0,0,0,1,0,1,0,1,0,0,2
0,-0.4474048350192824,0,0,-0.7998542845945305,1,0.0,1,0.6491321160053534,0,1,1,0,0,0,0,0,0,0,0,0,0,0,0,1,0,1,0,1,2
0,-0.4474048350192824,0,0,-1.0849985807605227,1,0.0,1,0.8203179572229247,0,1,1,0,0,0,0,1,0,0,0,0,0,1,0,0,0,1,0,0,2
0,-0.4474048350192824,0,0,-0.18883079281026105,1,0.0,1,0.8269659510566169,0,1,1,0,0,0,0,1,0,0,0,0,0,0,0,1,0,1,0,2,2
1,-0.4474048350192824,0,0,0.6258671962354314,1,2.0,0,-1.5031558876524584,0,0,0,1,1,0,1,0,1,0,1,0,1,0,1,0,1,0,0,2,0
0,-0.4474048350192824,1,0,1.6035047830902625,1,1.0,1,1.4435673791315575,0,1,1,0,0,0,0,1,0,1,0,1,0,1,0,1,0,0,0,2,2
1,-0.4474048350192824,0,0,-0.7183844856899612,0,0.0,1,-1.1757421913431234,1,0,0,0,0,0,0,0,0,0,0,1,0,0,0,0,0,1,0,1,0
0,-0.4474048350192824,0,0,-1.166468379665092,1,0.0,1,0.46797428403724445,0,0,1,0,0,0,0,0,0,0,0,0,0,0,0,1,0,1,0,0,2
1,2.235112188621971,1,0,0.9110114924014238,1,1.0,0,-0.16857112553877274,0,1,0,0,0,1,0,1,0,0,0,0,0,0,0,0,1,0,0,2,1
0,-0.4474048350192824,0,0,-0.31103549116711493,1,0.0,1,0.6491321160053534,0,1,1,0,0,0,0,0,0,0,0,0,0,1,0,0,0,0,1,2,2
1,-0.4474048350192824,0,0,0.05557860390344668,1,2.0,0,-1.2954060803495808,0,1,0,1,1,0,1,0,1,0,1,0,1,0,1,0,0,0,0,2,0
1,-0.4474048350192824,0,1,0.21851820171258518,1,0.0,1,1.1360976643232987,0,1,1,0,0,0,0,0,0,1,0,0,0,1,0,1,0,0,0,2,2
1,-0.4474048350192824,1,1,1.1554208891151316,1,2.0,0,-1.4798879092345363,0,0,0,1,1,0,1,0,1,0,1,0,1,0,1,0,1,0,0,2,0
0,-0.4474048350192824,0,0,-1.288673078021946,1,0.0,1,0.677386089798545,0,0,1,0,0,0,0,0,0,1,0,0,0,1,0,0,0,1,0,0,2
1,-0.4474048350192824,0,0,0.6258671962354314,1,2.0,0,0.45966429174512935,0,0,0,0,0,0,0,1,0,1,0,1,0,1,0,1,1,0,0,2,2
0,-0.4474048350192824,1,0,-0.025891195001122566,1,0.0,0,0.6341741298795466,0,0,1,0,0,0,0,1,0,0,0,0,0,0,0,1,0,0,0,2,2
0,-0.4474048350192824,0,0,-0.7591193851422458,1,1.0,0,-0.3115029929631524,0,0,0,0,0,1,0,0,0,0,0,1,0,0,0,0,0,0,1,1,1
0,-0.4474048350192824,1,0,0.46292759842629294,1,1.0,1,-0.1187111717860821,0,0,0,0,0,1,0,1,0,1,0,0,0,0,0,0,0,0,1,2,1
0,-0.4474048350192824,1,1,0.13704840280801595,1,0.0,1,1.0729417229032236,0,1,1,0,0,0,0,1,0,1,0,0,0,1,0,0,0,0,0,2,2
0,2.235112188621971,0,0,0.05557860390344668,0,0.0,1,-0.2932210099204993,1,0,0,0,0,0,0,1,0,1,0,0,0,1,0,1,0,1,0,2,1
0,-0.4474048350192824,0,1,-0.47397508897625346,1,0.0,0,-1.4732399154008442,0,0,0,1,1,0,1,0,1,0,1,0,1,0,1,0,0,0,1,1,0
0,-0.4474048350192824,0,0,-0.840589184046815,1,1.0,1,0.667414099048007,0,0,1,0,0,1,0,0,0,0,0,0,0,1,0,0,1,0,0,0,2
0,-0.4474048350192824,0,0,-1.288673078021946,1,0.0,0,-1.5098038814861507,0,0,0,1,1,0,1,0,1,0,1,0,1,0,1,0,0,0,1,0,0
0,-0.4474048350192824,1,1,-0.7591193851422458,1,0.0,0,-0.18685310858142587,0,0,0,0,0,1,0,1,0,0,0,1,0,0,0,0,0,0,0,1,1
1,2.235112188621971,0,0,-0.5554448878808227,1,0.0,1,0.8485719310161158,0,1,1,0,0,1,0,0,0,0,0,0,0,1,0,0,0,1,0,1,2
0,-0.4474048350192824,0,0,0.7073369951400007,1,2.0,1,1.4817933436752873,0,1,1,0,0,1,0,1,0,0,0,1,0,1,0,1,0,1,0,2,2
1,-0.4474048350192824,0,0,0.7888067940445699,1,2.0,1,1.4701593544663258,0,1,1,0,0,1,0,0,0,1,0,1,0,1,0,1,0,1,0,2,2
1,-0.4474048350192824,1,1,1.2776255874719855,0,2.0,1,-0.1669091270803498,1,0,0,0,0,1,0,0,0,1,0,1,0,1,0,1,0,0,0,2,1
0,-0.4474048350192824,0,0,-1.0849985807605227,1,0.0,1,0.8036979726386945,0,0,1,0,0,0,0,0,0,1,0,1,0,0,0,1,0,1,0,0,2
0,-0.4474048350192824,0,0,-1.2072032791173766,0,0.0,1,-1.0062183485839753,1,0,0,0,0,0,0,0,0,0,0,0,0,1,0,0,1,0,0,0,0
1,-0.4474048350192824,1,0,0.5851322967831468,1,0.0,1,1.2973115147903316,0,1,1,0,0,0,0,1,0,1,0,0,0,1,0,1,0,1,0,2,2
1,-0.4474048350192824,0,0,-0.47397508897625346,1,0.0,1,0.6325121314211232,0,1,1,0,0,0,0,0,0,0,0,0,0,0,0,1,0,1,0,1,2
1,-0.4474048350192824,0,1,-0.31103549116711493,1,0.0,0,-1.4715779169424212,0,0,0,1,1,0,1,0,1,0,1,0,1,0,1,0,0,0,1,2,0
0,-0.4474048350192824,1,1,-1.2072032791173766,1,0.0,0,-1.521437870695112,0,0,0,1,1,0,1,0,1,0,1,0,1,0,1,0,0,0,1,0,0
0,-0.4474048350192824,0,1,1.3998302858288394,1,1.0,1,1.3804114377114827,0,1,1,0,0,0,0,1,0,0,0,1,0,1,0,1,0,0,0,2,2
1,2.235112188621971,1,0,1.0739510902105622,1,1.0,1,0.594286166877394,0,0,1,0,0,1,0,1,0,1,0,0,0,0,0,0,1,0,0,2,2
0,2.235112188621971,0,0,-1.2479381785696613,1,0.0,1,0.4829322701630513,0,0,1,0,0,0,0,0,0,0,0,0,0,0,0,1,0,1,0,0,2
1,-0.4474048350192824,0,0,-1.0035287818559535,1,0.0,1,0.7139500558838513,0,1,1,0,0,0,0,0,0,0,0,0,0,0,0,1,0,1,0,0,2
0,2.235112188621971,1,0,0.9517463918537085,1,0.0,1,1.1826336211591435,0,1,1,0,0,0,0,0,0,1,0,0,0,1,0,1,0,0,0,2,2
0,-0.4474048350192824,1,0,1.0739510902105622,1,1.0,1,0.4995522547472815,0,1,0,0,0,0,0,1,0,0,0,1,0,1,0,1,0,1,0,2,2
1,-0.4474048350192824,0,1,0.09631350335573131,1,1.0,1,0.23363250139959815,0,0,0,0,0,0,0,0,0,0,0,1,0,1,0,1,0,0,1,2,2
0,2.235112188621971,0,0,0.09631350335573131,1,0.0,1,1.1294496704896064,0,1,1,0,0,1,0,0,0,0,0,0,0,1,0,1,0,1,0,2,2
1,2.235112188621971,0,0,-1.2072032791173766,1,0.0,1,0.3965083503250544,0,1,1,0,0,0,0,0,0,0,0,0,0,0,0,0,0,1,0,0,2
1,-0.4474048350192824,1,1,1.5627698836379778,1,2.0,0,0.7239220466343893,0,1,0,0,0,1,0,1,0,1,0,1,0,1,0,1,0,0,0,2,2
0,-0.4474048350192824,0,0,0.2999880006171544,1,0.0,1,0.9416438446878055,0,1,1,0,0,0,0,1,0,1,0,0,0,1,0,0,0,0,0,2,2
1,-0.4474048350192824,0,0,1.0739510902105622,0,0.0,1,-0.4444628696369941,1,0,0,0,0,0,0,0,0,0,0,1,0,1,0,1,0,1,0,2,1
1,-0.4474048350192824,0,0,-1.0849985807605227,1,0.0,1,-0.19682509933196415,0,0,0,0,0,1,0,0,0,0,0,0,0,0,0,1,0,0,0,0,1
0,-0.4474048350192824,0,1,-0.2703005917148303,0,0.0,1,-1.1724181944262775,1,0,0,0,0,0,0,0,0,1,0,0,0,0,0,0,0,0,1,2,0
1,-0.4474048350192824,0,1,0.46292759842629294,1,2.0,0,-1.5131278784029967,0,0,0,1,1,0,1,0,1,0,1,0,1,0,1,0,0,0,0,2,0
0,-0.4474048350192824,0,0,-0.10736099390569181,1,1.0,1,0.47296027941251323,0,1,0,0,0,1,0,0,0,1,0,0,0,1,0,1,1,0,0,2,2
1,-0.4474048350192824,1,1,-1.166468379665092,1,0.0,1,-1.4815499076929592,0,0,0,1,1,0,1,0,1,0,1,0,1,0,1,0,0,0,1,0,0
1,-0.4474048350192824,0,0,-0.025891195001122566,1,2.0,1,-1.4965078938187666,0,0,0,1,1,0,1,0,1,0,1,0,1,0,1,0,0,0,0,2,0
0,-0.4474048350192824,0,0,-1.288673078021946,1,0.0,0,0.20870252452325283,0,0,1,0,0,0,0,0,0,0,0,0,0,0,0,0,0,1,0,0,2
0,-0.4474048350192824,1,1,0.21851820171258518,1,1.0,0,-1.4881979015266515,0,0,0,1,1,0,1,0,1,0,1,0,1,0,1,0,0,0,1,2,0
1,-0.4474048350192824,1,1,-0.8813240834990996,1,0.0,0,0.8485719310161158,0,0,1,0,0,0,0,0,0,0,0,0,0,1,0,1,0,1,0,0,2
0,-0.4474048350192824,1,0,0.8295416934968546,1,1.0,0,1.5100473174684783,0,0,1,0,0,1,0,1,0,1,0,1,0,1,0,1,0,1,0,2,2
1,-0.4474048350192824,1,0,-1.1257334802128074,1,0.0,1,0.4546782963698601,0,1,1,0,0,0,0,1,0,0,0,0,0,0,0,0,0,1,0,0,2
1,2.235112188621971,0,0,-1.0035287818559535,1,0.0,1,0.16216656768740853,0,0,1,0,0,0,0,0,0,0,0,0,0,0,0,0,1,0,0,0,1
0,-0.4474048350192824,0,0,-0.636914686785392,1,0.0,0,-1.5081418830277276,0,0,0,1,1,0,1,0,1,0,1,0,1,0,1,0,1,0,0,1,0
0,-0.4474048350192824,0,0,-1.0035287818559535,1,0.0,1,-0.5059568125986459,0,0,0,0,0,1,0,0,0,0,0,0,0,0,0,0,0,1,0,0,1
0,2.235112188621971,1,0,0.7073369951400007,1,0.0,0,1.4518773714236726,0,1,1,0,0,1,0,1,0,1,0,0,0,1,0,1,0,0,0,2,2
0,-0.4474048350192824,0,0,-1.288673078021946,1,0.0,0,-1.5181138737782658,0,0,0,1,1,0,1,0,1,0,1,0,1,0,1,0,1,0,0,0,0
1,-0.4474048350192824,0,1,-1.288673078021946,1,0.0,1,0.17878655227163873,0,0,1,0,0,0,0,0,0,0,0,0,0,0,0,0,0,0,1,0,2
1,-0.4474048350192824,0,0,1.1961557885674161,1,0.0,0,0.8518959279329622,0,1,1,0,0,1,0,1,0,1,0,0,0,0,0,0,0,0,0,2,2
1,-0.4474048350192824,1,1,-0.636914686785392,1,1.0,0,-1.5014938891940355,0,0,0,1,1,0,1,0,1,0,1,0,1,0,1,0,0,0,0,1,0
1,-0.4474048350192824,1,1,-1.0442636813082382,1,0.0,0,0.15385657539529343,0,0,0,0,0,1,0,0,0,0,0,0,0,1,0,1,1,0,0,0,1
0,-0.4474048350192824,0,0,1.114685989662847,1,1.0,0,-0.010681271988585749,0,1,0,0,0,1,0,0,0,1,0,1,0,0,0,0,0,1,0,2,1
0,-0.4474048350192824,0,0,-0.636914686785392,1,0.0,0,0.4978902562888586,0,1,1,0,0,0,0,0,0,1,0,0,0,0,0,0,0,0,0,1,2
1,-0.4474048350192824,1,0,0.7073369951400007,1,0.0,1,0.9748838138562659,0,1,1,0,0,1,0,1,0,0,0,0,0,0,0,1,1,0,0,2,2
1,-0.4474048350192824,0,1,-1.288673078021946,1,0.0,1,0.30842243202863406,0,1,1,0,0,0,0,0,0,0,0,0,0,0,0,0,0,1,0,0,2
0,-0.4474048350192824,1,1,1.5220349841856933,1,2.0,0,0.4862562670798976,0,1,0,0,0,1,0,1,0,1,0,1,0,1,0,0,0,0,0,2,2
1,-0.4474048350192824,1,1,1.114685989662847,1,2.0,1,1.5133713143853242,0,1,1,0,0,1,0,0,0,1,0,1,0,1,0,1,0,1,0,2,2
0,2.235112188621971,1,1,-0.840589184046815,0,0.0,1,-1.1890381790105078,1,0,0,0,0,0,0,0,0,0,0,1,0,0,0,0,0,0,1,0,0
1,-0.4474048350192824,1,1,1.2368906880197008,1,2.0,0,0.6125681499200472,0,1,0,0,0,1,0,1,0,1,0,0,0,1,0,1,1,0,0,2,2
1,-0.4474048350192824,1,0,0.5443973973308622,1,2.0,0,0.019234700263028818,0,0,0,0,0,1,0,1,0,1,0,1,0,0,0,0,0,0,1,2,1
1,-0.4474048350192824,0,0,-1.288673078021946,1,0.0,1,0.15884257077056219,0,0,1,0,0,0,0,0,0,0,0,0,0,0,0,0,0,1,0,0,1
0,-0.4474048350192824,0,0,-1.288673078021946,1,0.0,1,0.31340842740390334,0,1,1,0,0,0,0,0,0,0,0,0,0,0,0,0,0,1,0,0,2
1,-0.4474048350192824,0,0,0.5443973973308622,0,2.0,0,-0.8915404549527869,1,0,0,0,0,1,0,0,0,1,0,1,0,0,0,0,0,0,1,2,1
0,-0.4474048350192824,0,0,-0.6776495862376766,1,0.0,1,-0.37133493746638135,0,0,0,0,0,0,0,1,0,0,0,1,0,0,0,0,0,0,1,1,1
0,-0.4474048350192824,1,1,0.34072290006943906,1,1.0,1,0.32005642123759553,0,0,0,0,0,1,0,0,0,0,0,1,0,1,0,1,1,0,0,2,2
1,-0.4474048350192824,0,0,-1.2479381785696613,1,0.0,1,0.15718057231213928,0,0,1,0,0,0,0,0,0,0,0,0,0,0,0,0,1,0,0,0,1
1,2.235112188621971,0,0,1.5220349841856933,0,1.0,1,-0.6987486337757165,1,0,0,0,0,0,0,1,0,1,0,0,0,1,0,0,1,0,0,2,1
0,-0.4474048350192824,0,0,0.9110114924014238,1,0.0,1,0.2668724705680586,0,1,1,0,0,0,0,0,0,0,0,0,0,0,0,0,0,1,0,2,2
1,2.235112188621971,0,0,0.2592531011648698,1,0.0,1,1.0164337753168413,0,1,1,0,0,0,0,0,0,0,0,0,0,1,0,1,0,0,0,2,2
0,-0.4474048350192824,0,0,0.4221926989740083,1,2.0,1,1.3139314993745617,0,1,1,0,0,0,0,1,0,1,0,0,0,1,0,1,0,1,0,2,2
1,-0.4474048350192824,0,0,-0.2703005917148303,0,1.0,0,-0.3497289575068821,1,0,0,0,0,1,0,0,0,0,0,1,0,1,0,1,1,0,0,2,1
1,-0.4474048350192824,1,1,0.7073369951400007,1,1.0,0,0.34664839657236374,0,0,0,0,0,1,0,0,0,0,0,1,0,1,0,1,0,1,0,2,2
1,-0.4474048350192824,1,1,-0.840589184046815,1,0.0,1,-0.5275627925581452,0,0,0,0,0,1,0,0,0,0,0,0,0,0,0,0,0,1,0,0,1
1,2.235112188621971,1,1,1.2776255874719855,1,2.0,1,1.5466112835537846,0,1,1,0,0,1,0,0,0,1,0,1,0,1,0,1,0,0,0,2,2
1,-0.4474048350192824,1,0,1.6035047830902625,1,2.0,1,1.0928857044043003,0,1,1,0,0,1,0,1,0,1,0,0,0,1,0,0,1,0,0,2,2
0,-0.4474048350192824,0,0,-1.288673078021946,1,0.0,1,-1.5131278784029967,0,0,0,1,1,0,1,0,1,0,1,0,1,0,1,0,0,0,1,0,0
0,-0.4474048350192824,1,0,0.17778330226030056,1,1.0,0,0.23363250139959815,0,1,0,0,0,0,0,1,0,0,0,1,0,0,0,1,0,0,1,2,2
1,-0.4474048350192824,1,1,0.992481291305993,1,1.0,1,1.079589716736916,0,0,1,0,0,0,0,1,0,1,0,0,0,1,0,1,1,0,0,2,2
1,-0.4474048350192824,1,0,0.21851820171258518,1,0.0,1,0.4779462747877825,0,0,1,0,0,1,0,1,0,0,0,0,0,0,0,0,0,1,0,2,2
0,-0.4474048350192824,1,0,-0.2295656922625457,1,0.0,1,0.3665923780734398,0,0,1,0,0,0,0,1,0,0,0,0,0,0,0,0,0,1,0,2,2
1,-0.4474048350192824,1,1,-1.2072032791173766,1,0.0,1,-0.2965450068373454,0,0,0,0,0,0,0,1,0,1,0,0,0,0,0,0,0,0,1,0,1
0,2.235112188621971,0,0,-1.288673078021946,1,0.0,1,0.2635484736512127,0,0,1,0,0,0,0,1,0,0,0,0,0,0,0,0,0,1,0,0,2
1,-0.4474048350192824,0,0,-1.288673078021946,1,0.0,1,-0.6987486337757165,0,0,0,0,0,0,0,0,0,0,0,0,0,0,0,0,0,0,0,0,1
0,-0.4474048350192824,1,1,1.0332161907582778,1,2.0,0,0.3566203873229018,0,1,0,0,0,1,0,0,0,1,0,1,0,1,0,0,0,0,1,2,2
1,-0.4474048350192824,1,1,0.2592531011648698,1,1.0,0,-0.17521911937246493,0,0,0,0,0,1,0,1,0,1,0,0,0,0,0,0,0,1,0,2,1
0,2.235112188621971,0,0,0.5036624978785775,1,1.0,1,1.1660136365749132,0,1,1,0,0,0,0,0,0,1,0,0,0,1,0,1,0,0,0,2,2
1,-0.4474048350192824,1,0,-0.2295656922625457,1,0.0,1,-0.37465893438322745,0,0,0,0,0,0,0,1,0,0,0,1,0,0,0,0,0,1,0,2,1
0,2.235112188621971,0,0,1.3590953863765547,1,0.0,1,0.5111862439562429,0,1,1,0,0,0,0,1,0,0,0,0,0,0,0,0,1,0,0,2,2
1,-0.4474048350192824,1,1,1.5220349841856933,1,2.0,1,0.6940060743827752,0,1,0,0,0,0,0,1,0,1,0,1,0,1,0,1,1,0,0,2,2
1,-0.4474048350192824,0,0,-1.2479381785696613,1,0.0,0,-0.10042918874342897,0,1,0,0,0,0,0,0,0,0,0,0,0,0,0,1,0,0,0,0,1
1,-0.4474048350192824,1,0,1.1961557885674161,1,1.0,1,-1.373520007895463,0,1,0,1,1,0,1,0,1,0,1,0,1,0,1,0,1,0,0,2,0
0,-0.4474048350192824,1,1,0.09631350335573131,1,2.0,0,-1.5081418830277276,0,0,0,1,1,0,1,0,1,0,1,0,1,0,1,0,1,0,0,2,0
1,2.235112188621971,0,0,-1.288673078021946,1,0.0,0,0.32005642123759553,0,0,1,0,0,0,0,0,0,0,0,1,0,0,0,0,0,1,0,0,2
0,-0.4474048350192824,1,1,-0.6776495862376766,1,0.0,1,0.8103459664723867,0,0,1,0,0,0,0,1,0,1,0,0,0,1,0,0,1,0,0,1,2
0,-0.4474048350192824,1,1,0.5036624978785775,1,2.0,0,-1.469915918483998,0,0,0,1,1,0,1,0,1,0,1,0,1,0,1,0,0,0,1,2,0
0,-0.4474048350192824,1,0,1.5627698836379778,1,2.0,1,-1.3519140279359636,0,1,0,1,1,0,1,0,1,0,1,0,1,0,1,0,1,0,0,2,0
1,-0.4474048350192824,1,0,0.7073369951400007,1,1.0,1,1.1028576951548383,0,1,1,0,0,0,0,1,0,0,0,0,0,1,0,1,0,1,0,2,2
0,-0.4474048350192824,0,0,0.666602095687716,1,2.0,0,1.1826336211591435,0,0,1,0,0,0,0,0,0,1,0,1,0,1,0,1,1,0,0,2,2
1,-0.4474048350192824,0,0,-1.288673078021946,1,0.0,1,0.32670441507128767,0,1,1,0,0,0,0,0,0,0,0,0,0,0,0,0,0,1,0,0,2
1,-0.4474048350192824,0,0,-0.7183844856899612,1,0.0,1,-0.2151070823746173,0,1,0,0,0,0,0,1,0,0,0,1,0,0,0,0,1,0,0,1,1
0,2.235112188621971,0,0,-1.288673078021946,1,0.0,1,0.23363250139959815,0,1,1,0,0,0,0,0,0,0,0,0,0,0,0,0,0,1,0,0,2
0,-0.4474048350192824,0,0,-0.7183844856899612,1,1.0,0,-1.4948458953603434,0,0,0,1,1,0,1,0,1,0,1,0,1,0,1,0,1,0,0,1,0
1,-0.4474048350192824,0,0,-0.3517703906193996,1,0.0,1,1.0280677645258023,0,0,1,0,0,0,0,0,0,0,0,1,0,1,0,1,0,1,0,1,2
0,2.235112188621971,1,0,1.114685989662847,0,2.0,1,-0.51925280026603,1,0,0,0,0,0,0,1,0,0,0,0,0,1,0,1,1,0,0,2,1
0,-0.4474048350192824,0,0,-1.2479381785696613,1,0.0,0,0.15551857385371634,0,0,1,0,0,0,0,0,0,0,0,0,0,0,0,0,0,0,0,0,1
0,-0.4474048350192824,1,0,0.2999880006171544,1,1.0,0,1.3521574639182914,0,1,1,0,0,1,0,0,0,1,0,0,0,1,0,1,0,0,0,2,2
0,-0.4474048350192824,0,0,0.992481291305993,1,2.0,1,1.003137787649457,0,0,1,0,0,0,0,0,0,1,0,0,0,1,0,1,0,1,0,2,2
0,-0.4474048350192824,1,0,1.6035047830902625,1,2.0,1,1.3438474716261763,0,1,1,0,0,1,0,0,0,1,0,0,0,1,0,1,0,1,0,2,2
1,-0.4474048350192824,0,0,-0.2703005917148303,1,1.0,0,-1.5048178861108816,0,0,0,1,1,0,1,0,1,0,1,0,1,0,1,0,1,0,0,2,0
0,-0.4474048350192824,0,0,1.5627698836379778,1,2.0,1,1.5349772943448237,0,1,1,0,0,0,0,1,0,1,0,1,0,1,0,1,0,1,0,2,2
1,-0.4474048350192824,1,0,0.05557860390344668,1,2.0,0,-1.4965078938187666,0,0,0,1,1,0,1,0,1,0,1,0,1,0,1,0,1,0,0,2,0
0,-0.4474048350192824,1,1,0.7480718945922853,1,1.0,1,0.833613944890309,0,1,1,0,0,0,0,0,0,1,0,0,0,0,0,1,0,1,0,2,2
0,-0.4474048350192824,0,0,0.5443973973308622,1,2.0,1,1.30728350554087,0,0,1,0,0,0,0,1,0,1,0,1,0,1,0,1,0,0,0,2,2
0,-0.4474048350192824,1,0,0.666602095687716,1,1.0,0,-1.4832119061513822,0,0,0,1,1,0,1,0,1,0,1,0,1,0,1,0,0,0,0,2,0
0,2.235112188621971,1,0,0.3814577995217237,1,0.0,1,0.3017744381949424,0,0,1,0,0,1,0,0,0,0,0,0,0,0,0,0,1,0,0,2,2
1,-0.4474048350192824,1,1,0.992481291305993,1,0.0,1,0.30676043357021116,0,1,1,0,0,0,0,0,0,0,0,0,0,0,0,0,0,1,0,2,2
0,-0.4474048350192824,1,1,0.7888067940445699,1,0.0,0,1.0995336982379924,0,1,1,0,0,1,0,1,0,1,0,0,0,0,0,1,0,0,0,2,2
0,-0.4474048350192824,0,0,-1.288673078021946,1,0.0,0,0.18044855073006166,0,0,1,0,0,0,0,0,0,0,0,0,0,0,0,0,0,1,0,0,2
0,-0.4474048350192824,1,0,-1.2072032791173766,1,0.0,1,0.32171841969601844,0,1,1,0,0,0,0,0,0,0,0,0,0,0,0,0,1,0,0,0,2
1,-0.4474048350192824,0,0,-1.2479381785696613,1,1.0,0,-1.521437870695112,0,0,0,1,1,0,1,0,1,0,1,0,1,0,1,0,1,0,0,0,0
1,-0.4474048350192824,0,0,0.2999880006171544,1,0.0,1,-0.10541518411869799,0,0,0,0,0,1,0,1,0,0,0,1,0,0,0,0,0,0,1,2,1
1,-0.4474048350192824,0,0,-1.288673078021946,1,0.0,1,-0.6439026846477567,0,0,0,0,0,0,0,0,0,0,0,0,0,0,0,0,0,0,1,0,1
0,-0.4474048350192824,1,1,0.7888067940445699,1,1.0,1,-0.46939284651333946,0,0,0,0,0,0,0,0,0,1,0,0,0,0,0,0,0,0,0,2,1
0,-0.4474048350192824,0,0,-1.0442636813082382,1,0.0,1,0.31839442277917257,0,1,0,0,0,0,0,0,0,0,0,1,0,1,0,1,0,1,0,0,2
0,-0.4474048350192824,0,0,1.6035047830902625,1,2.0,0,0.7156120543422743,0,1,0,0,0,0,0,1,0,1,0,1,0,1,0,1,0,0,0,2,2
1,-0.4474048350192824,0,0,-0.3517703906193996,1,0.0,1,1.149393651990683,0,1,1,0,0,0,0,1,0,0,0,0,0,1,0,1,0,0,0,1,2
0,-0.4474048350192824,0,0,0.2592531011648698,1,1.0,1,-0.5724367509355668,0,0,0,0,0,1,0,0,0,0,0,0,0,0,0,0,0,1,0,2,1
0,-0.4474048350192824,0,0,1.2368906880197008,1,2.0,0,-1.3585620217696557,0,1,0,1,1,0,1,0,1,0,1,0,1,0,1,0,0,0,1,2,0
0,-0.4474048350192824,1,1,1.5627698836379778,1,2.0,1,0.846909932557693,0,1,0,0,0,1,0,1,0,1,0,1,0,1,0,1,1,0,0,2,2
1,-0.4474048350192824,0,0,-1.2479381785696613,1,0.0,0,-1.5064798845693046,0,0,0,1,1,0,1,0,1,0,1,0,1,0,1,0,0,0,1,0,0
1,-0.4474048350192824,0,1,-0.10736099390569181,0,0.0,1,-0.6837906476499093,1,0,0,0,0,0,0,0,0,0,0,0,0,1,0,1,0,1,0,2,1
1,-0.4474048350192824,1,1,-1.288673078021946,1,0.0,0,-1.5064798845693046,0,0,0,1,1,0,1,0,1,0,1,0,1,0,1,0,0,1,0,0,0
0,-0.4474048350192824,1,1,-0.10736099390569181,1,2.0,1,-1.3286460495180412,0,1,0,1,1,0,1,0,1,0,1,0,1,0,1,0,0,0,1,2,0
1,-0.4474048350192824,0,0,-0.840589184046815,1,0.0,0,-1.3319700464348874,0,1,0,1,1,0,1,0,1,0,1,0,1,0,1,0,0,1,0,0,0
0,-0.4474048350192824,0,0,0.8295416934968546,1,1.0,1,0.9765458123146887,0,0,1,0,0,0,0,1,0,1,0,1,0,0,0,1,1,0,0,2,2
1,2.235112188621971,0,0,0.9110114924014238,0,0.0,1,-0.6721566584409481,1,0,0,0,0,1,0,1,0,0,0,0,0,1,0,0,0,1,0,2,1
1,2.235112188621971,0,0,1.4405651852811239,1,0.0,1,1.0247437676089566,0,1,1,0,0,0,0,1,0,1,0,0,0,0,0,1,0,1,0,2,2
0,-0.4474048350192824,1,1,-1.0849985807605227,1,0.0,0,-0.3048549991294605,0,0,0,0,0,1,0,1,0,0,0,0,0,0,0,0,1,0,0,0,1
0,-0.4474048350192824,1,1,1.3998302858288394,1,2.0,0,0.29678844281967315,0,1,0,0,0,1,0,1,0,0,0,1,0,1,0,0,1,0,0,2,2
0,-0.4474048350192824,0,0,-1.166468379665092,1,0.0,1,-0.022315261197546708,0,1,0,0,0,0,0,0,0,0,0,1,0,1,0,0,0,0,1,0,1
0,-0.4474048350192824,1,1,-1.2479381785696613,0,0.0,1,-1.3519140279359636,1,0,0,0,0,0,0,0,0,0,0,0,0,0,0,0,0,0,1,0,0
1,-0.4474048350192824,0,0,-0.9220589829513843,1,0.0,1,-0.2766010253362691,0,0,0,0,0,0,0,0,0,0,0,0,0,0,0,1,0,0,0,0,1
1,-0.4474048350192824,0,0,-1.166468379665092,0,0.0,1,-0.6821286491914863,1,0,0,0,0,0,0,0,0,0,0,0,0,1,0,1,0,1,0,0,1
1,2.235112188621971,0,0,-0.5147099884285381,1,0.0,1,0.6408221237132383,0,1,1,0,0,0,0,0,0,0,0,0,0,1,0,0,0,1,0,1,2
0,-0.4474048350192824,0,1,-0.7183844856899612,1,0.0,1,0.6923440759243523,0,0,1,0,0,0,0,1,0,0,0,0,0,0,0,1,0,0,0,1,2
1,-0.4474048350192824,0,0,-0.06662609445340718,1,0.0,1,0.24526649060855957,0,0,0,0,0,1,0,1,0,1,0,1,0,1,0,0,0,0,0,2,2
0,-0.4474048350192824,0,0,-0.7591193851422458,1,0.0,0,-0.49764682030653085,0,0,0,0,0,1,0,0,0,0,0,0,0,0,0,0,0,0,0,1,1
0,2.235112188621971,0,0,1.2776255874719855,1,0.0,0,0.31839442277917257,0,1,0,0,0,0,0,1,0,1,0,1,0,0,0,1,1,0,0,2,2
1,-0.4474048350192824,0,0,-1.288673078021946,1,0.0,1,-1.4948458953603434,0,0,0,1,1,0,1,0,1,0,1,0,1,0,1,0,0,0,1,0,0
1,-0.4474048350192824,0,0,0.9517463918537085,1,2.0,1,0.5560602023336643,0,0,0,0,0,0,0,1,0,1,0,1,0,1,0,1,1,0,0,2,2
1,2.235112188621971,1,0,1.6035047830902625,1,2.0,1,0.6325121314211232,0,1,0,0,0,1,0,1,0,1,0,0,0,1,0,1,1,0,0,2,2
1,-0.4474048350192824,1,1,1.5627698836379778,1,2.0,1,0.27518246286017367,0,0,0,0,0,0,0,1,0,0,0,1,0,1,0,1,1,0,0,2,2
0,-0.4474048350192824,0,0,0.2999880006171544,0,1.0,1,-0.3497289575068821,1,0,0,0,0,1,0,0,0,0,0,1,0,1,0,1,0,0,0,2,1
0,-0.4474048350192824,1,0,-0.5961797873331073,1,0.0,1,1.0264057660673793,0,0,1,0,0,0,0,0,0,1,0,0,0,1,0,1,1,0,0,1,2
1,-0.4474048350192824,0,0,0.8702765929491392,1,0.0,0,0.8219799556813476,0,0,1,0,0,1,0,0,0,1,0,0,0,1,0,0,0,0,1,2,2
1,-0.4474048350192824,1,1,1.6035047830902625,1,2.0,1,1.579851252722245,0,1,1,0,0,1,0,1,0,1,0,1,0,1,0,1,1,0,0,2,2
1,-0.4474048350192824,0,0,-1.288673078021946,1,0.0,1,0.825303952598194,0,0,1,0,0,0,0,0,0,0,0,0,0,1,0,1,0,1,0,0,2
1,-0.4474048350192824,1,1,1.4813000847334086,1,2.0,1,0.35495838886447884,0,0,0,0,0,1,0,1,0,1,0,1,0,1,0,0,0,0,0,2,2
0,-0.4474048350192824,0,0,-1.288673078021946,1,0.0,1,0.46797428403724445,0,1,1,0,0,0,0,1,0,0,0,0,0,0,0,0,0,0,1,0,2
1,-0.4474048350192824,0,1,0.2592531011648698,1,1.0,0,-1.5197758722366888,0,0,0,1,1,0,1,0,1,0,1,0,1,0,1,0,0,0,0,2,0
0,-0.4474048350192824,0,0,-0.7998542845945305,1,0.0,1,0.6940060743827752,0,1,1,0,0,0,0,0,0,0,0,0,0,0,0,1,0,1,0,1,2
0,-0.4474048350192824,0,0,-1.288673078021946,1,0.0,0,-1.4749019138592672,0,0,0,1,1,0,1,0,1,0,1,0,1,0,1,0,0,1,0,0,0
0,-0.4474048350192824,1,0,1.114685989662847,1,2.0,0,-0.17355712091404174,0,0,0,0,0,1,0,1,0,0,0,1,0,0,0,0,0,0,0,2,1
1,-0.4474048350192824,1,0,1.5220349841856933,1,2.0,0,0.4064803410755924,0,1,0,0,0,1,0,0,0,1,0,1,0,0,0,1,1,0,0,2,2
1,-0.4474048350192824,1,1,-1.0442636813082382,1,0.0,0,-1.4898598999850743,0,0,0,1,1,0,1,0,1,0,1,0,1,0,1,0,0,0,1,0,0
1,-0.4474048350192824,0,0,0.8702765929491392,1,0.0,1,0.1605045692289856,0,0,0,0,0,1,0,1,0,0,0,1,0,1,0,0,0,0,1,2,1
1,-0.4474048350192824,0,0,0.46292759842629294,1,0.0,0,1.1793096242422971,0,0,1,0,0,0,0,1,0,0,0,1,0,1,0,1,0,1,0,2,2
1,-0.4474048350192824,1,0,0.5443973973308622,1,0.0,0,-1.5114658799445737,0,0,0,1,1,0,1,0,1,0,1,0,1,0,1,0,0,1,0,2,0
1,-0.4474048350192824,0,0,0.7073369951400007,1,0.0,1,0.9449678416046513,0,0,1,0,0,1,0,1,0,0,0,1,0,0,0,1,1,0,0,2,2
1,2.235112188621971,1,0,-0.10736099390569181,1,0.0,0,0.42642432257666896,0,1,1,0,0,0,0,0,0,0,0,0,0,0,0,0,0,0,1,2,2
0,-0.4474048350192824,0,0,-1.2072032791173766,1,0.0,1,0.30509843511178825,0,1,1,0,0,0,0,0,0,0,0,0,0,0,0,0,0,1,0,0,2
0,-0.4474048350192824,0,0,0.13704840280801595,0,0.0,1,-1.0045563501255521,1,0,0,0,0,0,0,1,0,0,0,1,0,0,0,0,0,0,0,2,0
1,2.235112188621971,1,0,-0.14809589335797643,1,0.0,1,0.9765458123146887,0,1,1,0,0,0,0,0,0,0,0,0,0,1,0,1,0,1,0,2,2
1,-0.4474048350192824,0,0,1.3590953863765547,1,2.0,0,-1.5081418830277276,0,0,0,1,1,0,1,0,1,0,1,0,1,0,1,0,0,0,0,2,0
0,-0.4474048350192824,1,1,1.31836048692427,1,2.0,1,1.5200193082190165,0,1,1,0,0,0,0,1,0,1,0,1,0,1,0,1,1,0,0,2,2
1,2.235112188621971,1,0,0.666602095687716,1,0.0,0,0.8302899479734628,0,1,1,0,0,0,0,1,0,0,0,0,0,0,0,1,1,0,0,2,2
1,-0.4474048350192824,0,1,1.4813000847334086,1,2.0,1,0.4779462747877825,0,1,0,0,0,1,0,1,0,1,0,1,0,1,0,0,1,0,0,2,2
1,-0.4474048350192824,1,1,1.1554208891151316,0,0.0,0,-1.0461063115861278,1,0,0,0,0,1,0,0,0,1,0,0,0,0,0,0,0,0,0,2,0
1,-0.4474048350192824,1,1,1.4813000847334086,1,1.0,1,-1.4798879092345363,0,0,0,1,1,0,1,0,1,0,1,0,1,0,1,0,1,0,0,2,0
1,-0.4474048350192824,1,0,0.7480718945922853,1,2.0,1,0.604258157627932,0,0,0,0,0,1,0,1,0,1,0,1,0,1,0,1,1,0,0,2,2
0,-0.4474048350192824,1,0,0.17778330226030056,1,0.0,1,1.1444076566154138,0,1,1,0,0,0,0,0,0,1,0,0,0,1,0,1,0,1,0,2,2
0,-0.4474048350192824,1,0,0.5443973973308622,1,1.0,1,-1.3502520294775406,0,1,0,1,1,0,1,0,1,0,1,0,1,0,1,0,0,0,0,2,0
1,2.235112188621971,1,0,0.014843704451162058,1,0.0,1,1.18097162270072,0,1,1,0,0,0,0,1,0,0,0,0,0,1,0,1,0,0,0,2,2
1,2.235112188621971,0,0,-1.1257334802128074,1,0.0,1,0.8219799556813476,0,1,1,0,0,0,0,1,0,0,0,0,0,0,0,1,0,1,0,0,2
0,2.235112188621971,1,1,0.5443973973308622,1,0.0,1,1.5000753267179403,0,1,1,0,0,1,0,1,0,0,0,1,0,1,0,1,0,1,0,2,2
1,-0.4474048350192824,0,0,-1.288673078021946,1,0.0,0,-0.6239587031466806,0,0,0,0,0,0,0,0,0,0,0,0,0,0,0,0,0,0,1,0,1
1,2.235112188621971,1,0,1.6035047830902625,1,2.0,1,0.27850645977702,0,1,0,0,0,0,0,0,0,1,0,0,0,1,0,1,1,0,0,2,2
1,2.235112188621971,1,0,0.992481291305993,1,0.0,1,1.003137787649457,0,1,1,0,0,0,0,1,0,1,0,0,0,0,0,1,0,0,0,2,2
0,-0.4474048350192824,0,0,-1.2072032791173766,1,0.0,1,0.32171841969601844,0,0,1,0,0,0,0,0,0,1,0,0,0,0,0,0,0,0,1,0,2
1,-0.4474048350192824,0,0,0.9517463918537085,1,0.0,1,0.9765458123146887,0,1,1,0,0,0,0,1,0,0,0,1,0,0,0,1,0,1,0,2,2
0,-0.4474048350192824,0,0,-1.2072032791173766,0,0.0,1,-0.48102683572230065,1,0,0,0,0,0,0,1,0,0,0,0,0,1,0,1,0,1,0,0,1
1,2.235112188621971,0,0,-0.7591193851422458,1,0.0,1,1.014771776858418,0,1,1,0,0,0,0,0,0,0,0,0,0,1,0,1,0,1,0,1,2
0,2.235112188621971,1,0,-0.6776495862376766,1,0.0,1,0.6740620928816987,0,1,1,0,0,0,0,0,0,0,0,0,0,0,0,1,1,0,0,1,2
1,-0.4474048350192824,1,0,1.1554208891151316,1,2.0,0,0.3416624011970945,0,1,0,0,0,1,0,0,0,1,0,1,0,0,0,1,1,0,0,2,2
1,-0.4474048350192824,0,1,-1.166468379665092,1,0.0,1,-0.5209147987244532,0,0,0,0,0,1,0,0,0,0,0,0,0,0,0,0,0,1,0,0,1
1,2.235112188621971,1,0,0.7073369951400007,1,1.0,1,1.224183582619719,0,1,1,0,0,1,0,1,0,1,0,0,0,1,0,0,0,0,0,2,2
1,-0.4474048350192824,0,0,-1.288673078021946,1,0.0,0,0.29678844281967315,0,0,1,0,0,0,0,0,0,0,0,1,0,0,0,0,0,1,0,0,2
1,-0.4474048350192824,0,1,0.34072290006943906,1,1.0,0,0.17047655997952363,0,0,0,0,0,1,0,1,0,1,0,0,0,1,0,0,0,0,1,2,2
1,-0.4474048350192824,0,0,-0.14809589335797643,0,0.0,0,-1.0228383331682056,1,0,0,0,0,0,0,1,0,0,0,1,0,0,0,0,0,1,0,2,0
1,-0.4474048350192824,0,0,-1.2479381785696613,1,0.0,1,0.4912422624551664,0,0,1,0,0,0,0,0,0,1,0,1,0,0,0,0,0,1,0,0,2
1,-0.4474048350192824,1,1,-0.18883079281026105,1,1.0,0,0.9250238601035752,0,0,1,0,0,0,0,1,0,1,0,1,0,1,0,0,0,0,0,2,2
0,-0.4474048350192824,1,1,-0.3517703906193996,1,0.0,0,-0.3297849760058058,0,0,0,0,0,1,0,0,0,0,0,1,0,0,0,0,0,1,0,1,1
1,-0.4474048350192824,0,0,-0.9220589829513843,0,0.0,1,-1.0361343208355898,1,0,0,0,0,0,0,0,0,0,0,0,0,0,0,1,0,0,1,0,0
0,-0.4474048350192824,1,1,0.46292759842629294,1,0.0,0,-1.5114658799445737,0,0,0,1,1,0,1,0,1,0,1,0,1,0,1,0,0,0,1,2,0
1,2.235112188621971,0,0,-0.8813240834990996,1,0.0,1,0.46797428403724445,0,0,1,0,0,0,0,0,0,0,0,0,0,0,0,1,1,0,0,0,2
1,-0.4474048350192824,1,0,1.6035047830902625,1,2.0,0,0.5676941915426257,0,1,0,0,0,0,0,1,0,1,0,0,0,1,0,1,0,0,0,2,2
0,-0.4474048350192824,0,0,-0.8813240834990996,1,0.0,0,0.833613944890309,0,1,1,0,0,0,0,0,0,0,0,1,0,1,0,0,0,1,0,0,2
0,-0.4474048350192824,1,1,-0.18883079281026105,1,1.0,1,0.8435859356408472,0,1,1,0,0,0,0,0,0,0,0,1,0,0,0,1,0,1,0,2,2
0,-0.4474048350192824,0,0,-1.288673078021946,1,0.0,1,0.14720858156160124,0,0,1,0,0,0,0,0,0,0,0,0,0,0,0,0,0,1,0,0,1
1,-0.4474048350192824,1,1,1.1961557885674161,1,0.0,1,1.3438474716261763,0,1,1,0,0,1,0,1,0,0,0,0,0,1,0,1,0,1,0,2,2
1,-0.4474048350192824,0,0,-1.2072032791173766,1,0.0,1,1.338861476250907,0,1,1,0,0,0,0,1,0,1,0,0,0,1,0,1,0,0,0,0,2
0,-0.4474048350192824,1,1,-0.636914686785392,1,0.0,0,0.31507042586232625,0,0,0,0,0,1,0,1,0,0,0,0,0,1,0,1,0,0,1,1,2
0,-0.4474048350192824,0,0,-0.7591193851422458,1,0.0,1,0.5111862439562429,0,1,1,0,0,0,0,0,0,1,0,0,0,0,0,0,0,1,0,1,2
0,-0.4474048350192824,1,1,0.7888067940445699,1,1.0,0,1.170999631950182,0,0,1,0,0,1,0,0,0,1,0,0,0,1,0,1,0,1,0,2,2
1,-0.4474048350192824,0,0,1.1961557885674161,1,1.0,1,0.30676043357021116,0,0,0,0,0,1,0,1,0,0,0,0,0,1,0,1,1,0,0,2,2
0,-0.4474048350192824,0,0,-0.7183844856899612,1,0.0,0,-1.5181138737782658,0,0,0,1,1,0,1,0,1,0,1,0,1,0,1,0,0,0,0,1,0
0,-0.4474048350192824,0,0,-1.288673078021946,1,0.0,0,-0.6555366738567179,0,0,0,0,0,0,0,0,0,0,0,0,0,0,0,0,0,0,1,0,1
1,-0.4474048350192824,1,0,-1.2072032791173766,0,0.0,0,-1.1724181944262775,1,0,0,0,0,0,0,1,0,0,0,0,0,0,0,0,1,0,0,0,0
1,2.235112188621971,1,0,0.09631350335573131,1,0.0,1,1.1876196165344122,0,1,1,0,0,0,0,0,0,1,0,0,0,1,0,1,0,1,0,2,2
1,-0.4474048350192824,1,1,1.5220349841856933,1,2.0,1,0.6325121314211232,0,1,0,0,0,0,0,1,0,1,0,1,0,1,0,1,0,1,0,2,2
0,-0.4474048350192824,0,0,0.5851322967831468,1,1.0,1,-0.20513509162407925,0,0,0,0,0,1,0,1,0,0,0,1,0,0,0,0,0,0,1,2,1
1,-0.4474048350192824,1,0,1.1554208891151316,1,2.0,1,0.1605045692289856,0,1,0,0,0,1,0,0,0,1,0,0,0,0,0,1,0,0,1,2,1
0,-0.4474048350192824,1,1,-0.06662609445340718,1,0.0,1,0.8668539140587695,0,1,1,0,0,0,0,1,0,0,0,0,0,0,0,1,0,1,0,2,2
0,-0.4474048350192824,1,1,-1.166468379665092,1,0.0,0,-1.469915918483998,0,0,0,1,1,0,1,0,1,0,1,0,1,0,1,0,0,0,1,0,0
1,-0.4474048350192824,1,1,1.6035047830902625,1,2.0,0,-1.5181138737782658,0,0,0,1,1,0,1,0,1,0,1,0,1,0,1,0,1,0,0,2,0
1,-0.4474048350192824,1,0,0.5851322967831468,1,2.0,0,0.28349245515228877,0,0,0,0,0,0,0,1,0,1,0,0,0,1,0,1,0,1,0,2,2
1,-0.4474048350192824,1,1,-0.9627938824036689,1,2.0,0,-1.5114658799445737,0,0,0,1,1,0,1,0,1,0,1,0,1,0,1,0,0,0,1,0,0
0,-0.4474048350192824,0,0,-0.636914686785392,1,0.0,0,-1.3386180402685797,0,1,0,1,1,0,1,0,1,0,1,0,1,0,1,0,0,0,1,1,0
1,-0.4474048350192824,0,0,-0.7998542845945305,1,0.0,0,1.1859576180759894,0,1,1,0,0,0,0,0,0,0,0,1,0,1,0,1,0,1,0,1,2
0,-0.4474048350192824,1,0,0.014843704451162058,1,0.0,1,0.9948277953573419,0,1,1,0,0,0,0,0,0,1,0,1,0,0,0,1,1,0,0,2,2
0,-0.4474048350192824,1,1,0.8702765929491392,1,2.0,1,-0.17521911937246493,0,1,0,0,0,0,0,1,0,1,0,0,0,0,0,0,0,0,0,2,1
1,-0.4474048350192824,0,0,0.9517463918537085,1,1.0,1,-0.0140052689054316,0,1,0,0,0,1,0,1,0,0,0,1,0,0,0,0,0,0,0,2,1
1,-0.4474048350192824,1,0,1.3590953863765547,1,2.0,0,0.8851358971014226,0,1,0,0,0,1,0,1,0,1,0,1,0,1,0,1,0,0,0,2,2
0,-0.4474048350192824,1,1,0.7073369951400007,1,2.0,0,-1.4798879092345363,0,0,0,1,1,0,1,0,1,0,1,0,1,0,1,0,1,0,0,2,0
0,-0.4474048350192824,1,1,-0.31103549116711493,0,0.0,1,-0.2151070823746173,1,0,0,0,0,1,0,1,0,1,0,0,0,1,0,1,1,0,0,2,1
0,-0.4474048350192824,0,0,-0.9220589829513843,1,0.0,0,-0.35970094825742016,0,0,0,0,0,0,0,0,0,1,0,1,0,0,0,0,0,1,0,0,1
0,-0.4474048350192824,0,0,-0.025891195001122566,1,1.0,0,-1.4798879092345363,0,0,0,1,1,0,1,0,1,0,1,0,1,0,1,0,0,0,0,2,0
1,-0.4474048350192824,0,0,0.7480718945922853,1,0.0,0,0.4962282578304356,0,1,1,0,0,0,0,0,0,1,0,0,0,0,0,0,1,0,0,2,2
0,-0.4474048350192824,1,0,0.3814577995217237,1,0.0,1,0.04416467713937413,0,1,0,0,0,1,0,1,0,0,0,1,0,0,0,0,1,0,0,2,1
0,-0.4474048350192824,1,0,-0.840589184046815,1,2.0,1,-1.4965078938187666,0,0,0,1,1,0,1,0,1,0,1,0,1,0,1,0,0,1,0,0,0
1,-0.4474048350192824,0,0,-0.9627938824036689,0,1.0,0,-0.8483284950337884,1,0,0,0,0,1,0,1,0,1,0,0,0,0,0,0,0,0,1,0,1
1,2.235112188621971,1,0,0.4221926989740083,1,0.0,1,1.2607475487050253,0,1,1,0,0,0,0,1,0,1,0,0,0,1,0,1,0,1,0,2,2
1,-0.4474048350192824,1,1,0.9517463918537085,1,2.0,0,-1.3602240202280789,0,1,0,1,1,0,1,0,1,0,1,0,1,0,1,0,0,0,0,2,0
0,-0.4474048350192824,0,0,-0.14809589335797643,0,1.0,0,-0.8499904934922113,1,0,0,0,0,1,0,1,0,0,0,1,0,0,0,0,1,0,0,2,1
0,-0.4474048350192824,1,0,-0.2703005917148303,1,0.0,0,0.47296027941251323,0,1,1,0,0,0,0,1,0,0,0,0,0,0,0,0,0,0,0,2,2
1,-0.4474048350192824,0,0,-0.4332401895239688,0,2.0,0,-0.2766010253362691,1,0,0,0,0,0,0,0,0,1,0,1,0,1,0,1,0,0,0,1,1
0,-0.4474048350192824,1,0,1.5627698836379778,0,2.0,1,-0.5807467432276818,1,0,0,0,0,1,0,1,0,1,0,1,0,0,0,0,0,0,0,2,1
1,-0.4474048350192824,1,1,1.31836048692427,1,1.0,0,0.24526649060855957,0,1,0,0,0,1,0,1,0,1,0,0,0,0,0,1,1,0,0,2,2
0,-0.4474048350192824,0,0,1.2368906880197008,1,0.0,0,1.4352573868394425,0,1,1,0,0,1,0,1,0,1,0,0,0,1,0,1,1,0,0,2,2
0,2.235112188621971,0,0,-1.2479381785696613,1,0.0,1,0.1754625553547924,0,0,1,0,0,0,0,0,0,0,0,0,0,0,0,0,0,1,0,0,2
1,2.235112188621971,1,0,-0.6776495862376766,1,0.0,1,0.6640901021311607,0,1,1,0,0,0,0,0,0,0,0,0,0,1,0,0,1,0,0,1,2
1,-0.4474048350192824,0,1,0.014843704451162058,1,1.0,1,-1.4931838969019204,0,0,0,1,1,0,1,0,1,0,1,0,1,0,1,0,0,0,1,2,0
1,-0.4474048350192824,0,0,1.2776255874719855,1,1.0,1,1.3488334670014455,0,1,1,0,0,0,0,1,0,0,0,1,0,1,0,1,1,0,0,2,2
0,-0.4474048350192824,1,0,1.6035047830902625,1,2.0,0,-1.3319700464348874,0,1,0,1,1,0,1,0,1,0,1,0,1,0,1,0,1,0,0,2,0
1,-0.4474048350192824,1,0,1.3998302858288394,1,1.0,0,1.4901033359674023,0,1,1,0,0,1,0,1,0,1,0,0,0,1,0,1,1,0,0,2,2
0,-0.4474048350192824,0,0,-0.5961797873331073,1,0.0,1,-0.5009708172233769,0,0,0,0,0,0,0,0,0,1,0,0,0,0,0,0,0,0,1,1,1
0,2.235112188621971,1,0,0.6258671962354314,1,0.0,0,1.7410651031892783,0,1,1,0,0,1,0,1,0,1,0,1,0,1,0,1,0,1,0,2,2
0,-0.4474048350192824,1,1,-0.5147099884285381,1,0.0,1,1.3554814608351373,0,1,1,0,0,0,0,1,0,1,0,0,0,1,0,1,0,0,0,1,2
1,-0.4474048350192824,1,1,0.17778330226030056,1,2.0,0,-1.5048178861108816,0,0,0,1,1,0,1,0,1,0,1,0,1,0,1,0,0,0,0,2,0
0,-0.4474048350192824,1,1,1.5220349841856933,1,2.0,0,0.9582638292720357,0,1,1,0,0,1,0,1,0,1,0,1,0,0,0,0,0,0,0,2,2
1,2.235112188621971,0,0,1.4813000847334086,1,2.0,0,-1.4881979015266515,0,0,0,1,1,0,1,0,1,0,1,0,1,0,1,0,1,0,0,2,0
0,-0.4474048350192824,0,0,-0.8813240834990996,1,1.0,1,-0.34806695904845897,0,0,0,0,0,1,0,0,0,0,0,1,0,0,0,0,0,0,1,0,1
1,-0.4474048350192824,0,0,-0.4332401895239688,1,1.0,0,-1.5114658799445737,0,0,0,1,1,0,1,0,1,0,1,0,1,0,1,0,0,0,1,1,0
0,-0.4474048350192824,1,0,1.4813000847334086,1,2.0,0,1.1327736674064528,0,1,1,0,0,1,0,0,0,0,0,0,0,1,0,1,0,0,0,2,2
0,-0.4474048350192824,1,1,-0.5961797873331073,1,2.0,1,-1.3436040356438486,0,1,0,1,1,0,1,0,1,0,1,0,1,0,1,0,1,0,0,1,0
1,-0.4474048350192824,0,1,0.6258671962354314,1,1.0,1,0.4546782963698601,0,1,0,0,0,1,0,0,0,1,0,0,0,1,0,1,1,0,0,2,2
0,-0.4474048350192824,0,1,0.34072290006943906,1,0.0,0,-0.6605226692319869,0,0,0,0,0,0,0,0,0,0,0,0,0,0,0,0,0,0,0,2,1
0,2.235112188621971,1,0,1.4405651852811239,1,0.0,1,0.8153319618476554,0,1,1,0,0,0,0,1,0,0,0,0,0,0,0,1,0,0,0,2,2
0,-0.4474048350192824,0,0,0.3814577995217237,1,1.0,1,0.08737663705837258,0,0,0,0,0,1,0,1,0,0,0,1,0,0,0,1,0,0,1,2,1
0,-0.4474048350192824,0,1,-0.9627938824036689,1,0.0,1,0.2602244767343668,0,0,0,0,0,0,0,0,0,1,0,1,0,1,0,1,0,0,1,0,2
0,-0.4474048350192824,0,0,-0.31103549116711493,1,2.0,0,1.456863366798942,0,1,1,0,0,0,0,1,0,1,0,1,0,1,0,1,0,1,0,2,2
1,-0.4474048350192824,0,0,0.8295416934968546,0,0.0,1,-0.6239587031466806,1,0,0,0,0,1,0,1,0,0,0,0,0,0,0,1,0,0,0,2,1
0,-0.4474048350192824,1,1,-0.2295656922625457,1,1.0,0,0.035854684847259025,0,0,0,0,0,1,0,1,0,1,0,1,0,0,0,0,0,0,1,2,1
1,-0.4474048350192824,0,0,-0.14809589335797643,1,0.0,0,-0.5358727848502602,0,0,0,0,0,0,0,0,0,1,0,0,0,0,0,0,0,0,0,2,1
0,-0.4474048350192824,1,1,-0.5554448878808227,1,2.0,0,-1.3120260649338111,0,1,0,1,1,0,1,0,1,0,1,0,1,0,1,0,0,0,1,1,0
0,2.235112188621971,0,0,-1.288673078021946,1,0.0,1,0.13889858926948614,0,0,1,0,0,0,0,0,0,0,0,0,0,0,0,0,0,1,0,0,1
0,2.235112188621971,0,0,0.21851820171258518,1,0.0,1,-0.26330503766888497,0,0,0,0,0,1,0,1,0,0,0,0,0,0,0,0,1,0,0,2,1
0,-0.4474048350192824,0,0,-0.7998542845945305,0,0.0,1,-1.1109242514646256,1,0,0,0,0,0,0,1,0,0,0,0,0,0,0,0,0,1,0,1,0
0,-0.4474048350192824,0,0,-0.7183844856899612,1,0.0,1,-0.0140052689054316,0,1,0,0,0,1,0,0,0,0,0,0,0,0,0,1,0,0,0,1,1
0,-0.4474048350192824,1,1,0.2999880006171544,1,0.0,1,0.6574421082974685,0,1,1,0,0,0,0,0,0,1,0,1,0,0,0,0,0,1,0,2,2
1,-0.4474048350192824,0,1,-1.166468379665092,1,0.0,1,1.2175355887860269,0,1,1,0,0,0,0,1,0,0,0,0,0,1,0,1,0,1,0,0,2
1,-0.4474048350192824,0,0,-1.0849985807605227,1,0.0,0,-1.533071859904073,0,0,0,1,1,0,1,0,1,0,1,0,1,0,1,0,0,0,1,0,0
0,-0.4474048350192824,0,1,-1.2479381785696613,1,1.0,0,-1.4815499076929592,0,0,0,1,1,0,1,0,1,0,1,0,1,0,1,0,0,0,0,0,0
1,-0.4474048350192824,1,1,-0.025891195001122566,1,1.0,1,0.855219924849808,0,0,1,0,0,1,0,1,0,0,0,0,0,0,0,1,0,1,0,2,2
0,-0.4474048350192824,0,0,-1.2072032791173766,1,0.0,1,0.4762842763293596,0,0,1,0,0,0,0,0,0,0,0,0,0,1,0,0,0,1,0,0,2
0,-0.4474048350192824,0,0,-0.39250529007168417,1,0.0,1,1.1178156812806455,0,1,1,0,0,0,0,1,0,0,0,0,0,1,0,1,1,0,0,1,2
1,-0.4474048350192824,0,0,-1.2072032791173766,1,0.0,0,-1.5031558876524584,0,0,0,1,1,0,1,0,1,0,1,0,1,0,1,0,0,0,1,0,0
0,-0.4474048350192824,0,0,-1.0442636813082382,1,0.0,1,0.4862562670798976,0,0,1,0,0,0,0,0,0,0,0,0,0,1,0,0,0,1,0,0,2
1,-0.4474048350192824,0,0,-1.166468379665092,0,0.0,0,-0.7535945829036762,1,0,0,0,0,1,0,1,0,0,0,1,0,0,0,0,0,0,1,0,1
0,2.235112188621971,1,0,1.2776255874719855,1,1.0,0,1.0613077336942627,0,0,1,0,0,1,0,1,0,1,0,0,0,0,0,1,0,0,0,2,2
1,-0.4474048350192824,0,1,-0.14809589335797643,1,1.0,0,1.1793096242422971,0,1,1,0,0,0,0,1,0,1,0,1,0,0,0,1,1,0,0,2,2
0,-0.4474048350192824,0,0,-1.2479381785696613,1,0.0,0,-1.4998318907356125,0,0,0,1,1,0,1,0,1,0,1,0,1,0,1,0,0,0,1,0,0
1,-0.4474048350192824,0,1,-1.2479381785696613,1,0.0,0,-1.4848739046098054,0,0,0,1,1,0,1,0,1,0,1,0,1,0,1,0,0,0,1,0,0
0,-0.4474048350192824,1,1,0.9110114924014238,1,2.0,1,0.6657521005895836,0,1,0,0,0,1,0,0,0,1,0,1,0,1,0,1,0,0,0,2,2
0,-0.4474048350192824,1,0,-0.31103549116711493,1,0.0,0,-0.36468694363268916,0,1,0,0,0,0,0,1,0,0,0,0,0,0,0,0,0,1,0,2,1
0,-0.4474048350192824,1,0,0.3814577995217237,1,2.0,0,0.6408221237132383,0,1,0,0,0,1,0,0,0,1,0,1,0,1,0,1,1,0,0,2,2
1,-0.4474048350192824,1,1,0.014843704451162058,1,1.0,1,0.2934644459028273,0,0,0,0,0,0,0,0,0,1,0,1,0,1,0,1,0,0,1,2,2
1,-0.4474048350192824,0,0,-0.5961797873331073,1,0.0,1,0.10898261701787157,0,0,0,0,0,1,0,0,0,1,0,1,0,1,0,0,0,1,0,1,1
1,-0.4474048350192824,1,1,-0.10736099390569181,1,2.0,0,-1.456619930816614,0,0,0,1,1,0,1,0,1,0,1,0,1,0,1,0,0,0,1,2,0
1,-0.4474048350192824,1,0,-1.0442636813082382,0,0.0,0,-1.0261623300850515,1,0,0,0,0,1,0,1,0,0,0,0,0,0,0,0,0,0,1,0,0
1,-0.4474048350192824,1,1,0.46292759842629294,0,2.0,1,-0.36634894209111235,1,0,0,0,0,1,0,1,0,1,0,1,0,0,0,1,1,0,0,2,1
1,-0.4474048350192824,1,1,1.4813000847334086,0,2.0,0,-0.8632864811595954,1,0,0,0,0,1,0,0,0,1,0,1,0,0,0,0,0,0,1,2,1
0,-0.4474048350192824,1,1,1.6035047830902625,1,2.0,1,0.6923440759243523,0,1,0,0,0,1,0,0,0,1,0,1,0,1,0,1,1,0,0,2,2
0,-0.4474048350192824,0,0,-1.288673078021946,1,0.0,0,-0.5175908018076071,0,0,0,0,0,0,0,1,0,0,0,0,0,0,0,0,0,1,0,0,1
0,-0.4474048350192824,0,0,-1.0849985807605227,1,0.0,0,-0.3297849760058058,0,0,0,0,0,1,0,1,0,0,0,0,0,0,0,0,0,0,1,0,1
0,-0.4474048350192824,0,0,-1.2479381785696613,1,0.0,0,0.5161722393315117,0,1,1,0,0,0,0,0,0,1,0,0,0,0,0,0,0,0,1,0,2
1,-0.4474048350192824,1,1,1.4405651852811239,1,2.0,0,-0.08048520724235267,0,0,0,0,0,1,0,1,0,1,0,1,0,0,0,0,1,0,0,2,1
1,-0.4474048350192824,1,1,1.4405651852811239,1,2.0,1,0.7904019849713102,0,1,0,0,0,1,0,1,0,1,0,1,0,1,0,1,1,0,0,2,2
1,-0.4474048350192824,1,1,-1.0035287818559535,1,2.0,0,-1.5114658799445737,0,0,0,1,1,0,1,0,1,0,1,0,1,0,1,0,1,0,0,0,0
1,-0.4474048350192824,0,1,-1.1257334802128074,1,0.0,0,-1.4865359030682284,0,0,0,1,1,0,1,0,1,0,1,0,1,0,1,0,1,0,0,0,0
1,-0.4474048350192824,0,0,-1.0849985807605227,0,0.0,1,-1.149150216008355,1,0,0,0,0,0,0,1,0,0,0,0,0,0,0,0,1,0,0,0,0
0,2.235112188621971,0,0,-0.7591193851422458,0,0.0,1,-0.6222967046882574,1,0,0,0,0,0,0,0,0,0,0,0,0,1,0,1,0,1,0,1,1
0,-0.4474048350192824,1,0,0.7888067940445699,0,1.0,0,-0.9846123686244759,1,0,0,0,0,1,0,0,0,1,0,0,0,0,0,0,0,0,1,2,1
1,-0.4474048350192824,0,0,1.4813000847334086,1,2.0,1,-1.5280858645288038,0,0,0,1,1,0,1,0,1,0,1,0,1,0,1,0,0,0,1,2,0
0,-0.4474048350192824,1,0,-0.9627938824036689,1,0.0,1,0.35495838886447884,0,0,1,0,0,0,0,0,0,1,0,0,0,0,0,0,0,0,0,0,2
0,-0.4474048350192824,0,0,-1.288673078021946,0,0.0,1,-0.9746403778739379,1,0,0,0,0,0,0,0,0,0,0,0,0,1,0,0,0,1,0,0,1
1,-0.4474048350192824,1,0,1.0739510902105622,1,0.0,1,1.3853974330867518,0,1,1,0,0,1,0,1,0,1,0,1,0,1,0,0,0,1,0,2,2
0,-0.4474048350192824,0,0,-0.8813240834990996,1,0.0,0,-1.4881979015266515,0,0,0,1,1,0,1,0,1,0,1,0,1,0,1,0,0,0,0,0,0
1,-0.4474048350192824,1,0,0.17778330226030056,1,2.0,0,0.9715598169394195,0,1,1,0,0,0,0,0,0,1,0,1,0,1,0,0,0,0,1,2,2
1,-0.4474048350192824,0,0,0.7480718945922853,1,1.0,1,0.9881798015236497,0,1,1,0,0,1,0,1,0,0,0,0,0,1,0,0,0,1,0,2,2
1,-0.4474048350192824,1,0,0.2999880006171544,1,1.0,1,1.3604674562104064,0,1,1,0,0,0,0,1,0,1,0,0,0,1,0,1,0,0,0,2,2
1,-0.4474048350192824,0,0,-0.2295656922625457,1,1.0,0,-1.4881979015266515,0,0,0,1,1,0,1,0,1,0,1,0,1,0,1,0,0,0,1,2,0
1,-0.4474048350192824,0,0,1.4813000847334086,1,2.0,0,-1.4998318907356125,0,0,0,1,1,0,1,0,1,0,1,0,1,0,1,0,1,0,0,2,0
1,2.235112188621971,1,1,0.4221926989740083,1,0.0,1,1.5183573097605936,0,1,1,0,0,0,0,1,0,1,0,1,0,1,0,1,0,0,0,2,2
0,-0.4474048350192824,1,1,0.5443973973308622,1,1.0,0,0.8602059202250774,0,0,1,0,0,0,0,0,0,1,0,1,0,0,0,1,0,0,0,2,2
1,-0.4474048350192824,0,0,-0.06662609445340718,1,0.0,1,-0.3264609790889597,0,0,0,0,0,0,0,0,0,1,0,1,0,0,0,0,0,1,0,2,1
1,2.235112188621971,0,0,-1.1257334802128074,1,0.0,1,0.17213855843794656,0,0,1,0,0,0,0,0,0,0,0,0,0,0,0,0,0,0,1,0,2
1,-0.4474048350192824,1,0,1.0332161907582778,1,1.0,0,-0.4909988264728389,0,0,0,0,0,0,0,0,0,1,0,0,0,0,0,0,1,0,0,2,1
1,-0.4474048350192824,1,1,-1.166468379665092,1,0.0,1,0.6557801098390456,0,1,1,0,0,0,0,1,0,1,0,0,0,0,0,0,0,0,0,0,2
0,-0.4474048350192824,1,1,1.2776255874719855,1,0.0,1,0.7222600481759663,0,1,1,0,0,1,0,0,0,0,0,1,0,0,0,0,0,0,0,2,2
1,-0.4474048350192824,0,1,0.7888067940445699,1,2.0,0,-1.3120260649338111,0,1,0,1,1,0,1,0,1,0,1,0,1,0,1,0,1,0,0,2,0
1,-0.4474048350192824,1,1,1.3590953863765547,1,2.0,1,0.6291881345042774,0,1,0,0,0,1,0,0,0,1,0,1,0,1,0,1,0,0,1,2,2
0,-0.4474048350192824,1,0,-0.31103549116711493,1,1.0,1,-1.4915218984434973,0,0,0,1,1,0,1,0,1,0,1,0,1,0,1,0,0,0,0,2,0
1,-0.4474048350192824,1,0,0.46292759842629294,1,1.0,1,0.19540653685586895,0,0,0,0,0,0,0,1,0,1,0,1,0,1,0,0,0,1,0,2,2
0,2.235112188621971,1,0,0.17778330226030056,1,0.0,0,0.8286279495150398,0,0,1,0,0,0,0,0,0,1,0,1,0,1,0,0,0,1,0,2,2
1,2.235112188621971,1,0,0.34072290006943906,1,0.0,1,0.6208781422121622,0,1,1,0,0,1,0,0,0,1,0,0,0,0,0,0,0,0,0,2,2
1,-0.4474048350192824,1,1,0.4221926989740083,1,1.0,1,-1.5247618676119576,0,0,0,1,1,0,1,0,1,0,1,0,1,0,1,0,0,0,1,2,0
0,2.235112188621971,0,0,-0.5961797873331073,1,1.0,0,-1.4865359030682284,0,0,0,1,1,0,1,0,1,0,1,0,1,0,1,0,0,0,0,1,0
1,-0.4474048350192824,1,0,1.2776255874719855,1,2.0,1,1.3355374793340613,0,1,1,0,0,0,0,1,0,0,0,1,0,1,0,1,0,1,0,2,2
0,-0.4474048350192824,1,1,-0.9627938824036689,1,2.0,0,-1.5064798845693046,0,0,0,1,1,0,1,0,1,0,1,0,1,0,1,0,0,0,1,0,0
0,-0.4474048350192824,0,0,-0.5554448878808227,1,0.0,1,1.3804114377114827,0,0,1,0,0,1,0,0,0,1,0,1,0,1,0,1,0,1,0,1,2
1,-0.4474048350192824,0,0,-1.1257334802128074,0,0.0,1,-0.4677308480549165,1,0,0,0,0,0,0,1,0,0,0,0,0,1,0,1,0,0,1,0,1
1,-0.4474048350192824,0,1,-1.2072032791173766,1,0.0,0,-1.4915218984434973,0,0,0,1,1,0,1,0,1,0,1,0,1,0,1,0,0,0,0,0,0
0,2.235112188621971,1,0,1.6035047830902625,1,2.0,1,1.0480117460268783,0,1,1,0,0,1,0,1,0,1,0,1,0,0,0,0,0,0,0,2,2
1,2.235112188621971,1,0,1.5627698836379778,1,2.0,0,-1.3668720140617707,0,1,0,1,1,0,1,0,1,0,1,0,1,0,1,0,0,0,0,2,0
1,-0.4474048350192824,0,0,1.3590953863765547,1,1.0,1,-0.341418965214767,0,0,0,0,0,1,0,1,0,0,0,0,0,0,0,0,0,0,1,2,1
0,-0.4474048350192824,1,0,-0.10736099390569181,1,0.0,1,0.9649118231057273,0,1,1,0,0,0,0,1,0,0,0,1,0,1,0,0,1,0,0,2,2
0,-0.4474048350192824,0,0,1.1961557885674161,1,1.0,1,0.9615878261888815,0,1,1,0,0,0,0,0,0,0,0,0,0,1,0,1,0,0,0,2,2
1,-0.4474048350192824,1,1,1.4813000847334086,1,2.0,0,0.5178342377899351,0,0,0,0,0,1,0,1,0,0,0,1,0,1,0,1,0,0,0,2,2
0,2.235112188621971,0,0,-1.0442636813082382,1,0.0,1,0.6408221237132383,0,0,1,0,0,0,0,0,0,1,0,0,0,1,0,0,0,1,0,0,2
0,2.235112188621971,0,0,1.0739510902105622,1,1.0,1,1.1444076566154138,0,1,1,0,0,0,0,0,0,1,0,0,0,1,0,1,0,1,0,2,2
1,-0.4474048350192824,1,1,-0.3517703906193996,1,1.0,1,-0.2932210099204993,0,0,0,0,0,1,0,0,0,1,0,0,0,0,0,0,1,0,0,1,1
1,-0.4474048350192824,0,0,0.8295416934968546,1,2.0,0,-1.3452660341022715,0,1,0,1,1,0,1,0,1,0,1,0,1,0,1,0,0,0,1,2,0
0,-0.4474048350192824,0,0,-1.1257334802128074,1,1.0,0,-1.5131278784029967,0,0,0,1,1,0,1,0,1,0,1,0,1,0,1,0,0,1,0,0,0
0,-0.4474048350192824,1,0,1.0739510902105622,1,1.0,0,-1.4865359030682284,0,0,0,1,1,0,1,0,1,0,1,0,1,0,1,0,0,0,1,2,0
0,-0.4474048350192824,0,0,-1.288673078021946,0,0.0,0,-1.1474882175499321,1,0,0,0,0,0,0,0,0,0,0,1,0,0,0,0,0,0,1,0,0
0,-0.4474048350192824,1,1,0.4221926989740083,1,0.0,0,-0.49432282338968475,0,0,0,0,0,0,0,1,0,0,0,0,0,0,0,0,0,0,1,2,1
1,-0.4474048350192824,0,0,-1.0442636813082382,1,1.0,0,-1.5147898768614196,0,0,0,1,1,0,1,0,1,0,1,0,1,0,1,0,0,0,1,0,0
0,-0.4474048350192824,1,1,1.6035047830902625,1,2.0,0,0.5244822316236268,0,1,0,0,0,1,0,1,0,1,0,1,0,0,0,1,0,0,0,2,2
0,-0.4474048350192824,1,1,0.5036624978785775,1,1.0,1,-1.3020540741832731,0,1,0,1,1,0,1,0,1,0,1,0,1,0,1,0,1,0,0,2,0
1,-0.4474048350192824,0,0,1.5627698836379778,1,1.0,0,1.0829137136537623,0,1,1,0,0,1,0,0,0,0,0,1,0,0,0,1,1,0,0,2,2
0,-0.4474048350192824,0,0,0.5443973973308622,1,2.0,1,-1.461605926191883,0,0,0,1,1,0,1,0,1,0,1,0,1,0,1,0,0,1,0,2,0
0,-0.4474048350192824,1,1,0.5851322967831468,1,2.0,0,-0.04225924269862324,0,0,0,0,0,0,0,1,0,0,0,1,0,0,0,1,0,0,0,2,1
1,-0.4474048350192824,0,0,-0.7998542845945305,1,2.0,0,-1.4998318907356125,0,0,0,1,1,0,1,0,1,0,1,0,1,0,1,0,0,0,1,1,0
1,-0.4474048350192824,0,0,-1.1257334802128074,1,0.0,0,0.4546782963698601,0,0,1,0,0,0,0,0,0,0,0,0,0,0,0,1,0,0,1,0,2
0,-0.4474048350192824,1,1,0.8295416934968546,0,0.0,1,-0.5441827771423754,1,0,0,0,0,1,0,1,0,1,0,0,0,0,0,1,0,0,0,2,1
0,-0.4474048350192824,1,0,1.3590953863765547,1,1.0,0,0.7953879803465794,0,1,1,0,0,1,0,1,0,0,0,1,0,0,0,0,0,1,0,2,2
1,2.235112188621971,1,0,0.05557860390344668,1,0.0,1,0.6690760975064299,0,0,1,0,0,0,0,0,0,1,0,0,0,1,0,0,1,0,0,2,2
1,-0.4474048350192824,1,0,1.2776255874719855,1,2.0,1,0.3665923780734398,0,1,0,0,0,0,0,1,0,1,0,1,0,1,0,0,0,0,0,2,2
0,-0.4474048350192824,0,0,-0.7998542845945305,1,0.0,0,0.8086839680139638,0,1,1,0,0,0,0,1,0,1,0,1,0,0,0,0,0,1,0,1,2
1,-0.4474048350192824,0,0,-0.31103549116711493,1,2.0,1,-1.4732399154008442,0,0,0,1,1,0,1,0,1,0,1,0,1,0,1,0,0,0,1,2,0
0,-0.4474048350192824,0,0,-1.288673078021946,1,0.0,0,0.8485719310161158,0,0,1,0,0,0,0,0,0,0,0,0,0,1,0,1,0,1,0,0,2
0,-0.4474048350192824,1,0,0.5036624978785775,1,2.0,0,-1.3153500618506573,0,1,0,1,1,0,1,0,1,0,1,0,1,0,1,0,0,0,1,2,0
0,-0.4474048350192824,1,0,-1.0849985807605227,1,0.0,0,-0.6455646831061798,0,0,0,0,0,0,0,0,0,0,0,0,0,0,0,0,0,0,1,0,1
1,-0.4474048350192824,1,1,-1.166468379665092,1,0.0,0,-0.6738186568993711,0,0,0,0,0,0,0,0,0,0,0,0,0,0,0,0,0,1,0,0,1
1,-0.4474048350192824,0,0,-1.288673078021946,1,0.0,1,-1.4832119061513822,0,0,0,1,1,0,1,0,1,0,1,0,1,0,1,0,0,0,1,0,0
1,-0.4474048350192824,1,0,-0.9220589829513843,1,0.0,1,1.1560416458243747,0,0,1,0,0,0,0,1,0,0,0,1,0,1,0,1,0,1,0,0,2
1,-0.4474048350192824,1,1,1.1554208891151316,1,1.0,0,0.6591041067558919,0,0,0,0,0,1,0,1,0,1,0,1,0,1,0,1,0,0,0,2,2
0,-0.4474048350192824,1,1,0.5443973973308622,1,2.0,0,-1.4898598999850743,0,0,0,1,1,0,1,0,1,0,1,0,1,0,1,0,0,0,0,2,0
0,-0.4474048350192824,1,1,-1.0035287818559535,1,0.0,1,-0.6522126769398717,0,0,0,0,0,0,0,0,0,0,0,0,0,0,0,0,0,1,0,0,1
1,-0.4474048350192824,0,1,-1.288673078021946,1,0.0,1,0.3416624011970945,0,0,1,0,0,0,0,1,0,0,0,0,0,0,0,0,0,1,0,0,2
1,-0.4474048350192824,1,1,-0.4332401895239688,1,0.0,1,0.7870779880544643,0,1,1,0,0,0,0,0,0,1,0,0,0,1,0,0,0,1,0,1,2
1,-0.4474048350192824,1,0,1.4405651852811239,0,2.0,1,-0.36468694363268916,1,0,0,0,0,1,0,0,0,1,0,0,0,1,0,1,0,0,0,2,1
0,-0.4474048350192824,0,1,1.2368906880197008,1,2.0,0,-1.5147898768614196,0,0,0,1,1,0,1,0,1,0,1,0,1,0,1,0,1,0,0,2,0
0,-0.4474048350192824,0,0,-0.9220589829513843,0,2.0,1,-1.1790661882599693,1,0,0,0,0,0,0,0,0,0,0,1,0,0,0,0,0,0,1,0,0
1,-0.4474048350192824,0,1,-1.288673078021946,1,0.0,1,0.856881923308231,0,0,1,0,0,0,0,0,0,0,0,0,0,1,0,1,0,1,0,0,2
0,2.235112188621971,0,0,0.992481291305993,0,0.0,1,-0.3347709713810748,1,0,0,0,0,0,0,1,0,1,0,0,0,1,0,1,0,1,0,2,1
0,2.235112188621971,0,0,0.46292759842629294,1,1.0,0,0.8003739757218487,0,0,1,0,0,0,0,1,0,1,0,0,0,0,0,1,1,0,0,2,2
1,-0.4474048350192824,1,1,1.3590953863765547,1,1.0,1,-1.4865359030682284,0,0,0,1,1,0,1,0,1,0,1,0,1,0,1,0,0,1,0,2,0
1,2.235112188621971,0,0,-0.6776495862376766,1,0.0,1,0.7156120543422743,0,1,1,0,0,0,0,0,0,0,0,0,0,1,0,0,0,1,0,1,2
1,-0.4474048350192824,0,0,-1.0442636813082382,1,0.0,0,0.28349245515228877,0,1,1,0,0,0,0,0,0,0,0,0,0,0,0,0,0,1,0,0,2
1,-0.4474048350192824,0,0,-1.288673078021946,1,0.0,1,1.0097857814831492,0,1,1,0,0,0,0,0,0,0,0,0,0,1,0,1,0,1,0,0,2
1,-0.4474048350192824,1,0,1.6035047830902625,1,2.0,1,1.4402433822147118,0,1,1,0,0,0,0,1,0,1,0,1,0,1,0,1,0,1,0,2,2
1,-0.4474048350192824,0,0,0.2999880006171544,1,0.0,1,1.2491135594960643,0,1,1,0,0,0,0,1,0,1,0,0,0,1,0,1,0,0,1,2,2
0,-0.4474048350192824,1,0,-0.3517703906193996,1,0.0,1,0.1455465831031783,0,0,0,0,0,0,0,1,0,0,0,0,0,1,0,1,0,0,0,1,1
0,-0.4474048350192824,0,0,-1.0442636813082382,1,0.0,0,-1.4981698922771896,0,0,0,1,1,0,1,0,1,0,1,0,1,0,1,0,0,0,0,0,0
0,-0.4474048350192824,0,0,-0.5554448878808227,1,1.0,0,-0.2284030700420014,0,0,0,0,0,0,0,1,0,0,0,0,0,1,0,0,0,1,0,1,1
1,2.235112188621971,0,0,-1.288673078021946,1,0.0,0,-0.6588606707735639,0,0,0,0,0,0,0,0,0,0,0,0,0,0,0,0,0,0,0,0,1
0,2.235112188621971,0,0,0.7888067940445699,1,0.0,0,1.4302713914641731,0,1,1,0,0,1,0,1,0,1,0,0,0,1,0,1,1,0,0,2,2
0,2.235112188621971,0,0,-1.166468379665092,1,0.0,1,0.45800229328670594,0,0,1,0,0,0,0,0,0,0,0,0,0,1,0,0,0,1,0,0,2
1,-0.4474048350192824,0,0,-1.288673078021946,1,0.0,0,-1.478225910776113,0,0,0,1,1,0,1,0,1,0,1,0,1,0,1,0,0,0,1,0,0
0,-0.4474048350192824,1,0,-0.18883079281026105,1,0.0,0,-1.4815499076929592,0,0,0,1,1,0,1,0,1,0,1,0,1,0,1,0,0,0,1,2,0
0,-0.4474048350192824,1,1,1.6035047830902625,1,2.0,1,0.6358361283379695,0,1,0,0,0,1,0,0,0,1,0,1,0,1,0,1,0,0,0,2,2
0,-0.4474048350192824,0,0,-1.288673078021946,1,0.0,0,1.0164337753168413,0,1,1,0,0,0,0,0,0,0,0,0,0,1,0,1,0,0,1,0,2
1,-0.4474048350192824,0,0,-0.14809589335797643,1,0.0,1,0.9682358200225737,0,0,1,0,0,0,0,0,0,0,0,1,0,1,0,1,0,1,0,2,2
1,-0.4474048350192824,0,0,-1.2072032791173766,1,0.0,1,-1.5280858645288038,0,0,0,1,1,0,1,0,1,0,1,0,1,0,1,0,0,0,1,0,0
1,-0.4474048350192824,0,0,1.114685989662847,0,2.0,0,-0.8466664965753652,1,0,0,0,0,1,0,1,0,1,0,0,0,0,0,0,0,0,0,2,1
0,2.235112188621971,1,0,-1.2479381785696613,1,0.0,0,-0.4959848218481079,0,0,0,0,0,0,0,1,0,0,0,0,0,0,0,0,1,0,0,0,1
1,-0.4474048350192824,1,1,0.9517463918537085,1,2.0,0,1.6878811525197415,0,1,1,0,0,1,0,1,0,1,0,1,0,1,0,1,0,0,1,2,2
1,-0.4474048350192824,0,0,-1.288673078021946,1,0.0,1,0.17380055689636947,0,0,1,0,0,0,0,0,0,0,0,0,0,0,0,0,0,1,0,0,2
1,-0.4474048350192824,1,1,1.1961557885674161,1,1.0,0,-1.3386180402685797,0,1,0,1,1,0,1,0,1,0,1,0,1,0,1,0,0,0,0,2,0
1,-0.4474048350192824,1,0,0.666602095687716,1,1.0,1,-0.3231369821721136,0,1,0,0,0,1,0,0,0,0,0,0,0,0,0,0,0,1,0,2,1
0,2.235112188621971,1,0,-0.14809589335797643,0,0.0,1,-0.6671706630656791,1,0,0,0,0,1,0,0,0,1,0,0,0,0,0,1,0,1,0,2,1
0,2.235112188621971,0,0,-0.025891195001122566,1,0.0,0,-0.346404960590036,0,0,0,0,0,0,0,1,0,0,0,1,0,0,0,0,0,0,0,2,1
1,-0.4474048350192824,1,0,1.6035047830902625,1,2.0,1,1.5133713143853242,0,1,1,0,0,0,0,1,0,1,0,1,0,1,0,1,1,0,0,2,2
0,-0.4474048350192824,0,0,-1.2479381785696613,1,0.0,1,-0.20181109470723316,0,0,0,0,0,0,0,1,0,0,0,0,0,1,0,0,0,1,0,0,1
0,-0.4474048350192824,1,0,0.8295416934968546,1,1.0,0,-1.529747862987227,0,0,0,1,1,0,1,0,1,0,1,0,1,0,1,0,1,0,0,2,0
0,-0.4474048350192824,0,0,-0.8813240834990996,0,1.0,1,-0.820074521240597,1,0,0,0,0,0,0,1,0,1,0,1,0,0,0,0,1,0,0,0,1
0,-0.4474048350192824,1,0,1.4405651852811239,1,2.0,0,0.19374453839744601,0,1,0,0,0,1,0,1,0,1,0,1,0,0,0,0,1,0,0,2,2
1,-0.4474048350192824,1,0,-1.2479381785696613,1,0.0,1,0.9682358200225737,0,0,1,0,0,0,0,0,0,0,0,1,0,1,0,1,0,1,0,0,2
0,-0.4474048350192824,0,0,-1.1257334802128074,1,0.0,1,-0.6987486337757165,0,0,0,0,0,0,0,0,0,0,0,0,0,0,0,0,1,0,0,0,1
1,2.235112188621971,1,0,-0.06662609445340718,1,0.0,0,0.8103459664723867,0,1,1,0,0,1,0,0,0,0,0,0,0,1,0,0,0,1,0,2,2
0,-0.4474048350192824,0,0,0.7888067940445699,1,1.0,0,0.29678844281967315,0,1,0,0,0,1,0,0,0,1,0,1,0,1,0,0,1,0,0,2,2
1,-0.4474048350192824,0,1,-1.288673078021946,1,0.0,0,-0.5358727848502602,0,0,0,0,0,0,0,0,0,1,0,0,0,0,0,0,0,1,0,0,1
1,-0.4474048350192824,0,0,0.9110114924014238,1,2.0,1,0.42310032565982264,0,1,0,0,0,0,0,0,0,1,0,0,0,1,0,1,0,0,0,2,2
0,-0.4474048350192824,0,0,1.4405651852811239,1,2.0,1,0.5776661822931638,0,0,0,0,0,1,0,1,0,1,0,1,0,1,0,1,1,0,0,2,2
1,2.235112188621971,0,0,1.6035047830902625,1,2.0,1,-1.3286460495180412,0,1,0,1,1,0,1,0,1,0,1,0,1,0,1,0,1,0,0,2,0
0,-0.4474048350192824,0,1,-0.2703005917148303,1,0.0,1,-0.5175908018076071,0,1,0,0,0,0,0,0,0,0,0,0,0,0,0,0,0,0,1,2,1
0,-0.4474048350192824,0,0,0.2999880006171544,1,2.0,0,-1.4931838969019204,0,0,0,1,1,0,1,0,1,0,1,0,1,0,1,0,0,0,1,2,0
1,2.235112188621971,1,1,1.5627698836379778,1,0.0,1,1.330551483958792,0,1,1,0,0,1,0,1,0,0,0,0,0,1,0,1,1,0,0,2,2
0,-0.4474048350192824,1,1,-0.3517703906193996,0,2.0,1,-0.4178708943022259,1,0,0,0,0,1,0,1,0,1,0,1,0,0,0,1,0,0,1,1,1
1,-0.4474048350192824,1,0,1.1961557885674161,0,2.0,1,-0.8799064657438257,1,0,0,0,0,1,0,1,0,0,0,1,0,0,0,0,1,0,0,2,1
0,2.235112188621971,1,0,0.7480718945922853,1,0.0,1,0.4131283349092846,0,1,1,0,0,1,0,0,0,0,0,0,0,0,0,0,0,1,0,2,2
1,2.235112188621971,0,0,0.8295416934968546,0,0.0,1,-0.35305295442372797,1,0,0,0,0,0,0,1,0,1,0,0,0,1,0,1,0,1,0,2,1
0,-0.4474048350192824,0,0,-1.2479381785696613,1,0.0,1,0.5111862439562429,0,0,1,0,0,1,0,0,0,1,0,0,0,0,0,0,0,1,0,0,2
0,-0.4474048350192824,1,0,0.05557860390344668,1,0.0,1,1.0829137136537623,0,1,1,0,0,0,0,0,0,0,0,0,0,1,0,1,0,1,0,2,2
1,2.235112188621971,1,0,-0.9220589829513843,1,0.0,0,0.34000040273867155,0,0,1,0,0,1,0,0,0,0,0,0,0,0,0,0,0,1,0,0,2
1,-0.4474048350192824,0,0,-0.4332401895239688,1,0.0,1,0.9831938061483809,0,1,1,0,0,0,0,0,0,0,0,0,0,1,0,1,1,0,0,1,2
0,-0.4474048350192824,0,0,-0.9220589829513843,0,0.0,0,-0.8101025304900588,1,0,0,0,0,1,0,1,0,1,0,0,0,0,0,0,0,0,0,0,1
1,-0.4474048350192824,1,0,0.2592531011648698,1,2.0,1,-1.4832119061513822,0,0,0,1,1,0,1,0,1,0,1,0,1,0,1,0,0,0,0,2,0
0,2.235112188621971,1,0,-1.2072032791173766,1,0.0,1,0.31673242432074916,0,0,1,0,0,0,0,1,0,0,0,0,0,0,0,0,0,0,0,0,2
0,-0.4474048350192824,1,1,1.3998302858288394,0,2.0,0,-0.9613443902065538,1,0,0,0,0,1,0,1,0,0,0,0,0,0,0,0,0,0,0,2,1
0,-0.4474048350192824,1,0,1.4405651852811239,1,2.0,0,0.835275943348732,0,1,1,0,0,0,0,1,0,1,0,1,0,0,0,0,1,0,0,2,2
1,-0.4474048350192824,0,1,0.666602095687716,1,1.0,1,1.18097162270072,0,1,1,0,0,0,0,0,0,0,0,1,0,1,0,1,0,0,0,2,2
0,-0.4474048350192824,1,1,-1.2072032791173766,1,0.0,1,0.5194962362483581,0,0,1,0,0,0,0,0,0,0,0,0,0,1,0,0,0,1,0,0,2
1,-0.4474048350192824,0,0,-1.288673078021946,1,0.0,0,-0.5325487879334144,0,0,0,0,0,0,0,0,0,0,0,1,0,0,0,0,0,0,1,0,1
1,-0.4474048350192824,0,0,-0.5961797873331073,1,0.0,0,0.6391601252548154,0,1,1,0,0,0,0,0,0,0,0,0,0,1,0,0,0,0,0,1,2
0,-0.4474048350192824,1,0,-0.7183844856899612,1,0.0,0,0.7671340065533883,0,0,1,0,0,0,0,0,0,0,0,0,0,1,0,1,0,1,0,1,2
1,-0.4474048350192824,1,0,-0.9220589829513843,1,0.0,1,0.6707380959648528,0,1,1,0,0,0,0,0,0,0,0,0,0,0,0,1,0,1,0,0,2
1,-0.4474048350192824,0,0,-0.5554448878808227,1,2.0,0,-1.5098038814861507,0,0,0,1,1,0,1,0,1,0,1,0,1,0,1,0,0,0,1,1,0
1,-0.4474048350192824,0,0,1.4405651852811239,1,2.0,1,-1.3602240202280789,0,1,0,1,1,0,1,0,1,0,1,0,1,0,1,0,0,0,0,2,0
0,2.235112188621971,1,0,1.114685989662847,1,2.0,1,1.6945291463534335,0,1,1,0,0,1,0,1,0,1,0,1,0,1,0,1,0,0,0,2,2
0,2.235112188621971,0,0,-1.166468379665092,1,0.0,1,0.7904019849713102,0,1,1,0,0,0,0,0,0,1,0,0,0,0,0,1,0,1,0,0,2
0,-0.4474048350192824,0,0,-1.1257334802128074,1,0.0,1,0.5876381730437018,0,1,1,0,0,0,0,0,0,1,0,1,0,0,0,0,0,1,0,0,2
0,-0.4474048350192824,0,1,-0.9220589829513843,1,1.0,0,0.28183045669386586,0,1,0,0,0,1,0,0,0,1,0,1,0,0,0,1,1,0,0,0,2
1,2.235112188621971,0,0,-0.5554448878808227,1,0.0,1,0.7687960050118111,0,1,1,0,0,0,0,1,0,0,0,0,0,1,0,0,0,1,0,1,2
1,-0.4474048350192824,0,1,-0.2295656922625457,1,2.0,1,-1.303716072641696,0,1,0,1,1,0,1,0,1,0,1,0,1,0,1,0,1,0,0,2,0
1,-0.4474048350192824,0,0,0.014843704451162058,1,2.0,1,0.7937259818881565,0,0,1,0,0,1,0,0,0,0,0,1,0,1,0,0,0,1,0,2,2
0,-0.4474048350192824,1,0,-0.7998542845945305,1,0.0,1,0.3699163749902861,0,1,0,0,0,1,0,1,0,0,0,1,0,1,0,0,0,1,0,1,2
1,-0.4474048350192824,0,1,1.114685989662847,1,2.0,0,-1.4998318907356125,0,0,0,1,1,0,1,0,1,0,1,0,1,0,1,0,0,0,1,2,0
0,-0.4474048350192824,1,0,0.34072290006943906,0,1.0,0,-0.9846123686244759,1,0,0,0,0,0,0,1,0,0,0,1,0,0,0,0,0,0,1,2,1
0,-0.4474048350192824,1,1,-0.840589184046815,0,1.0,0,-1.0610642977119351,1,0,0,0,0,1,0,0,0,0,0,1,0,0,0,0,1,0,0,0,0
0,-0.4474048350192824,0,0,-1.2072032791173766,1,0.0,0,0.689020079007506,0,0,1,0,0,0,0,0,0,0,0,1,0,0,0,1,0,1,0,0,2
0,-0.4474048350192824,0,0,1.3590953863765547,1,1.0,1,1.312269500916139,0,1,1,0,0,1,0,1,0,1,0,1,0,1,0,0,0,0,0,2,2
1,-0.4474048350192824,1,1,0.9517463918537085,1,1.0,1,-1.3502520294775406,0,1,0,1,1,0,1,0,1,0,1,0,1,0,1,0,0,0,1,2,0
0,-0.4474048350192824,0,0,-0.10736099390569181,1,0.0,1,1.1676756350333362,0,1,1,0,0,0,0,1,0,0,0,0,0,1,0,1,0,1,0,2,2
1,-0.4474048350192824,0,0,-1.0035287818559535,1,0.0,1,-0.19350110241511806,0,1,0,0,0,0,0,0,0,0,0,0,0,1,0,0,0,1,0,0,1
1,-0.4474048350192824,1,1,1.6035047830902625,1,2.0,0,-1.4649299231087292,0,0,0,1,1,0,1,0,1,0,1,0,1,0,1,0,0,0,0,2,0
0,-0.4474048350192824,1,0,-0.636914686785392,1,1.0,0,-1.5197758722366888,0,0,0,1,1,0,1,0,1,0,1,0,1,0,1,0,0,0,1,1,0
1,-0.4474048350192824,0,0,-1.288673078021946,1,0.0,0,-0.4793648372638777,0,0,0,0,0,0,0,1,0,0,0,0,0,0,0,0,0,0,1,0,1
0,-0.4474048350192824,0,0,-0.9627938824036689,1,0.0,0,0.039178681764104877,0,0,0,0,0,0,0,1,0,0,0,1,0,1,0,0,0,0,1,0,1
0,-0.4474048350192824,0,0,-0.7183844856899612,1,0.0,1,0.6408221237132383,0,1,1,0,0,1,0,0,0,1,0,0,0,0,0,0,1,0,0,1,2
1,-0.4474048350192824,1,1,0.4221926989740083,1,1.0,1,1.3039595086240237,0,1,1,0,0,0,0,0,0,1,0,1,0,1,0,1,1,0,0,2,2
0,-0.4474048350192824,0,0,-0.10736099390569181,1,1.0,0,1.5083853190100556,0,1,1,0,0,0,0,1,0,1,0,1,0,1,0,1,1,0,0,2,2
1,-0.4474048350192824,1,1,0.5036624978785775,1,2.0,0,-1.4865359030682284,0,0,0,1,1,0,1,0,1,0,1,0,1,0,1,0,0,0,1,2,0
1,-0.4474048350192824,0,0,-1.2479381785696613,1,0.0,0,-0.6322686954387957,0,0,0,0,0,0,0,0,0,0,0,0,0,0,0,0,0,0,0,0,1
0,-0.4474048350192824,1,0,-0.3517703906193996,1,0.0,0,0.040840680222527806,0,1,0,0,0,1,0,1,0,1,0,0,0,0,0,0,0,0,1,1,1
1,-0.4474048350192824,0,0,-0.025891195001122566,1,0.0,1,1.4319333899225966,0,1,1,0,0,1,0,1,0,0,0,1,0,1,0,1,1,0,0,2,2
1,2.235112188621971,0,0,0.992481291305993,1,2.0,1,0.4879182655383205,0,1,0,0,0,0,0,1,0,1,0,0,0,1,0,1,0,0,0,2,2
1,-0.4474048350192824,0,1,-0.5554448878808227,1,2.0,0,-1.469915918483998,0,0,0,1,1,0,1,0,1,0,1,0,1,0,1,0,1,0,0,1,0
0,2.235112188621971,1,1,1.4405651852811239,0,2.0,1,-0.40125090971799565,1,0,0,0,0,0,0,1,0,1,0,0,0,1,0,1,0,1,0,2,1
1,-0.4474048350192824,0,0,0.09631350335573131,1,2.0,0,-0.3264609790889597,0,1,0,0,0,1,0,0,0,0,0,0,0,0,0,0,0,0,1,2,1
1,-0.4474048350192824,0,1,-1.2072032791173766,1,2.0,1,-1.2854340895990428,0,1,0,1,1,0,1,0,1,0,1,0,1,0,1,0,0,0,1,0,0
0,-0.4474048350192824,1,0,1.5220349841856933,1,1.0,1,1.2191975872444498,0,1,1,0,0,0,0,0,0,1,0,0,0,1,0,1,0,1,0,2,2
0,2.235112188621971,1,0,1.6035047830902625,1,2.0,1,1.5200193082190165,0,1,1,0,0,0,0,1,0,1,0,1,0,1,0,1,1,0,0,2,2
0,-0.4474048350192824,0,0,-1.288673078021946,1,0.0,0,-0.66218466769041,0,0,0,0,0,0,0,0,0,0,0,0,0,0,0,0,0,1,0,0,1
0,-0.4474048350192824,0,0,1.3998302858288394,1,1.0,0,-1.4798879092345363,0,0,0,1,1,0,1,0,1,0,1,0,1,0,1,0,0,1,0,2,0
1,-0.4474048350192824,1,1,1.114685989662847,1,1.0,1,1.0081237830247263,0,1,1,0,0,1,0,0,0,1,0,0,0,1,0,0,0,0,0,2,2
1,-0.4474048350192824,1,0,1.0739510902105622,1,1.0,1,0.1339125938942169,0,1,0,0,0,1,0,0,0,0,0,1,0,0,0,1,0,0,1,2,1
1,-0.4474048350192824,1,1,1.5220349841856933,1,0.0,1,1.3621294546688294,0,1,1,0,0,1,0,1,0,0,0,0,0,1,0,1,0,1,0,2,2
1,-0.4474048350192824,1,1,1.0739510902105622,1,2.0,1,1.5299912989695545,0,1,1,0,0,1,0,1,0,0,0,1,0,1,0,1,0,0,1,2,2
1,-0.4474048350192824,1,0,0.8702765929491392,1,0.0,1,1.3039595086240237,0,1,1,0,0,0,0,1,0,1,0,0,0,1,0,1,0,1,0,2,2
1,-0.4474048350192824,1,1,-0.5554448878808227,1,0.0,1,0.6175541452953164,0,1,1,0,0,0,0,0,0,0,0,0,0,0,0,1,0,1,0,1,2
0,-0.4474048350192824,1,0,1.5627698836379778,1,1.0,1,1.2973115147903316,0,1,1,0,0,1,0,0,0,1,0,0,0,1,0,1,1,0,0,2,2
1,-0.4474048350192824,0,0,-1.166468379665092,1,0.0,1,0.31008443048705747,0,0,0,0,0,0,0,0,0,1,0,1,0,1,0,1,0,1,0,0,2
1,-0.4474048350192824,0,0,0.8702765929491392,0,2.0,0,-0.6272827000635264,1,0,0,0,0,1,0,1,0,0,0,0,0,0,0,1,0,0,0,2,1
0,2.235112188621971,0,0,-1.0849985807605227,1,0.0,1,0.30011243973651897,0,0,1,0,0,1,0,0,0,0,0,0,0,0,0,0,0,1,0,0,2
0,2.235112188621971,1,0,-0.2703005917148303,1,0.0,1,0.9566018308136123,0,1,1,0,0,0,0,1,0,1,0,0,0,0,0,1,0,1,0,2,2
1,-0.4474048350192824,0,0,-0.9220589829513843,1,0.0,1,0.8120079649308096,0,0,1,0,0,0,0,0,0,0,0,0,0,1,0,1,0,1,0,0,2
1,2.235112188621971,1,0,-0.9220589829513843,1,0.0,1,0.8219799556813476,0,1,1,0,0,0,0,0,0,1,0,0,0,0,0,1,0,1,0,0,2
1,2.235112188621971,0,0,0.8702765929491392,0,1.0,1,-0.3198129852552675,1,0,0,0,0,0,0,1,0,1,0,0,0,1,0,1,0,1,0,2,1
0,-0.4474048350192824,1,0,1.6035047830902625,1,2.0,1,0.6424841221716616,0,1,0,0,0,1,0,0,0,1,0,1,0,1,0,1,1,0,0,2,2
0,-0.4474048350192824,1,0,0.5851322967831468,1,0.0,1,1.1194776797390684,0,1,1,0,0,1,0,1,0,1,0,0,0,1,0,0,0,1,0,2,2
1,-0.4474048350192824,1,1,-0.8813240834990996,1,0.0,1,0.002614715678798608,0,1,0,0,0,1,0,0,0,0,0,0,0,1,0,0,0,0,0,0,1
1,-0.4474048350192824,0,0,-1.288673078021946,1,0.0,1,0.7987119772634252,0,0,1,0,0,0,0,0,0,0,0,0,0,1,0,1,0,1,0,0,2
0,-0.4474048350192824,0,0,-0.7183844856899612,0,2.0,1,-0.8732584719101337,1,0,0,0,0,0,0,1,0,0,0,0,0,0,0,1,0,0,1,1,1
1,-0.4474048350192824,1,0,-1.0035287818559535,1,0.0,1,-0.5159288033491842,0,0,0,0,0,0,0,1,0,0,0,0,0,0,0,0,0,0,0,0,1
1,-0.4474048350192824,0,0,-0.31103549116711493,1,2.0,0,1.1377596627817217,0,0,1,0,0,0,0,0,0,1,0,1,0,1,0,1,0,0,0,2,2
0,-0.4474048350192824,1,0,-1.0442636813082382,1,0.0,1,0.1372365908110632,0,0,1,0,0,0,0,0,0,0,0,0,0,0,0,0,0,0,0,0,1
1,-0.4474048350192824,1,0,-0.5961797873331073,1,0.0,1,-0.6887766430251783,0,0,0,0,0,0,0,0,0,0,0,0,0,0,0,0,0,0,0,1,1
1,-0.4474048350192824,1,1,0.21851820171258518,1,2.0,0,0.5294682269988961,0,0,0,0,0,1,0,0,0,1,0,1,0,1,0,1,1,0,0,2,2
0,-0.4474048350192824,1,1,1.1554208891151316,0,2.0,0,-0.4560968588459553,1,0,0,0,0,0,0,1,0,1,0,1,0,1,0,0,1,0,0,2,1
1,-0.4474048350192824,1,1,1.4813000847334086,1,2.0,1,0.9000938832272299,0,0,1,0,0,0,0,1,0,0,0,1,0,1,0,0,0,0,1,2,2
1,-0.4474048350192824,0,0,-0.7591193851422458,0,0.0,1,-0.4760408403470316,1,0,0,0,0,0,0,0,0,1,0,0,0,1,0,1,0,1,0,1,1
0,-0.4474048350192824,0,0,-1.2479381785696613,1,0.0,0,0.1289265985189481,0,0,1,0,0,0,0,0,0,0,0,0,0,0,0,0,0,1,0,0,1
0,-0.4474048350192824,0,0,0.5443973973308622,1,1.0,1,0.9665738215641507,0,1,1,0,0,0,0,1,0,1,0,0,0,0,0,1,0,1,0,2,2
0,-0.4474048350192824,1,1,-0.14809589335797643,1,2.0,0,-1.2954060803495808,0,1,0,1,1,0,1,0,1,0,1,0,1,0,1,0,0,0,1,2,0
1,2.235112188621971,0,0,0.7480718945922853,1,1.0,1,0.4829322701630513,0,1,1,0,0,0,0,1,0,0,0,0,0,0,0,0,0,0,0,2,2
0,-0.4474048350192824,0,0,-0.9220589829513843,1,0.0,0,-1.5363958568209188,0,0,0,1,1,0,1,0,1,0,1,0,1,0,1,0,0,0,1,0,0
0,2.235112188621971,0,0,1.114685989662847,1,1.0,1,1.3604674562104064,0,1,1,0,0,0,0,0,0,1,0,1,0,1,0,1,0,1,0,2,2
0,-0.4474048350192824,1,0,1.6035047830902625,1,2.0,0,0.7638100096365419,0,1,0,0,0,1,0,1,0,1,0,1,0,1,0,1,0,0,0,2,2
0,2.235112188621971,0,0,1.2776255874719855,0,0.0,1,-0.7053966276094085,1,0,0,0,0,0,0,1,0,0,0,1,0,1,0,0,0,1,0,2,1
0,-0.4474048350192824,1,0,1.5627698836379778,1,2.0,1,-1.3502520294775406,0,1,0,1,1,0,1,0,1,0,1,0,1,0,1,0,1,0,0,2,0
0,-0.4474048350192824,1,1,1.5627698836379778,1,2.0,0,0.825303952598194,0,1,0,0,0,1,0,1,0,1,0,1,0,1,0,1,0,0,0,2,2
1,-0.4474048350192824,1,0,0.5036624978785775,1,0.0,0,0.5427642146662804,0,1,1,0,0,0,0,1,0,0,0,0,0,0,0,0,0,0,0,2,2
0,-0.4474048350192824,0,0,-1.0035287818559535,1,0.0,1,-0.16857112553877274,0,0,0,0,0,1,0,0,0,0,0,0,0,1,0,0,0,1,0,0,1
0,-0.4474048350192824,1,0,-0.840589184046815,1,0.0,0,-0.6372546908140647,0,0,0,0,0,0,0,0,0,0,0,0,0,0,0,0,0,0,0,0,1
0,-0.4474048350192824,0,0,-1.288673078021946,1,0.0,1,-0.3380949682979209,0,0,0,0,0,1,0,1,0,0,0,0,0,0,0,0,0,1,0,0,1
0,-0.4474048350192824,1,1,0.9110114924014238,1,0.0,1,0.6657521005895836,0,1,1,0,0,1,0,1,0,0,0,0,0,0,0,0,0,1,0,2,2
0,-0.4474048350192824,1,0,1.31836048692427,1,2.0,1,-0.17521911937246493,0,0,0,0,0,0,0,0,0,0,0,1,0,1,0,0,1,0,0,2,1
0,2.235112188621971,1,0,1.5627698836379778,1,2.0,1,1.1344356658648758,0,0,1,0,0,0,0,1,0,1,0,0,0,1,0,1,0,1,0,2,2
0,-0.4474048350192824,1,1,1.6035047830902625,1,2.0,0,-1.3502520294775406,0,1,0,1,1,0,1,0,1,0,1,0,1,0,1,0,0,0,0,2,0
1,-0.4474048350192824,1,1,1.3998302858288394,1,2.0,0,-1.288758086515889,0,1,0,1,1,0,1,0,1,0,1,0,1,0,1,0,0,0,1,2,0
0,-0.4474048350192824,0,0,-1.288673078021946,1,0.0,1,0.33169041044655645,0,1,1,0,0,0,0,0,0,0,0,0,0,0,0,0,0,0,1,0,2
1,-0.4474048350192824,0,1,-0.06662609445340718,0,0.0,0,-1.3319700464348874,1,0,0,0,0,0,0,0,0,0,0,0,0,0,0,0,1,0,0,2,0
0,-0.4474048350192824,1,1,0.34072290006943906,1,1.0,1,1.4635113606326335,0,1,1,0,0,0,0,1,0,1,0,1,0,1,0,1,0,0,0,2,2
1,-0.4474048350192824,1,0,-0.6776495862376766,1,0.0,1,0.29180244744440387,0,1,1,0,0,0,0,0,0,0,0,0,0,0,0,0,0,0,0,1,2
1,-0.4474048350192824,1,1,-0.31103549116711493,1,2.0,0,-1.3153500618506573,0,1,0,1,1,0,1,0,1,0,1,0,1,0,1,0,1,0,0,2,0
0,-0.4474048350192824,1,1,0.7888067940445699,1,1.0,0,-1.5114658799445737,0,0,0,1,1,0,1,0,1,0,1,0,1,0,1,0,1,0,0,2,0
1,-0.4474048350192824,0,0,-1.0442636813082382,1,0.0,1,0.32670441507128767,0,0,1,0,0,0,0,0,0,1,0,0,0,0,0,0,0,1,0,0,2
1,-0.4474048350192824,0,0,-1.2072032791173766,1,0.0,1,0.005938712595644461,0,1,0,0,0,0,0,0,0,0,0,1,0,1,0,0,0,0,1,0,1
1,-0.4474048350192824,1,0,1.1961557885674161,1,2.0,1,-0.16358513016350373,0,0,0,0,0,0,0,1,0,1,0,1,0,0,0,0,1,0,0,2,1
1,-0.4474048350192824,1,0,1.114685989662847,1,1.0,1,0.9748838138562659,0,0,1,0,0,0,0,1,0,0,0,0,0,1,0,1,0,1,0,2,2
0,-0.4474048350192824,0,0,-0.7591193851422458,1,0.0,1,0.8219799556813476,0,0,1,0,0,0,0,0,0,0,0,0,0,1,0,1,0,0,1,1,2
1,-0.4474048350192824,0,0,-1.1257334802128074,1,0.0,1,-0.4560968588459553,0,0,0,0,0,0,0,1,0,0,0,0,0,0,0,0,0,1,0,0,1
0,2.235112188621971,1,0,-0.06662609445340718,1,1.0,1,0.8518959279329622,0,1,1,0,0,0,0,0,0,1,0,0,0,1,0,0,0,1,0,2,2
1,-0.4474048350192824,1,1,-1.2479381785696613,1,1.0,0,-1.4915218984434973,0,0,0,1,1,0,1,0,1,0,1,0,1,0,1,0,0,0,1,0,0
1,-0.4474048350192824,0,0,-1.2072032791173766,1,0.0,1,-1.5098038814861507,0,0,0,1,1,0,1,0,1,0,1,0,1,0,1,0,0,0,1,0,0
0,-0.4474048350192824,0,0,0.2999880006171544,1,0.0,0,0.0009527172203752092,0,0,0,0,0,1,0,1,0,0,0,0,0,1,0,0,0,0,1,2,1
1,2.235112188621971,1,0,-0.7998542845945305,1,0.0,0,0.17878655227163873,0,0,1,0,0,0,0,0,0,0,0,0,0,0,0,0,0,0,0,1,2
1,-0.4474048350192824,1,1,-1.166468379665092,1,0.0,0,-1.5363958568209188,0,0,0,1,1,0,1,0,1,0,1,0,1,0,1,0,0,0,1,0,0
0,-0.4474048350192824,0,0,0.17778330226030056,1,0.0,1,1.162689639658067,0,1,1,0,0,0,0,0,0,1,0,0,0,1,0,1,0,1,0,2,2
1,-0.4474048350192824,1,0,-0.636914686785392,1,1.0,0,-0.009019273530162821,0,0,0,0,0,1,0,1,0,0,0,0,0,0,0,1,0,0,1,1,1
0,-0.4474048350192824,0,0,-0.5147099884285381,1,1.0,0,-1.5147898768614196,0,0,0,1,1,0,1,0,1,0,1,0,1,0,1,0,0,0,1,1,0
1,-0.4474048350192824,0,0,-1.288673078021946,1,0.0,0,-1.4832119061513822,0,0,0,1,1,0,1,0,1,0,1,0,1,0,1,0,0,0,1,0,0
0,-0.4474048350192824,0,0,-0.4332401895239688,1,0.0,1,-0.20014909624881022,0,1,0,0,0,1,0,0,0,0,0,1,0,0,0,0,0,0,1,1,1
1,-0.4474048350192824,1,1,1.5220349841856933,1,2.0,0,0.1289265985189481,0,1,0,0,0,1,0,0,0,1,0,0,0,1,0,0,1,0,0,2,1
1,2.235112188621971,0,0,1.2776255874719855,1,1.0,0,1.2308315764534108,0,1,1,0,0,0,0,0,0,1,0,1,0,1,0,1,0,1,0,2,2
0,2.235112188621971,1,0,1.1961557885674161,1,1.0,1,1.0928857044043003,0,1,1,0,0,0,0,1,0,1,0,0,0,1,0,0,1,0,0,2,2
0,2.235112188621971,1,0,0.3814577995217237,1,0.0,1,1.0131097783999952,0,1,1,0,0,0,0,1,0,1,0,0,0,1,0,0,0,1,0,2,2
0,-0.4474048350192824,0,0,0.46292759842629294,0,1.0,1,-0.5325487879334144,1,0,0,0,0,0,0,0,0,1,0,0,0,1,0,1,0,1,0,2,1
1,-0.4474048350192824,1,1,1.1961557885674161,1,1.0,0,-1.4998318907356125,0,0,0,1,1,0,1,0,1,0,1,0,1,0,1,0,0,0,0,2,0
0,-0.4474048350192824,0,0,-0.9220589829513843,1,0.0,1,-1.3485900310191177,0,1,0,1,1,0,1,0,1,0,1,0,1,0,1,0,0,0,1,0,0
0,-0.4474048350192824,1,1,-0.636914686785392,1,1.0,0,1.1144916843637993,0,0,1,0,0,0,0,0,0,1,0,1,0,1,0,1,0,0,0,1,2
0,-0.4474048350192824,0,0,-0.7998542845945305,0,0.0,1,-0.9962463578334371,1,0,0,0,0,0,0,0,0,0,0,0,0,0,0,1,0,1,0,1,1
0,-0.4474048350192824,0,0,-0.3517703906193996,1,1.0,0,-1.3452660341022715,0,1,0,1,1,0,1,0,1,0,1,0,1,0,1,0,0,0,0,1,0
0,-0.4474048350192824,0,0,-0.7998542845945305,1,0.0,1,0.4712982809540903,0,0,1,0,0,0,0,1,0,1,0,0,0,0,0,0,0,1,0,1,2
0,-0.4474048350192824,0,0,-1.0035287818559535,1,0.0,0,0.6607661052143148,0,0,1,0,0,1,0,0,0,0,0,0,0,1,0,0,0,1,0,0,2
0,2.235112188621971,0,0,1.2776255874719855,1,0.0,1,1.4585253652573649,0,1,1,0,0,1,0,0,0,1,0,1,0,1,0,1,0,0,0,2,2
1,-0.4474048350192824,0,0,-0.9627938824036689,1,0.0,1,0.18044855073006166,0,0,1,0,0,0,0,0,0,0,0,0,0,0,0,0,0,1,0,0,2
1,2.235112188621971,1,0,1.4813000847334086,1,0.0,1,1.0064617845663029,0,1,1,0,0,0,0,1,0,1,0,0,0,0,0,1,0,0,0,2,2
0,-0.4474048350192824,1,1,-1.166468379665092,1,0.0,1,0.288478450527558,0,0,1,0,0,0,0,0,0,1,0,0,0,0,0,0,0,1,0,0,2
1,-0.4474048350192824,0,0,-1.1257334802128074,1,0.0,1,0.3599443842397481,0,1,1,0,0,0,0,0,0,0,0,0,0,0,0,0,0,0,0,0,2
0,2.235112188621971,1,0,1.4405651852811239,1,0.0,1,1.1676756350333362,0,1,1,0,0,0,0,1,0,0,0,0,0,1,0,1,0,1,0,2,2
1,-0.4474048350192824,0,0,-1.166468379665092,1,0.0,1,0.4929042609135898,0,0,1,0,0,0,0,0,0,0,0,0,0,0,0,1,0,1,0,0,2
1,-0.4474048350192824,0,0,-1.288673078021946,1,0.0,0,-1.4915218984434973,0,0,0,1,1,0,1,0,1,0,1,0,1,0,1,0,0,0,1,0,0
1,2.235112188621971,1,0,1.1554208891151316,1,1.0,0,-0.03394925040650813,0,1,0,0,0,0,0,1,0,0,0,0,0,0,0,1,0,0,0,2,1
0,-0.4474048350192824,0,0,-1.1257334802128074,1,0.0,1,0.6724000944232758,0,0,1,0,0,0,0,1,0,0,0,0,0,1,0,0,0,0,1,0,2
1,-0.4474048350192824,0,0,1.4405651852811239,1,1.0,0,0.3881983580329393,0,1,0,0,0,1,0,1,0,1,0,0,0,0,0,1,1,0,0,2,2
0,2.235112188621971,0,0,1.2368906880197008,1,0.0,1,0.8153319618476554,0,1,1,0,0,0,0,0,0,1,0,0,0,0,0,1,0,0,0,2,2
1,2.235112188621971,1,0,0.05557860390344668,1,0.0,0,0.215350518356945,0,0,1,0,0,0,0,0,0,0,0,0,0,0,0,0,1,0,0,2,2
1,-0.4474048350192824,0,0,-1.288673078021946,1,0.0,1,0.142222586186332,0,0,1,0,0,0,0,0,0,0,0,0,0,0,0,0,0,1,0,0,1
0,2.235112188621971,1,0,-0.5961797873331073,0,0.0,1,-0.5558167663513366,1,0,0,0,0,0,0,0,0,1,0,0,0,1,0,1,0,1,0,1,1
0,2.235112188621971,0,0,-1.2479381785696613,1,0.0,1,-0.6904386414836015,0,0,0,0,0,0,0,0,0,0,0,0,0,0,0,0,0,1,0,0,1
0,2.235112188621971,1,0,1.6035047830902625,1,2.0,1,-1.308702068016965,0,1,0,1,1,0,1,0,1,0,1,0,1,0,1,0,1,0,0,2,0
1,-0.4474048350192824,1,1,0.5443973973308622,1,2.0,0,0.5294682269988961,0,0,0,0,0,1,0,0,0,1,0,1,0,1,0,1,0,0,1,2,2
0,-0.4474048350192824,0,0,-1.0442636813082382,1,0.0,0,-1.4865359030682284,0,0,0,1,1,0,1,0,1,0,1,0,1,0,1,0,0,0,1,0,0
0,-0.4474048350192824,1,1,-1.0035287818559535,1,0.0,1,0.61423014837847,0,0,1,0,0,0,0,1,0,0,0,0,0,1,0,0,0,1,0,0,2
1,-0.4474048350192824,0,0,-1.0849985807605227,1,0.0,1,-0.3115029929631524,0,0,0,0,0,1,0,1,0,0,0,0,0,0,0,0,0,0,0,0,1
1,-0.4474048350192824,0,0,0.13704840280801595,1,1.0,1,-1.4865359030682284,0,0,0,1,1,0,1,0,1,0,1,0,1,0,1,0,1,0,0,2,0
0,-0.4474048350192824,1,0,1.6035047830902625,1,2.0,0,0.8951078878519607,0,1,0,0,0,1,0,1,0,1,0,1,0,1,0,1,0,0,0,2,2
0,-0.4474048350192824,0,1,-0.636914686785392,1,1.0,1,-0.3065169975878834,0,1,0,0,0,0,0,0,0,1,0,0,0,0,0,0,0,0,1,1,1
0,-0.4474048350192824,1,0,-1.2072032791173766,1,0.0,0,-1.469915918483998,0,0,0,1,1,0,1,0,1,0,1,0,1,0,1,0,0,0,1,0,0
1,-0.4474048350192824,1,0,0.8702765929491392,1,2.0,0,1.4851173405921332,0,0,1,0,0,1,0,1,0,1,0,1,0,1,0,1,0,0,0,2,2
0,-0.4474048350192824,1,0,1.2776255874719855,1,2.0,1,0.30842243202863406,0,0,0,0,0,1,0,1,0,1,0,1,0,0,0,1,0,0,1,2,2
0,2.235112188621971,0,0,0.9517463918537085,1,2.0,1,1.1577036442827981,0,1,1,0,0,0,0,1,0,1,0,1,0,1,0,0,0,0,0,2,2
0,-0.4474048350192824,0,0,-1.166468379665092,1,0.0,1,-0.1552751378713886,0,0,0,0,0,1,0,1,0,0,0,1,0,0,0,0,0,0,1,0,1
0,-0.4474048350192824,1,1,1.6035047830902625,0,2.0,0,-0.37964492975849645,1,0,0,0,0,0,0,1,0,0,0,1,0,1,0,1,1,0,0,2,1
1,2.235112188621971,1,0,0.05557860390344668,1,0.0,1,0.3483103950307867,0,1,1,0,0,0,0,0,0,0,0,0,0,0,0,0,0,1,0,2,2
0,-0.4474048350192824,0,0,-0.06662609445340718,1,2.0,0,0.4696362824956674,0,0,0,0,0,0,0,1,0,1,0,1,0,1,0,1,0,0,1,2,2
0,2.235112188621971,1,1,0.2999880006171544,1,0.0,1,0.9798698092315347,0,1,1,0,0,0,0,0,0,0,0,0,0,1,0,1,1,0,0,2,2
1,-0.4474048350192824,0,0,-0.39250529007168417,1,0.0,1,0.32836641352971063,0,1,1,0,0,0,0,0,0,0,0,0,0,0,0,0,0,1,0,1,2
1,-0.4474048350192824,0,1,-0.840589184046815,1,0.0,1,0.15884257077056219,0,0,0,0,0,1,0,0,0,0,0,0,0,1,0,1,0,0,1,0,1
0,-0.4474048350192824,1,0,1.4405651852811239,1,1.0,0,-0.22674107158357848,0,1,0,0,0,1,0,0,0,0,0,1,0,0,0,0,0,0,0,2,1
0,-0.4474048350192824,1,1,0.9110114924014238,1,1.0,1,1.2840155271229476,0,0,1,0,0,0,0,1,0,1,0,1,0,1,0,1,0,0,0,2,2
0,-0.4474048350192824,0,0,-0.8813240834990996,1,0.0,0,-0.5491687725176446,0,0,0,0,0,1,0,0,0,0,0,0,0,0,0,0,1,0,0,0,1
1,-0.4474048350192824,0,0,-0.7183844856899612,1,1.0,0,-1.5048178861108816,0,0,0,1,1,0,1,0,1,0,1,0,1,0,1,0,0,0,1,1,0
0,-0.4474048350192824,0,0,0.014843704451162058,1,0.0,1,0.6075821545447778,0,1,1,0,0,0,0,0,0,0,0,0,0,0,0,1,0,1,0,2,2
1,2.235112188621971,0,0,-0.3517703906193996,1,0.0,0,0.16382856614583144,0,0,1,0,0,0,0,0,0,0,0,0,0,0,0,0,1,0,0,1,1
1,-0.4474048350192824,0,0,0.6258671962354314,1,1.0,0,-1.4998318907356125,0,0,0,1,1,0,1,0,1,0,1,0,1,0,1,0,0,0,0,2,0
1,-0.4474048350192824,1,1,1.4813000847334086,1,2.0,1,1.3721014454193674,0,0,1,0,0,1,0,1,0,0,0,1,0,1,0,1,1,0,0,2,2
1,-0.4474048350192824,0,1,0.6258671962354314,1,1.0,1,-0.022315261197546708,0,1,0,0,0,1,0,1,0,1,0,0,0,0,0,0,0,0,0,2,1
1,-0.4474048350192824,1,1,1.5627698836379778,1,2.0,0,-1.5048178861108816,0,0,0,1,1,0,1,0,1,0,1,0,1,0,1,0,0,0,1,2,0
0,-0.4474048350192824,0,1,0.4221926989740083,1,0.0,1,-0.03727324732335399,0,0,0,0,0,1,0,1,0,0,0,0,0,0,0,1,0,1,0,2,1
0,-0.4474048350192824,0,0,-0.025891195001122566,1,1.0,1,1.4784693467584409,0,1,1,0,0,1,0,0,0,1,0,1,0,1,0,1,0,0,0,2,2
0,-0.4474048350192824,0,0,-1.0035287818559535,1,0.0,1,0.4962282578304356,0,0,1,0,0,0,0,0,0,0,0,0,0,1,0,0,0,0,0,0,2
0,-0.4474048350192824,0,0,0.21851820171258518,1,0.0,1,0.6374981267963924,0,0,1,0,0,0,0,1,0,1,0,1,0,0,0,0,1,0,0,2,2
0,-0.4474048350192824,0,0,0.34072290006943906,1,0.0,1,0.31839442277917257,0,1,0,0,0,1,0,0,0,1,0,1,0,0,0,1,0,0,0,2,2
0,-0.4474048350192824,0,0,0.8702765929491392,1,0.0,1,1.1643516381164898,0,1,1,0,0,0,0,0,0,0,0,1,0,1,0,1,0,1,0,2,2
1,-0.4474048350192824,0,0,-0.06662609445340718,1,0.0,1,1.2075635980354888,0,0,1,0,0,0,0,1,0,1,0,0,0,1,0,1,0,1,0,2,2
0,2.235112188621971,1,0,1.4405651852811239,1,1.0,1,-0.1469651455792735,0,0,0,0,0,0,0,1,0,1,0,1,0,0,0,0,0,0,0,2,1
1,-0.4474048350192824,1,1,-1.0849985807605227,1,0.0,0,-1.5031558876524584,0,0,0,1,1,0,1,0,1,0,1,0,1,0,1,0,1,0,0,0,0
1,-0.4474048350192824,0,0,-1.288673078021946,1,0.0,1,-0.07549921186708367,0,0,0,0,0,0,0,0,0,0,0,0,0,1,0,1,0,0,1,0,1
0,-0.4474048350192824,1,1,-0.39250529007168417,1,2.0,0,-1.3701960109786169,0,1,0,1,1,0,1,0,1,0,1,0,1,0,1,0,0,0,1,1,0
0,2.235112188621971,1,1,0.6258671962354314,0,1.0,0,-1.1690941975094313,1,0,0,0,0,0,0,1,0,0,0,0,0,0,0,0,0,0,0,2,0
1,-0.4474048350192824,0,0,-1.166468379665092,1,0.0,1,0.8302899479734628,0,1,1,0,0,0,0,1,0,0,0,0,0,0,0,1,0,1,0,0,2
1,-0.4474048350192824,0,0,0.014843704451162058,1,2.0,0,0.5161722393315117,0,0,1,0,0,0,0,1,0,0,0,1,0,0,0,0,0,0,0,2,2
0,-0.4474048350192824,1,1,1.3998302858288394,1,1.0,1,1.57154126043013,0,1,1,0,0,0,0,1,0,1,0,1,0,1,0,1,1,0,0,2,2
1,2.235112188621971,1,0,-0.636914686785392,1,0.0,0,0.5460882115831263,0,0,1,0,0,0,0,0,0,0,0,0,0,0,0,1,0,0,0,1,2
1,-0.4474048350192824,1,1,-1.1257334802128074,1,0.0,0,-1.5164518753198426,0,0,0,1,1,0,1,0,1,0,1,0,1,0,1,0,0,0,1,0,0
0,-0.4474048350192824,1,0,0.5036624978785775,1,1.0,0,1.6031192311401674,0,1,1,0,0,1,0,1,0,1,0,1,0,1,0,1,0,0,1,2,2
1,-0.4474048350192824,0,0,-0.9627938824036689,1,0.0,1,0.6740620928816987,0,1,1,0,0,0,0,0,0,0,0,0,0,1,0,0,0,1,0,0,2
0,-0.4474048350192824,0,0,-0.39250529007168417,1,0.0,1,0.46797428403724445,0,1,1,0,0,0,0,1,0,0,0,0,0,0,0,0,0,1,0,1,2
1,2.235112188621971,0,0,-0.8813240834990996,1,0.0,1,0.446368304077745,0,0,1,0,0,0,0,0,0,0,0,0,0,0,0,1,0,1,0,0,2
0,-0.4474048350192824,1,0,-1.2479381785696613,1,0.0,1,0.17712455381321582,0,0,1,0,0,0,0,0,0,0,0,0,0,0,0,0,1,0,0,0,2
1,-0.4474048350192824,1,0,1.4813000847334086,1,1.0,0,1.1444076566154138,0,1,1,0,0,0,0,0,0,1,0,0,0,1,0,1,0,0,0,2,2
0,-0.4474048350192824,0,0,-0.7591193851422458,1,0.0,1,0.1521945769368705,0,0,0,0,0,0,0,0,0,0,0,1,0,1,0,1,0,1,0,1,1
0,2.235112188621971,1,0,-0.2703005917148303,1,0.0,1,0.6856960820906601,0,0,1,0,0,0,0,0,0,1,0,0,0,1,0,0,1,0,0,2,2
0,-0.4474048350192824,0,0,-0.31103549116711493,0,1.0,0,-0.13366915791188938,1,0,0,0,0,1,0,1,0,1,0,0,0,1,0,1,0,1,0,2,1
0,-0.4474048350192824,1,0,-0.8813240834990996,1,0.0,1,1.1444076566154138,0,1,1,0,0,0,0,0,0,1,0,0,0,1,0,1,0,1,0,0,2
0,2.235112188621971,1,0,-1.288673078021946,1,0.0,1,0.14887058002002418,0,0,1,0,0,0,0,0,0,0,0,0,0,0,0,0,0,1,0,0,1
0,-0.4474048350192824,1,1,0.34072290006943906,1,2.0,0,-1.5081418830277276,0,0,0,1,1,0,1,0,1,0,1,0,1,0,1,0,0,0,0,2,0
0,-0.4474048350192824,1,1,0.7888067940445699,1,1.0,1,1.0180957737752643,0,1,1,0,0,0,0,1,0,1,0,0,0,1,0,0,1,0,0,2,2
1,-0.4474048350192824,0,0,0.34072290006943906,1,0.0,1,1.317255496291408,0,1,1,0,0,0,0,1,0,1,0,0,0,1,0,1,0,1,0,2,2
0,-0.4474048350192824,0,0,0.8295416934968546,1,2.0,0,-1.5031558876524584,0,0,0,1,1,0,1,0,1,0,1,0,1,0,1,0,1,0,0,2,0
1,-0.4474048350192824,0,0,-1.288673078021946,1,0.0,0,0.1837725476469075,0,0,1,0,0,0,0,0,0,0,0,0,0,0,0,0,0,0,1,0,2
0,2.235112188621971,0,0,0.5036624978785775,1,0.0,1,1.0629697321526856,0,1,1,0,0,1,0,1,0,0,0,1,0,1,0,0,0,1,0,2,2
1,-0.4474048350192824,1,1,1.6035047830902625,1,2.0,0,0.15884257077056219,0,1,0,0,0,1,0,1,0,1,0,1,0,0,0,0,0,0,0,2,1
1,2.235112188621971,0,0,1.5220349841856933,0,1.0,1,-0.6588606707735639,1,0,0,0,0,0,0,0,0,0,0,0,0,1,0,1,0,1,0,2,1
1,-0.4474048350192824,1,0,0.5443973973308622,0,2.0,0,-0.820074521240597,1,0,0,0,0,1,0,0,0,1,0,1,0,0,0,0,1,0,0,2,1
1,2.235112188621971,1,0,0.5036624978785775,1,1.0,0,-1.3419420371854254,0,1,0,1,1,0,1,0,1,0,1,0,1,0,1,0,1,0,0,2,0
0,2.235112188621971,0,0,-1.288673078021946,0,0.0,0,-1.3303080479764644,1,0,0,0,0,0,0,0,0,0,0,0,0,0,0,0,0,0,1,0,0
1,2.235112188621971,0,0,0.05557860390344668,1,1.0,1,1.1560416458243747,0,0,1,0,0,0,0,1,0,1,0,0,0,1,0,1,0,1,0,2,2
0,-0.4474048350192824,0,0,0.5036624978785775,1,0.0,1,0.8053599710971174,0,1,1,0,0,0,0,0,0,1,0,0,0,0,0,1,1,0,0,2,2
0,-0.4474048350192824,1,0,0.9110114924014238,1,0.0,1,1.2823535286645247,0,1,1,0,0,0,0,1,0,1,0,0,0,1,0,1,1,0,0,2,2
1,-0.4474048350192824,0,0,0.5443973973308622,1,2.0,0,-1.5247618676119576,0,0,0,1,1,0,1,0,1,0,1,0,1,0,1,0,1,0,0,2,0
0,-0.4474048350192824,0,0,0.34072290006943906,1,1.0,0,-0.499308818764954,0,0,0,0,0,0,0,0,0,0,0,1,0,0,0,0,0,0,0,2,1
0,-0.4474048350192824,0,1,-1.0035287818559535,0,0.0,1,-0.8832304626606717,1,0,0,0,0,1,0,0,0,0,0,0,0,0,0,1,0,1,0,0,1
0,-0.4474048350192824,0,0,-1.0035287818559535,0,0.0,1,-1.1907001774689305,1,0,0,0,0,0,0,1,0,0,0,0,0,0,0,0,0,0,1,0,0
1,-0.4474048350192824,0,0,-0.10736099390569181,1,0.0,1,0.825303952598194,0,1,1,0,0,0,0,0,0,0,0,1,0,0,0,1,1,0,0,2,2
1,-0.4474048350192824,0,0,0.3814577995217237,1,0.0,1,1.170999631950182,0,1,1,0,0,0,0,0,0,0,0,1,0,1,0,1,0,1,0,2,2
0,-0.4474048350192824,1,0,-1.2072032791173766,1,0.0,1,1.0014757891910342,0,1,1,0,0,0,0,0,0,0,0,0,0,1,0,1,0,1,0,0,2
1,-0.4474048350192824,0,0,-0.4332401895239688,1,0.0,1,1.1826336211591435,0,1,1,0,0,0,0,1,0,0,0,0,0,1,0,1,0,1,0,1,2
1,-0.4474048350192824,0,0,-0.6776495862376766,1,0.0,1,-0.51925280026603,0,0,0,0,0,0,0,0,0,0,0,1,0,0,0,0,0,0,1,1,1
0,-0.4474048350192824,1,1,1.6035047830902625,1,2.0,0,-1.4948458953603434,0,0,0,1,1,0,1,0,1,0,1,0,1,0,1,0,0,0,0,2,0
1,2.235112188621971,0,0,-0.9627938824036689,1,0.0,1,0.6640901021311607,0,1,1,0,0,0,0,0,0,0,0,0,0,0,0,1,0,1,0,0,2
0,-0.4474048350192824,0,0,-0.025891195001122566,1,1.0,0,0.32171841969601844,0,1,0,0,0,1,0,0,0,0,0,0,0,1,0,1,0,0,1,2,2
0,-0.4474048350192824,1,0,1.4405651852811239,1,1.0,0,-0.3048549991294605,0,0,0,0,0,1,0,0,0,0,0,1,0,0,0,0,0,0,0,2,1
1,-0.4474048350192824,1,1,1.5627698836379778,1,2.0,0,0.8419239371824242,0,1,0,0,0,1,0,1,0,1,0,1,0,1,0,1,0,1,0,2,2
1,-0.4474048350192824,0,1,-0.2703005917148303,0,1.0,1,-0.835032507366404,1,0,0,0,0,0,0,1,0,0,0,0,0,1,0,0,0,0,0,2,1
1,-0.4474048350192824,0,0,0.2999880006171544,0,1.0,0,-0.9663303855818228,1,0,0,0,0,0,0,1,0,0,0,1,0,0,0,0,1,0,0,2,1
1,2.235112188621971,1,0,0.09631350335573131,1,0.0,1,0.9798698092315347,0,1,1,0,0,1,0,1,0,0,0,0,0,0,0,1,0,1,0,2,2
0,-0.4474048350192824,1,0,-0.025891195001122566,1,0.0,1,0.34664839657236374,0,0,1,0,0,1,0,0,0,0,0,0,0,0,0,0,0,0,0,2,2
1,-0.4474048350192824,1,0,-0.39250529007168417,1,0.0,1,1.1360976643232987,0,1,1,0,0,1,0,1,0,1,0,0,0,1,0,0,0,1,0,1,2
0,-0.4474048350192824,1,0,1.5627698836379778,1,2.0,0,0.5577222007920872,0,0,0,0,0,1,0,0,0,1,0,1,0,1,0,1,0,0,0,2,2
1,-0.4474048350192824,1,1,-0.5147099884285381,1,0.0,1,-0.514266804890761,0,0,0,0,0,0,0,0,0,1,0,0,0,0,0,0,0,1,0,1,1
0,-0.4474048350192824,0,0,0.9517463918537085,1,0.0,1,1.3804114377114827,0,1,1,0,0,1,0,1,0,0,0,0,0,1,0,1,1,0,0,2,2
0,-0.4474048350192824,1,1,-0.7591193851422458,1,0.0,1,0.8169939603060788,0,0,1,0,0,0,0,1,0,0,0,1,0,0,0,1,1,0,0,1,2
0,-0.4474048350192824,1,1,-0.10736099390569181,1,1.0,1,-0.018991264280700852,0,0,0,0,0,0,0,0,0,1,0,1,0,1,0,0,0,1,0,2,1
0,2.235112188621971,0,0,-1.0442636813082382,1,0.0,1,-0.5608027617266056,0,0,0,0,0,1,0,0,0,0,0,0,0,0,0,0,0,1,0,0,1
1,-0.4474048350192824,0,0,0.7888067940445699,1,2.0,1,0.4879182655383205,0,1,0,0,0,1,0,0,0,0,0,1,0,1,0,1,1,0,0,2,2
0,-0.4474048350192824,1,1,0.9517463918537085,1,2.0,0,0.5377782192910111,0,1,0,0,0,1,0,1,0,1,0,1,0,1,0,0,1,0,0,2,2
1,-0.4474048350192824,0,0,-0.3517703906193996,0,1.0,1,-0.48102683572230065,1,0,0,0,0,1,0,0,0,0,0,0,0,1,0,1,0,0,1,1,1
0,-0.4474048350192824,1,0,-1.0849985807605227,1,0.0,0,-1.5147898768614196,0,0,0,1,1,0,1,0,1,0,1,0,1,0,1,0,0,0,0,0,0
1,-0.4474048350192824,0,0,-1.0442636813082382,0,1.0,1,-1.3535760263943866,1,0,0,0,0,0,0,0,0,0,0,0,0,0,0,0,1,0,0,0,0
1,-0.4474048350192824,1,1,-0.025891195001122566,1,1.0,0,0.9881798015236497,0,0,1,0,0,1,0,1,0,1,0,0,0,0,0,1,0,0,1,2,2
1,2.235112188621971,1,0,-0.025891195001122566,1,0.0,1,0.6624281036727377,0,1,1,0,0,0,0,0,0,0,0,0,0,0,0,1,0,1,0,2,2
1,-0.4474048350192824,0,0,-1.166468379665092,1,0.0,0,-1.3236600541427723,0,1,0,1,1,0,1,0,1,0,1,0,1,0,1,0,0,0,1,0,0
1,-0.4474048350192824,0,0,-0.636914686785392,1,0.0,1,1.382073436169906,0,1,1,0,0,1,0,1,0,1,0,1,0,1,0,0,0,0,0,1,2
1,2.235112188621971,1,0,0.9517463918537085,1,2.0,1,0.6840340836322372,0,0,0,0,0,1,0,1,0,1,0,1,0,1,0,1,0,0,0,2,2
1,-0.4474048350192824,1,1,1.6035047830902625,1,2.0,0,0.7854159895960414,0,1,0,0,0,1,0,1,0,1,0,1,0,1,0,1,1,0,0,2,2
0,-0.4474048350192824,0,1,1.1961557885674161,1,1.0,1,1.1660136365749132,0,1,1,0,0,0,0,0,0,1,0,0,0,1,0,1,0,1,0,2,2
1,-0.4474048350192824,0,0,-1.288673078021946,1,0.0,1,-0.6488886800230259,0,0,0,0,0,0,0,0,0,0,0,0,0,0,0,0,0,0,1,0,1
1,-0.4474048350192824,0,0,0.9110114924014238,1,1.0,1,1.1909436134512585,0,0,1,0,0,1,0,1,0,0,0,0,0,1,0,1,0,0,1,2,2
0,2.235112188621971,0,0,-1.0035287818559535,1,0.0,1,0.35495838886447884,0,1,1,0,0,0,0,0,0,0,0,0,0,0,0,0,0,1,0,0,2
1,-0.4474048350192824,1,0,0.8295416934968546,1,0.0,0,0.9582638292720357,0,1,1,0,0,1,0,0,0,1,0,0,0,0,0,1,0,1,0,2,2
1,-0.4474048350192824,0,0,-1.1257334802128074,1,0.0,1,0.4995522547472815,0,0,1,0,0,0,0,0,0,0,0,0,0,1,0,0,0,0,1,0,2
0,2.235112188621971,0,0,-0.8813240834990996,1,0.0,1,0.9998137907326111,0,1,1,0,0,0,0,0,0,0,0,0,0,1,0,1,0,0,0,0,2
0,-0.4474048350192824,0,0,0.09631350335573131,1,0.0,0,-0.1502891424961196,0,0,0,0,0,1,0,1,0,1,0,0,0,0,0,0,0,1,0,2,1
0,-0.4474048350192824,1,0,-1.288673078021946,1,0.0,1,-0.6671706630656791,0,0,0,0,0,0,0,0,0,0,0,0,0,0,0,0,0,1,0,0,1
1,-0.4474048350192824,1,1,1.6035047830902625,1,2.0,1,-1.3286460495180412,0,1,0,1,1,0,1,0,1,0,1,0,1,0,1,0,1,0,0,2,0
0,-0.4474048350192824,1,1,0.46292759842629294,1,1.0,0,0.9748838138562659,0,1,1,0,0,0,0,1,0,1,0,0,0,0,0,1,0,1,0,2,2
1,-0.4474048350192824,0,1,-1.0849985807605227,1,0.0,0,-1.5098038814861507,0,0,0,1,1,0,1,0,1,0,1,0,1,0,1,0,0,0,1,0,0
1,-0.4474048350192824,0,0,0.7888067940445699,1,2.0,1,-0.06054122574127638,0,0,0,0,0,1,0,1,0,0,0,0,0,1,0,0,1,0,0,2,1
1,-0.4474048350192824,0,0,0.5036624978785775,1,1.0,1,-1.4848739046098054,0,0,0,1,1,0,1,0,1,0,1,0,1,0,1,0,0,1,0,2,0
0,-0.4474048350192824,1,1,-0.18883079281026105,1,1.0,1,0.17712455381321582,0,0,1,0,0,0,0,0,0,0,0,0,0,0,0,0,0,0,0,2,2
0,2.235112188621971,0,0,1.4813000847334086,1,2.0,0,1.5017373251763633,0,1,1,0,0,1,0,0,0,1,0,1,0,1,0,1,1,0,0,2,2
0,2.235112188621971,1,0,1.3998302858288394,1,1.0,1,1.3953694238372898,0,1,1,0,0,1,0,0,0,1,0,0,0,1,0,1,1,0,0,2,2
0,-0.4474048350192824,0,0,0.21851820171258518,1,1.0,1,-1.3569000233112327,0,1,0,1,1,0,1,0,1,0,1,0,1,0,1,0,0,1,0,2,0
0,-0.4474048350192824,0,0,0.7073369951400007,1,2.0,0,-1.5181138737782658,0,0,0,1,1,0,1,0,1,0,1,0,1,0,1,0,1,0,0,2,0
0,-0.4474048350192824,1,1,0.9110114924014238,1,1.0,1,0.33002841198813354,0,1,0,0,0,1,0,1,0,0,0,1,0,1,0,0,1,0,0,2,2
1,-0.4474048350192824,0,0,-0.2703005917148303,1,1.0,0,0.34664839657236374,0,0,1,0,0,0,0,1,0,0,0,0,0,0,0,0,0,0,0,2,2
1,-0.4474048350192824,1,1,-0.06662609445340718,0,1.0,0,-0.17023312399719567,1,0,0,0,0,1,0,0,0,1,0,1,0,1,0,1,0,1,0,2,1
0,2.235112188621971,1,0,-0.5147099884285381,1,0.0,1,-0.16857112553877274,0,0,0,0,0,0,0,1,0,0,0,0,0,0,0,1,0,1,0,1,1
0,-0.4474048350192824,1,1,0.05557860390344668,1,0.0,0,-1.4765639123176904,0,0,0,1,1,0,1,0,1,0,1,0,1,0,1,0,0,0,1,2,0
0,-0.4474048350192824,0,0,0.17778330226030056,1,2.0,0,-1.5048178861108816,0,0,0,1,1,0,1,0,1,0,1,0,1,0,1,0,0,0,1,2,0
0,-0.4474048350192824,1,1,1.6035047830902625,1,2.0,0,0.8203179572229247,0,1,0,0,0,1,0,1,0,1,0,1,0,1,0,1,1,0,0,2,2
1,-0.4474048350192824,0,0,-0.14809589335797643,1,1.0,1,-1.5048178861108816,0,0,0,1,1,0,1,0,1,0,1,0,1,0,1,0,0,0,1,2,0
1,2.235112188621971,0,0,0.5036624978785775,1,0.0,1,0.9582638292720357,0,1,1,0,0,0,0,0,0,0,0,0,0,1,0,1,0,0,0,2,2
1,2.235112188621971,0,0,1.3998302858288394,1,0.0,1,0.3532963904060559,0,1,1,0,0,0,0,0,0,0,0,0,0,0,0,0,0,0,1,2,2
0,-0.4474048350192824,0,0,0.09631350335573131,1,1.0,0,-1.461605926191883,0,0,0,1,1,0,1,0,1,0,1,0,1,0,1,0,0,0,1,2,0
1,2.235112188621971,1,0,0.992481291305993,0,0.0,1,-0.6721566584409481,1,0,0,0,0,0,0,0,0,0,0,0,0,1,0,1,0,1,0,2,1
1,-0.4474048350192824,0,1,-1.2479381785696613,1,0.0,0,-0.13699315482873525,0,1,0,0,0,1,0,1,0,0,0,0,0,0,0,0,0,0,0,0,1
0,-0.4474048350192824,0,0,-0.7591193851422458,1,1.0,0,-0.19848709779038706,0,0,0,0,0,0,0,0,0,0,0,1,0,0,0,1,1,0,0,1,1
0,2.235112188621971,1,0,-1.2479381785696613,1,0.0,0,0.4696362824956674,0,1,1,0,0,0,0,0,0,1,0,0,0,0,0,0,0,1,0,0,2
1,-0.4474048350192824,0,1,-1.2072032791173766,1,0.0,0,0.1521945769368705,0,0,1,0,0,0,0,0,0,0,0,0,0,0,0,0,0,1,0,0,1
0,-0.4474048350192824,1,1,0.9110114924014238,1,2.0,1,-1.3103640664753882,0,1,0,1,1,0,1,0,1,0,1,0,1,0,1,0,1,0,0,2,0
1,-0.4474048350192824,1,1,-1.0442636813082382,0,0.0,1,-1.0161903393345133,1,0,0,0,0,1,0,0,0,0,0,1,0,0,0,0,0,1,0,0,0
0,-0.4474048350192824,0,0,-1.288673078021946,1,0.0,0,-1.5280858645288038,0,0,0,1,1,0,1,0,1,0,1,0,1,0,1,0,0,0,1,0,0
0,-0.4474048350192824,0,0,-0.4332401895239688,1,1.0,0,-1.469915918483998,0,0,0,1,1,0,1,0,1,0,1,0,1,0,1,0,0,0,0,1,0
1,-0.4474048350192824,1,1,1.5627698836379778,1,2.0,0,0.825303952598194,0,1,0,0,0,1,0,1,0,1,0,1,0,1,0,1,1,0,0,2,2
0,-0.4474048350192824,1,1,1.3998302858288394,1,2.0,1,-1.3352940433517335,0,1,0,1,1,0,1,0,1,0,1,0,1,0,1,0,0,0,1,2,0
1,-0.4474048350192824,1,0,1.6035047830902625,1,2.0,1,1.4917653344258253,0,1,1,0,0,1,0,1,0,0,0,1,0,1,0,1,1,0,0,2,2
0,-0.4474048350192824,1,1,-0.7998542845945305,1,0.0,1,-1.4832119061513822,0,0,0,1,1,0,1,0,1,0,1,0,1,0,1,0,0,0,1,1,0
0,2.235112188621971,0,0,0.2592531011648698,1,0.0,1,1.1527176489075288,0,1,1,0,0,0,0,0,0,1,0,0,0,1,0,1,0,1,0,2,2
1,-0.4474048350192824,1,1,-0.5961797873331073,1,1.0,0,-1.5048178861108816,0,0,0,1,1,0,1,0,1,0,1,0,1,0,1,0,0,0,0,1,0
1,-0.4474048350192824,1,0,0.5851322967831468,1,1.0,1,0.45966429174512935,0,1,1,0,0,0,0,1,0,0,0,0,0,0,0,0,0,1,0,2,2
1,-0.4474048350192824,1,0,-0.7183844856899612,1,0.0,1,-1.5164518753198426,0,0,0,1,1,0,1,0,1,0,1,0,1,0,1,0,1,0,0,1,0
1,-0.4474048350192824,1,1,1.4813000847334086,1,2.0,1,0.5610461977089336,0,1,0,0,0,0,0,1,0,1,0,1,0,1,0,1,0,0,0,2,2
0,-0.4474048350192824,0,0,-0.5961797873331073,1,0.0,1,0.6690760975064299,0,1,1,0,0,0,0,0,0,0,0,0,0,1,0,0,0,1,0,1,2
1,-0.4474048350192824,0,1,0.7888067940445699,1,2.0,1,0.667414099048007,0,1,0,0,0,1,0,1,0,0,0,1,0,1,0,1,0,0,1,2,2
1,-0.4474048350192824,0,0,-0.8813240834990996,0,1.0,1,-0.7801865582384444,1,0,0,0,0,0,0,0,0,1,0,0,0,1,0,0,0,1,0,0,1
0,2.235112188621971,0,0,1.114685989662847,1,1.0,1,1.2075635980354888,0,1,1,0,0,1,0,0,0,0,0,0,0,1,0,1,0,0,0,2,2
1,2.235112188621971,0,0,0.5851322967831468,1,0.0,1,0.6973300712996211,0,1,1,0,0,0,0,0,0,0,0,0,0,1,0,0,1,0,0,2,2
0,-0.4474048350192824,1,1,-0.10736099390569181,1,2.0,0,0.5228202331652039,0,0,0,0,0,0,0,1,0,1,0,1,0,1,0,1,0,0,0,2,2
1,-0.4474048350192824,1,1,0.8702765929491392,0,2.0,0,-0.6339306938972186,1,0,0,0,0,0,0,0,0,1,0,1,0,0,0,1,1,0,0,2,1
1,-0.4474048350192824,0,0,-1.288673078021946,1,0.0,1,-0.6405786877309108,0,0,0,0,0,0,0,0,0,0,0,0,0,0,0,0,0,0,1,0,1
0,-0.4474048350192824,0,0,-1.166468379665092,1,0.0,1,0.6840340836322372,0,1,1,0,0,0,0,0,0,0,0,0,0,1,0,0,0,1,0,0,2
1,-0.4474048350192824,1,1,1.2368906880197008,1,2.0,0,0.3532963904060559,0,1,0,0,0,1,0,0,0,1,0,1,0,0,0,1,0,0,1,2,2
1,-0.4474048350192824,0,1,-0.9627938824036689,1,0.0,0,-1.4848739046098054,0,0,0,1,1,0,1,0,1,0,1,0,1,0,1,0,0,0,1,0,0
0,-0.4474048350192824,0,0,-0.14809589335797643,1,1.0,1,0.19706853531429186,0,1,0,0,0,0,0,0,0,0,0,0,0,1,0,1,1,0,0,2,2
0,-0.4474048350192824,1,1,0.13704840280801595,1,0.0,1,1.310607502457716,0,1,1,0,0,1,0,0,0,1,0,0,0,1,0,1,1,0,0,2,2
1,-0.4474048350192824,0,0,1.2368906880197008,1,2.0,0,-1.3236600541427723,0,1,0,1,1,0,1,0,1,0,1,0,1,0,1,0,0,0,1,2,0
0,-0.4474048350192824,0,0,-0.9627938824036689,1,0.0,1,0.33667640582182573,0,1,1,0,0,0,0,0,0,0,0,0,0,0,0,0,1,0,0,0,2
1,-0.4474048350192824,0,0,0.05557860390344668,1,1.0,0,1.7011771401871258,0,1,1,0,0,1,0,1,0,1,0,1,0,1,0,1,1,0,0,2,2
0,-0.4474048350192824,0,0,-1.2479381785696613,1,0.0,0,0.3765643688239783,0,0,0,0,0,0,0,0,0,1,0,1,0,1,0,1,0,1,0,0,2
1,-0.4474048350192824,1,1,-1.288673078021946,1,1.0,1,-1.4915218984434973,0,0,0,1,1,0,1,0,1,0,1,0,1,0,1,0,0,1,0,0,0
0,-0.4474048350192824,1,0,-0.5554448878808227,1,0.0,0,0.8169939603060788,0,1,1,0,0,0,0,0,0,1,0,0,0,0,0,1,0,0,1,1,2
0,2.235112188621971,0,0,-0.14809589335797643,1,0.0,1,-0.21676908083304045,0,1,0,0,0,1,0,1,0,0,0,0,0,0,0,0,0,0,0,2,1
0,-0.4474048350192824,1,1,-0.7591193851422458,1,1.0,1,-1.5147898768614196,0,0,0,1,1,0,1,0,1,0,1,0,1,0,1,0,0,0,1,1,0
1,-0.4474048350192824,0,0,-0.9627938824036689,1,0.0,0,-1.4848739046098054,0,0,0,1,1,0,1,0,1,0,1,0,1,0,1,0,0,0,1,0,0
0,-0.4474048350192824,0,0,0.6258671962354314,1,2.0,1,1.244127564120795,0,0,1,0,0,1,0,0,0,1,0,1,0,1,0,1,1,0,0,2,2
1,-0.4474048350192824,0,0,1.31836048692427,1,1.0,1,1.4934273328842482,0,1,1,0,0,1,0,0,0,1,0,1,0,1,0,1,1,0,0,2,2
1,-0.4474048350192824,0,0,-1.1257334802128074,0,0.0,0,-1.3552380248528098,1,0,0,0,0,0,0,0,0,0,0,0,0,0,0,0,0,0,1,0,0
1,2.235112188621971,0,0,-0.7591193851422458,1,0.0,1,0.32836641352971063,0,1,1,0,0,0,0,0,0,0,0,0,0,0,0,0,0,1,0,1,2
0,-0.4474048350192824,0,0,1.2368906880197008,1,2.0,0,1.07626571982007,0,1,1,0,0,0,0,1,0,0,0,0,0,1,0,1,0,0,0,2,2
1,-0.4474048350192824,0,0,-1.2072032791173766,1,1.0,0,-1.4582819292750369,0,0,0,1,1,0,1,0,1,0,1,0,1,0,1,0,0,0,1,0,0
0,-0.4474048350192824,1,1,-0.5147099884285381,1,0.0,1,1.0114477799415722,0,1,1,0,0,0,0,0,0,1,0,1,0,0,0,1,0,0,0,1,2
1,-0.4474048350192824,1,1,0.09631350335573131,1,1.0,1,0.27850645977702,0,1,0,0,0,0,0,0,0,0,0,1,0,1,0,1,0,0,0,2,2
0,-0.4474048350192824,1,0,1.6035047830902625,1,2.0,1,1.089561707487454,0,1,1,0,0,0,0,0,0,1,0,0,0,1,0,1,0,1,0,2,2
0,-0.4474048350192824,1,1,1.5220349841856933,1,2.0,0,-1.5048178861108816,0,0,0,1,1,0,1,0,1,0,1,0,1,0,1,0,0,0,0,2,0
1,2.235112188621971,1,0,1.0332161907582778,0,0.0,1,-0.657198672315141,1,0,0,0,0,0,0,1,0,1,0,0,0,0,0,1,0,1,0,2,1
0,-0.4474048350192824,1,1,-0.7998542845945305,1,2.0,1,-1.5064798845693046,0,0,0,1,1,0,1,0,1,0,1,0,1,0,1,0,0,0,0,1,0
0,-0.4474048350192824,1,0,-0.5961797873331073,1,0.0,0,0.32338041815444135,0,0,1,0,0,1,0,0,0,0,0,0,0,0,0,0,0,1,0,1,2
1,-0.4474048350192824,1,1,-1.0849985807605227,1,2.0,1,-1.4848739046098054,0,0,0,1,1,0,1,0,1,0,1,0,1,0,1,0,1,0,0,0,0
0,-0.4474048350192824,1,1,-1.0849985807605227,1,0.0,1,0.5128482424146659,0,1,1,0,0,0,0,0,0,0,0,1,0,0,0,0,0,1,0,0,2
1,-0.4474048350192824,0,0,-1.2072032791173766,1,0.0,1,-0.6555366738567179,0,0,0,0,0,0,0,0,0,0,0,0,0,0,0,0,0,1,0,0,1
0,-0.4474048350192824,0,0,-1.2479381785696613,1,0.0,1,0.32670441507128767,0,1,1,0,0,0,0,0,0,0,0,0,0,0,0,0,0,0,1,0,2
1,2.235112188621971,0,1,0.9517463918537085,1,1.0,0,0.9881798015236497,0,0,1,0,0,1,0,0,0,0,0,0,0,1,0,1,1,0,0,2,2
1,-0.4474048350192824,1,0,-0.47397508897625346,1,0.0,0,-0.34806695904845897,0,0,0,0,0,0,0,0,0,0,0,0,0,1,0,0,0,0,0,1,1
0,-0.4474048350192824,1,1,0.7888067940445699,1,0.0,0,0.689020079007506,0,0,1,0,0,0,0,1,0,1,0,1,0,0,0,0,0,0,0,2,2
1,-0.4474048350192824,1,1,-0.7591193851422458,1,0.0,1,0.012586706429336639,0,0,0,0,0,1,0,1,0,0,0,0,0,1,0,0,0,1,0,1,1
1,-0.4474048350192824,0,0,-0.840589184046815,1,0.0,0,0.9798698092315347,0,1,1,0,0,0,0,0,0,0,0,0,0,1,0,1,0,1,0,0,2
1,-0.4474048350192824,1,1,0.05557860390344668,1,1.0,0,0.40315634415874657,0,1,0,0,0,0,0,0,0,1,0,0,0,1,0,1,0,0,0,2,2
1,-0.4474048350192824,1,0,-0.3517703906193996,1,1.0,0,-1.4948458953603434,0,0,0,1,1,0,1,0,1,0,1,0,1,0,1,0,0,0,1,1,0
0,-0.4474048350192824,1,1,0.5036624978785775,1,0.0,0,0.5394402177494341,0,1,0,0,0,1,0,1,0,1,0,1,0,1,0,0,0,0,1,2,2
0,-0.4474048350192824,0,0,0.8295416934968546,1,2.0,0,1.3455094700845993,0,1,1,0,0,0,0,1,0,1,0,0,0,1,0,1,0,1,0,2,2
0,-0.4474048350192824,0,0,-1.0035287818559535,1,0.0,1,1.149393651990683,0,1,1,0,0,0,0,0,0,1,0,0,0,1,0,1,0,1,0,0,2
1,-0.4474048350192824,0,0,-1.166468379665092,1,0.0,0,-0.6821286491914863,0,0,0,0,0,0,0,0,0,0,0,0,0,0,0,0,0,0,1,0,1
0,-0.4474048350192824,0,0,-0.7998542845945305,1,0.0,1,0.22864650602432937,0,0,0,0,0,1,0,0,0,0,0,0,0,1,0,1,0,1,0,1,2
0,-0.4474048350192824,1,1,0.8702765929491392,1,2.0,0,-0.16857112553877274,0,1,0,0,0,1,0,0,0,0,0,1,0,0,0,0,0,0,0,2,1
1,2.235112188621971,1,0,-0.8813240834990996,1,0.0,0,-1.4998318907356125,0,0,0,1,1,0,1,0,1,0,1,0,1,0,1,0,0,0,1,0,0
1,-0.4474048350192824,0,0,-0.39250529007168417,1,0.0,1,0.5294682269988961,0,1,1,0,0,0,0,0,0,1,0,0,0,0,0,0,0,1,0,1,2
0,-0.4474048350192824,1,0,-0.6776495862376766,1,0.0,0,-1.5114658799445737,0,0,0,1,1,0,1,0,1,0,1,0,1,0,1,0,0,0,1,1,0
1,-0.4474048350192824,0,0,-0.2703005917148303,1,1.0,0,-0.11704917332765918,0,1,0,0,0,1,0,1,0,0,0,0,0,0,0,0,0,1,0,2,1
0,-0.4474048350192824,1,1,1.3998302858288394,1,1.0,0,-0.4826888341807238,0,0,0,0,0,0,0,1,0,0,0,0,0,0,0,0,1,0,0,2,1
1,-0.4474048350192824,0,1,-0.840589184046815,1,0.0,0,-1.4632679246503062,0,0,0,1,1,0,1,0,1,0,1,0,1,0,1,0,1,0,0,0,0
1,2.235112188621971,1,0,0.46292759842629294,1,1.0,0,0.7754439988455033,0,1,1,0,0,0,0,1,0,0,0,0,0,0,0,1,0,0,1,2,2
1,-0.4474048350192824,1,0,-0.6776495862376766,1,0.0,0,0.5211582347067809,0,0,1,0,0,1,0,1,0,0,0,0,0,0,0,0,0,0,0,1,2
1,-0.4474048350192824,0,0,-0.5961797873331073,1,1.0,0,-1.4948458953603434,0,0,0,1,1,0,1,0,1,0,1,0,1,0,1,0,0,0,1,1,0
0,-0.4474048350192824,1,0,0.7480718945922853,1,2.0,0,-1.3153500618506573,0,1,0,1,1,0,1,0,1,0,1,0,1,0,1,0,0,0,1,2,0
0,-0.4474048350192824,1,1,1.6035047830902625,1,2.0,0,1.1577036442827981,0,1,1,0,0,1,0,1,0,0,0,1,0,1,0,0,0,0,0,2,2
0,-0.4474048350192824,0,1,-0.06662609445340718,1,1.0,0,-1.4948458953603434,0,0,0,1,1,0,1,0,1,0,1,0,1,0,1,0,1,0,0,2,0
1,2.235112188621971,1,0,0.6258671962354314,1,0.0,1,0.8635299171419232,0,1,1,0,0,0,0,0,0,1,0,0,0,0,0,1,1,0,0,2,2
1,-0.4474048350192824,1,0,1.6035047830902625,1,2.0,0,0.4812702717046283,0,1,0,0,0,1,0,1,0,1,0,1,0,0,0,1,1,0,0,2,2
0,-0.4474048350192824,0,0,-1.288673078021946,1,0.0,1,0.32005642123759553,0,0,1,0,0,0,0,1,0,0,0,0,0,0,0,0,0,1,0,0,2
0,-0.4474048350192824,1,0,1.5627698836379778,1,2.0,0,0.6873580805490831,0,1,0,0,0,1,0,1,0,1,0,1,0,1,0,1,1,0,0,2,2
1,-0.4474048350192824,0,0,0.5443973973308622,0,1.0,0,-1.0427823146692816,1,0,0,0,0,0,0,0,0,1,0,1,0,0,0,0,1,0,0,2,0
1,-0.4474048350192824,0,0,-0.6776495862376766,1,0.0,1,0.9698978184809967,0,0,1,0,0,1,0,0,0,0,0,0,0,1,0,1,0,1,0,1,2
1,2.235112188621971,0,0,-1.288673078021946,1,0.0,1,0.32005642123759553,0,1,1,0,0,0,0,0,0,0,0,0,0,0,0,0,0,1,0,0,2
1,-0.4474048350192824,0,0,-1.288673078021946,1,0.0,1,0.4712982809540903,0,0,1,0,0,0,0,0,0,0,0,0,0,0,0,1,0,1,0,0,2
0,-0.4474048350192824,0,0,0.5036624978785775,1,2.0,0,0.28183045669386586,0,1,0,0,0,1,0,0,0,0,0,1,0,0,0,1,0,0,1,2,2
1,2.235112188621971,0,0,1.2368906880197008,1,0.0,1,1.4734833513831722,0,1,1,0,0,1,0,1,0,1,0,0,0,1,0,1,0,0,0,2,2
1,-0.4474048350192824,0,0,-1.288673078021946,0,0.0,1,-0.9846123686244759,1,0,0,0,0,0,0,0,0,0,0,0,0,0,0,1,0,1,0,0,1
0,-0.4474048350192824,0,0,1.1554208891151316,1,2.0,0,0.7106260589670055,0,1,0,0,0,1,0,0,0,1,0,1,0,1,0,1,1,0,0,2,2
0,-0.4474048350192824,1,0,0.9110114924014238,1,0.0,1,0.9765458123146887,0,1,1,0,0,0,0,1,0,1,0,0,0,1,0,0,1,0,0,2,2
0,-0.4474048350192824,1,0,0.3814577995217237,1,0.0,1,0.6391601252548154,0,1,1,0,0,0,0,0,0,1,0,1,0,0,0,0,0,1,0,2,2
1,-0.4474048350192824,0,0,-1.2479381785696613,1,0.0,1,0.5028762516641279,0,0,1,0,0,0,0,0,0,0,0,0,0,0,0,1,0,1,0,0,2
1,-0.4474048350192824,0,0,-1.0035287818559535,1,0.0,0,0.18709654456375382,0,0,1,0,0,0,0,0,0,0,0,0,0,0,0,0,0,0,0,0,2
1,-0.4474048350192824,1,1,1.4405651852811239,1,1.0,0,1.3521574639182914,0,0,1,0,0,0,0,1,0,1,0,1,0,1,0,1,1,0,0,2,2
0,-0.4474048350192824,1,0,1.1961557885674161,1,2.0,0,1.624725211099667,0,1,1,0,0,1,0,1,0,1,0,1,0,1,0,1,0,0,1,2,2
0,-0.4474048350192824,1,0,1.5627698836379778,1,2.0,0,-1.3303080479764644,0,1,0,1,1,0,1,0,1,0,1,0,1,0,1,0,1,0,0,2,0
1,2.235112188621971,0,0,-1.0035287818559535,1,0.0,1,0.5377782192910111,0,1,1,0,0,0,0,0,0,1,0,0,0,0,0,0,0,1,0,0,2
1,-0.4474048350192824,0,0,-1.288673078021946,1,0.0,1,0.6624281036727377,0,0,1,0,0,0,0,1,0,0,0,0,0,0,0,1,0,1,0,0,2
0,2.235112188621971,0,0,-1.166468379665092,1,0.0,0,0.2552384813590976,0,0,1,0,0,0,0,1,0,0,0,0,0,0,0,0,0,1,0,0,2
1,-0.4474048350192824,0,1,-0.5961797873331073,1,0.0,1,-0.6455646831061798,0,0,0,0,0,0,0,0,0,0,0,0,0,0,0,0,1,0,0,1,1
1,-0.4474048350192824,0,0,-1.166468379665092,0,0.0,1,-1.1774041898015466,1,0,0,0,0,0,0,0,0,1,0,0,0,0,0,0,0,1,0,0,0
1,-0.4474048350192824,0,0,-1.2479381785696613,1,0.0,0,-0.38629292359218836,0,0,0,0,0,1,0,0,0,1,0,0,0,0,0,0,0,1,0,0,1
0,-0.4474048350192824,0,0,-1.0849985807605227,1,0.0,1,0.6940060743827752,0,0,1,0,0,0,0,1,0,0,0,0,0,0,0,1,0,0,1,0,2
1,-0.4474048350192824,1,1,-0.5554448878808227,1,1.0,0,-1.5014938891940355,0,0,0,1,1,0,1,0,1,0,1,0,1,0,1,0,0,0,1,1,0
1,-0.4474048350192824,0,0,1.6035047830902625,1,2.0,0,1.46683535754948,0,1,1,0,0,0,0,1,0,1,0,1,0,1,0,1,0,0,0,2,2
0,2.235112188621971,0,0,-0.7183844856899612,1,0.0,1,1.0380397552763403,0,0,1,0,0,1,0,0,0,1,0,1,0,0,0,1,0,0,1,1,2
1,-0.4474048350192824,1,0,-0.9220589829513843,1,1.0,0,-1.5114658799445737,0,0,0,1,1,0,1,0,1,0,1,0,1,0,1,0,0,0,0,0,0
1,-0.4474048350192824,0,0,-1.288673078021946,1,0.0,0,-1.4998318907356125,0,0,0,1,1,0,1,0,1,0,1,0,1,0,1,0,0,1,0,0,0
0,2.235112188621971,1,0,-1.2072032791173766,1,0.0,1,0.6258641375874314,0,0,1,0,0,0,0,0,0,0,0,1,0,1,0,0,0,0,1,0,2
1,-0.4474048350192824,0,1,1.6035047830902625,0,2.0,0,0.07075665247414237,1,0,0,0,0,1,0,1,0,1,0,1,0,1,0,1,1,0,0,2,1
0,2.235112188621971,1,0,0.46292759842629294,1,0.0,0,1.298973513248755,0,1,1,0,0,0,0,0,0,1,0,1,0,1,0,1,0,1,0,2,2
1,-0.4474048350192824,1,0,1.1554208891151316,1,1.0,1,-1.4798879092345363,0,0,0,1,1,0,1,0,1,0,1,0,1,0,1,0,1,0,0,2,0
0,2.235112188621971,0,0,-0.7183844856899612,1,0.0,1,0.3117464289454804,0,1,1,0,0,0,0,0,0,0,0,0,0,0,0,0,0,0,1,1,2
0,-0.4474048350192824,1,1,1.6035047830902625,1,2.0,1,0.30842243202863406,0,0,0,0,0,1,0,1,0,1,0,1,0,0,0,1,0,1,0,2,2
0,-0.4474048350192824,1,1,1.4813000847334086,1,1.0,1,1.330551483958792,0,1,1,0,0,1,0,1,0,1,0,1,0,1,0,0,1,0,0,2,2
0,-0.4474048350192824,0,0,1.114685989662847,0,0.0,1,-0.4743788418886087,1,0,0,0,0,0,0,1,0,0,0,0,0,1,0,1,0,1,0,2,1
0,-0.4474048350192824,0,0,0.7480718945922853,1,1.0,1,-1.5031558876524584,0,0,0,1,1,0,1,0,1,0,1,0,1,0,1,0,0,0,0,2,0
0,-0.4474048350192824,1,1,1.6035047830902625,0,2.0,1,-0.16857112553877274,1,0,0,0,0,0,0,1,0,1,0,1,0,1,0,1,0,1,0,2,1
0,-0.4474048350192824,1,1,-1.0035287818559535,1,2.0,0,-1.5147898768614196,0,0,0,1,1,0,1,0,1,0,1,0,1,0,1,0,0,0,1,0,0
0,-0.4474048350192824,1,1,0.13704840280801595,0,2.0,0,-0.8117645289484818,1,0,0,0,0,1,0,0,0,1,0,1,0,0,0,0,1,0,0,2,1
1,-0.4474048350192824,0,1,-0.7183844856899612,1,0.0,1,-1.3386180402685797,0,1,0,1,1,0,1,0,1,0,1,0,1,0,1,0,0,1,0,1,0
1,-0.4474048350192824,1,1,1.6035047830902625,1,2.0,1,1.568217263513284,0,1,1,0,0,0,0,1,0,1,0,1,0,1,0,1,0,0,0,2,2
0,-0.4474048350192824,0,0,-1.2479381785696613,1,0.0,1,0.8668539140587695,0,0,1,0,0,1,0,1,0,0,0,0,0,1,0,0,0,1,0,0,2
1,-0.4474048350192824,0,0,-0.9627938824036689,1,0.0,1,0.29014044898598096,0,0,1,0,0,0,0,0,0,1,0,0,0,0,0,0,0,1,0,0,2
0,-0.4474048350192824,1,1,0.9517463918537085,1,2.0,1,-1.5048178861108816,0,0,0,1,1,0,1,0,1,0,1,0,1,0,1,0,1,0,0,2,0
1,-0.4474048350192824,1,1,-1.288673078021946,1,0.0,0,-1.5247618676119576,0,0,0,1,1,0,1,0,1,0,1,0,1,0,1,0,0,0,1,0,0
0,2.235112188621971,0,0,-0.9627938824036689,1,0.0,1,0.31507042586232625,0,1,1,0,0,0,0,0,0,0,0,0,0,0,0,0,0,1,0,0,2
0,-0.4474048350192824,1,1,0.014843704451162058,1,0.0,0,0.782091992679195,0,1,1,0,0,0,0,1,0,1,0,1,0,0,0,0,1,0,0,2,2
1,-0.4474048350192824,1,0,1.5220349841856933,1,2.0,0,-1.3569000233112327,0,1,0,1,1,0,1,0,1,0,1,0,1,0,1,0,0,0,0,2,0
1,-0.4474048350192824,0,0,-0.4332401895239688,1,0.0,1,-1.3369560418101565,0,1,0,1,1,0,1,0,1,0,1,0,1,0,1,0,1,0,0,1,0
0,-0.4474048350192824,0,0,-1.2072032791173766,1,0.0,1,0.3566203873229018,0,1,1,0,0,0,0,0,0,0,0,0,0,0,0,0,0,1,0,0,2
0,2.235112188621971,0,0,0.17778330226030056,1,0.0,1,1.3853974330867518,0,1,1,0,0,1,0,1,0,0,0,0,0,1,0,1,0,0,0,2,2
0,-0.4474048350192824,0,0,0.8702765929491392,1,1.0,1,0.9865178030652269,0,1,1,0,0,0,0,1,0,1,0,0,0,1,0,0,0,0,0,2,2
1,-0.4474048350192824,0,0,0.7073369951400007,1,1.0,0,1.6380211987670508,0,1,1,0,0,1,0,1,0,1,0,1,0,1,0,1,1,0,0,2,2
1,-0.4474048350192824,0,0,-0.39250529007168417,1,1.0,1,1.1593656427412211,0,0,1,0,0,1,0,0,0,1,0,0,0,1,0,1,1,0,0,1,2
1,-0.4474048350192824,1,1,0.5851322967831468,1,1.0,0,-1.4965078938187666,0,0,0,1,1,0,1,0,1,0,1,0,1,0,1,0,0,0,1,2,0
1,-0.4474048350192824,0,0,-0.840589184046815,1,0.0,1,0.8136699633892326,0,1,1,0,0,0,0,0,0,1,0,0,0,1,0,0,0,1,0,0,2
1,-0.4474048350192824,1,0,-0.06662609445340718,1,0.0,0,0.9549398323551893,0,1,1,0,0,0,0,1,0,1,0,0,0,1,0,0,0,1,0,2,2
1,-0.4474048350192824,1,1,0.09631350335573131,1,0.0,1,1.4917653344258253,0,1,1,0,0,0,0,1,0,1,0,1,0,1,0,1,0,1,0,2,2
1,-0.4474048350192824,0,0,1.5627698836379778,1,2.0,1,1.4286093930057502,0,1,1,0,0,1,0,0,0,1,0,1,0,1,0,1,0,1,0,2,2
0,-0.4474048350192824,0,0,-1.288673078021946,1,0.0,1,-0.6455646831061798,0,0,0,0,0,0,0,0,0,0,0,0,0,0,0,0,0,1,0,0,1
1,-0.4474048350192824,1,0,1.6035047830902625,1,2.0,1,0.4746222778709362,0,0,0,0,0,1,0,1,0,0,0,1,0,1,0,1,0,0,0,2,2
1,-0.4474048350192824,0,1,1.4405651852811239,1,2.0,1,0.7122880574254283,0,1,0,0,0,1,0,1,0,0,0,1,0,1,0,1,0,0,0,2,2
1,-0.4474048350192824,0,0,0.9517463918537085,1,0.0,1,0.7089640605085825,0,1,1,0,0,1,0,1,0,0,0,0,0,0,0,0,0,1,0,2,2
1,-0.4474048350192824,1,1,1.2368906880197008,1,2.0,0,0.31340842740390334,0,0,0,0,0,1,0,1,0,1,0,1,0,1,0,0,1,0,0,2,2
1,-0.4474048350192824,1,1,0.34072290006943906,1,1.0,1,1.2474515610376409,0,1,1,0,0,0,0,0,0,1,0,1,0,1,0,1,0,1,0,2,2
0,-0.4474048350192824,1,1,1.4813000847334086,1,2.0,0,-1.5181138737782658,0,0,0,1,1,0,1,0,1,0,1,0,1,0,1,0,0,0,1,2,0
1,2.235112188621971,1,0,-0.9220589829513843,1,0.0,1,0.7172740528006976,0,1,1,0,0,0,0,0,0,0,0,0,0,0,0,1,0,1,0,0,2
0,-0.4474048350192824,1,1,-1.0035287818559535,1,0.0,0,-0.3098409945047295,0,1,0,0,0,0,0,1,0,0,0,0,0,0,0,0,0,1,0,0,1
1,2.235112188621971,1,0,0.8702765929491392,0,0.0,1,-1.3336320448933103,1,0,0,0,0,0,0,0,0,0,0,0,0,0,0,0,0,0,0,2,0
0,-0.4474048350192824,0,0,-1.2479381785696613,1,0.0,1,0.3599443842397481,0,1,1,0,0,0,0,0,0,0,0,0,0,0,0,0,0,1,0,0,2
0,-0.4474048350192824,0,0,-0.9627938824036689,1,0.0,0,-1.4898598999850743,0,0,0,1,1,0,1,0,1,0,1,0,1,0,1,0,0,0,1,0,0
0,2.235112188621971,1,1,-1.166468379665092,1,0.0,0,-0.6339306938972186,0,0,0,0,0,0,0,0,0,0,0,0,0,0,0,0,0,1,0,0,1
0,-0.4474048350192824,1,0,1.1961557885674161,1,2.0,1,0.6607661052143148,0,1,0,0,0,1,0,1,0,0,0,1,0,1,0,1,0,1,0,2,2
1,-0.4474048350192824,0,0,0.9517463918537085,1,1.0,0,-1.3352940433517335,0,1,0,1,1,0,1,0,1,0,1,0,1,0,1,0,0,1,0,2,0
0,-0.4474048350192824,1,1,1.1554208891151316,1,0.0,1,-1.5181138737782658,0,0,0,1,1,0,1,0,1,0,1,0,1,0,1,0,0,0,1,2,0
0,-0.4474048350192824,0,0,-1.1257334802128074,1,0.0,0,0.3499723934892096,0,1,1,0,0,0,0,0,0,0,0,0,0,0,0,0,0,1,0,0,2
1,-0.4474048350192824,1,0,1.5220349841856933,1,1.0,1,1.476807348300018,0,0,1,0,0,1,0,1,0,1,0,1,0,1,0,1,0,0,0,2,2
0,-0.4474048350192824,1,0,0.46292759842629294,1,0.0,1,0.9981517922741878,0,1,1,0,0,1,0,1,0,1,0,1,0,0,0,0,1,0,0,2,2
0,2.235112188621971,1,1,1.1961557885674161,1,0.0,1,1.0313917614426482,0,1,1,0,0,0,0,1,0,1,0,0,0,0,0,1,1,0,0,2,2
0,-0.4474048350192824,1,1,1.3998302858288394,1,1.0,0,0.6557801098390456,0,0,1,0,0,1,0,1,0,1,0,0,0,0,0,0,0,0,0,2,2
0,-0.4474048350192824,0,0,-1.0849985807605227,1,0.0,0,0.1821105491884846,0,0,1,0,0,0,0,0,0,0,0,0,0,0,0,0,1,0,0,0,2
0,-0.4474048350192824,0,0,0.34072290006943906,1,1.0,1,-1.3369560418101565,0,1,0,1,1,0,1,0,1,0,1,0,1,0,1,0,0,0,1,2,0
0,-0.4474048350192824,1,0,1.4405651852811239,1,2.0,0,-0.03228725194808521,0,0,0,0,0,0,0,1,0,0,0,1,0,1,0,0,0,0,0,2,1
1,-0.4474048350192824,0,0,-0.5961797873331073,1,0.0,1,0.5178342377899351,0,1,1,0,0,0,0,1,0,0,0,0,0,0,0,0,0,1,0,1,2
1,-0.4474048350192824,0,0,-1.2479381785696613,1,0.0,0,-0.6555366738567179,0,0,0,0,0,0,0,0,0,0,0,0,0,0,0,0,0,1,0,0,1
1,2.235112188621971,1,1,0.7073369951400007,1,2.0,1,0.3350144073634028,0,1,0,0,0,1,0,1,0,1,0,0,0,0,0,1,0,0,0,2,2
0,-0.4474048350192824,1,0,1.1554208891151316,1,2.0,1,1.1959296088265274,0,1,1,0,0,0,0,1,0,0,0,0,0,1,0,1,0,0,0,2,2
0,-0.4474048350192824,0,0,-1.288673078021946,1,0.0,1,-0.3430809636731899,0,0,0,0,0,0,0,0,0,0,0,0,0,0,0,1,0,0,1,0,1
1,-0.4474048350192824,0,1,-0.2295656922625457,1,1.0,0,-0.29488300837892223,0,0,0,0,0,1,0,1,0,0,0,0,0,0,0,0,0,0,1,2,1
1,-0.4474048350192824,0,0,-0.10736099390569181,1,0.0,1,-0.018991264280700852,0,1,0,0,0,1,0,0,0,0,0,0,0,0,0,1,0,0,1,2,1
1,2.235112188621971,1,0,-0.7591193851422458,1,0.0,1,0.3333524089049794,0,1,1,0,0,0,0,0,0,0,0,0,0,0,0,0,0,1,0,1,2
0,-0.4474048350192824,0,0,-1.166468379665092,1,0.0,1,0.3848743611160934,0,0,1,0,0,0,0,1,0,0,0,0,0,0,0,0,0,0,0,0,2
1,-0.4474048350192824,1,1,1.5627698836379778,1,2.0,1,1.067955727527955,0,1,1,0,0,1,0,0,0,0,0,0,0,1,0,1,0,1,0,2,2
0,-0.4474048350192824,0,0,1.6035047830902625,1,2.0,1,1.2042396011186425,0,1,1,0,0,1,0,1,0,1,0,0,0,1,0,0,0,0,0,2,2
0,-0.4474048350192824,1,0,-0.3517703906193996,1,1.0,0,-1.4931838969019204,0,0,0,1,1,0,1,0,1,0,1,0,1,0,1,0,0,0,1,1,0
1,-0.4474048350192824,0,0,0.4221926989740083,1,0.0,1,0.33667640582182573,0,0,1,0,0,1,0,0,0,0,0,0,0,0,0,0,0,1,0,2,2
1,-0.4474048350192824,1,1,0.5851322967831468,0,1.0,0,-0.823398518157443,1,0,0,0,0,1,0,0,0,1,0,1,0,0,0,0,0,1,0,2,1
0,-0.4474048350192824,0,0,-1.288673078021946,1,0.0,1,-1.4898598999850743,0,0,0,1,1,0,1,0,1,0,1,0,1,0,1,0,0,0,1,0,0
0,-0.4474048350192824,0,0,1.3590953863765547,1,2.0,1,0.8302899479734628,0,1,0,0,0,1,0,1,0,1,0,1,0,1,0,1,1,0,0,2,2
1,-0.4474048350192824,1,0,1.3998302858288394,1,2.0,0,0.19374453839744601,0,1,0,0,0,1,0,1,0,1,0,1,0,0,0,0,1,0,0,2,2
1,-0.4474048350192824,0,0,-1.0849985807605227,1,0.0,0,-1.4931838969019204,0,0,0,1,1,0,1,0,1,0,1,0,1,0,1,0,0,0,0,0,0
0,-0.4474048350192824,1,0,1.2776255874719855,0,2.0,0,-0.5724367509355668,1,0,0,0,0,1,0,0,0,1,0,1,0,0,0,1,0,1,0,2,1
0,-0.4474048350192824,0,0,-0.3517703906193996,1,0.0,1,1.1194776797390684,0,1,1,0,0,0,0,0,0,1,0,0,0,1,0,1,0,1,0,1,2
1,-0.4474048350192824,0,0,-1.2479381785696613,1,0.0,1,-0.6339306938972186,0,0,0,0,0,0,0,0,0,0,0,0,0,0,0,0,1,0,0,0,1
0,-0.4474048350192824,1,0,0.6258671962354314,1,1.0,1,-0.14862714403769645,0,1,0,0,0,1,0,0,0,0,0,1,0,0,0,0,0,0,0,2,1
1,-0.4474048350192824,0,0,0.7888067940445699,0,1.0,0,-1.1624462036757393,1,0,0,0,0,0,0,1,0,0,0,0,0,0,0,0,0,0,1,2,0
0,-0.4474048350192824,0,0,-1.2072032791173766,1,0.0,0,-0.6804666507330631,0,0,0,0,0,0,0,0,0,0,0,0,0,0,0,0,0,1,0,0,1
0,-0.4474048350192824,1,0,1.114685989662847,1,2.0,1,1.067955727527955,0,0,1,0,0,1,0,0,0,0,0,1,0,1,0,1,0,1,0,2,2
1,-0.4474048350192824,1,1,0.8702765929491392,1,2.0,1,-1.3635480171449248,0,1,0,1,1,0,1,0,1,0,1,0,1,0,1,0,0,0,0,2,0
0,-0.4474048350192824,0,0,0.05557860390344668,1,0.0,0,0.6740620928816987,0,1,1,0,0,0,0,0,0,0,0,0,0,1,0,0,0,1,0,2,2
1,-0.4474048350192824,1,1,-1.166468379665092,1,0.0,1,-0.4710548449717626,0,1,0,0,0,0,0,0,0,0,0,0,0,0,0,0,0,1,0,0,1
0,-0.4474048350192824,1,1,-1.1257334802128074,0,0.0,0,-1.3303080479764644,1,0,0,0,0,0,0,0,0,0,0,0,0,0,0,0,0,0,1,0,0
0,-0.4474048350192824,0,1,1.1554208891151316,1,2.0,1,-1.3319700464348874,0,1,0,1,1,0,1,0,1,0,1,0,1,0,1,0,1,0,0,2,0
1,-0.4474048350192824,1,0,1.5220349841856933,1,2.0,1,1.1178156812806455,0,1,1,0,0,0,0,1,0,1,0,1,0,0,0,1,0,0,0,2,2
0,-0.4474048350192824,1,0,0.5851322967831468,1,0.0,1,0.6724000944232758,0,0,1,0,0,0,0,0,0,1,0,0,0,0,0,1,0,1,0,2,2
1,-0.4474048350192824,1,1,0.5851322967831468,1,2.0,1,0.84524793409927,0,1,0,0,0,1,0,1,0,1,0,1,0,1,0,1,0,0,1,2,2
1,-0.4474048350192824,0,0,0.13704840280801595,1,0.0,1,0.6591041067558919,0,1,1,0,0,0,0,0,0,0,0,0,0,0,0,1,0,1,0,2,2
0,2.235112188621971,1,1,-0.025891195001122566,1,0.0,1,0.8735019078924612,0,1,1,0,0,0,0,0,0,1,0,0,0,1,0,0,0,0,1,2,2
0,-0.4474048350192824,0,0,0.21851820171258518,1,0.0,1,0.035854684847259025,0,1,0,0,0,1,0,1,0,1,0,0,0,0,0,0,0,0,0,2,1
0,-0.4474048350192824,0,1,-0.5554448878808227,1,0.0,0,-0.5408587802255295,0,0,0,0,0,0,0,0,0,0,0,1,0,0,0,0,0,0,1,1,1
0,-0.4474048350192824,0,0,0.2999880006171544,1,1.0,1,0.5211582347067809,0,1,0,0,0,0,0,0,0,1,0,1,0,1,0,1,0,0,1,2,2
1,-0.4474048350192824,1,0,-0.10736099390569181,1,0.0,0,-0.504294814140223,0,1,0,0,0,0,0,0,0,0,0,0,0,0,0,0,0,1,0,2,1
1,2.235112188621971,1,1,0.9517463918537085,1,1.0,1,1.312269500916139,0,1,1,0,0,1,0,0,0,1,0,0,0,1,0,1,0,0,0,2,2
0,2.235112188621971,1,0,-0.025891195001122566,1,0.0,0,0.47296027941251323,0,1,1,0,0,0,0,0,0,1,0,0,0,0,0,0,0,0,1,2,2
0,-0.4474048350192824,0,0,1.5220349841856933,1,2.0,1,1.558245272762746,0,1,1,0,0,1,0,1,0,1,0,1,0,1,0,1,1,0,0,2,2
0,2.235112188621971,1,0,-0.31103549116711493,1,0.0,0,0.7754439988455033,0,0,1,0,0,0,0,1,0,1,0,0,0,0,0,1,0,0,0,2,2
0,-0.4474048350192824,0,0,-0.9627938824036689,1,0.0,1,-1.5147898768614196,0,0,0,1,1,0,1,0,1,0,1,0,1,0,1,0,0,1,0,0,0
1,-0.4474048350192824,0,0,-0.9220589829513843,0,0.0,0,-1.1823901851768155,1,0,0,0,0,0,0,0,0,1,0,0,0,0,0,0,0,0,1,0,0
0,-0.4474048350192824,0,0,-1.1257334802128074,1,0.0,0,-1.31701206030908,0,1,0,1,1,0,1,0,1,0,1,0,1,0,1,0,0,0,1,0,0
1,-0.4474048350192824,0,0,-0.6776495862376766,1,0.0,1,0.7970499788050023,0,1,1,0,0,0,0,0,0,0,0,1,0,0,0,1,1,0,0,1,2
1,-0.4474048350192824,0,0,-1.0442636813082382,1,0.0,1,0.7222600481759663,0,1,1,0,0,0,0,0,0,0,0,0,0,0,0,1,0,1,0,0,2
0,-0.4474048350192824,0,0,-0.9627938824036689,1,0.0,0,-1.5147898768614196,0,0,0,1,1,0,1,0,1,0,1,0,1,0,1,0,0,0,0,0,0
1,-0.4474048350192824,1,0,0.5851322967831468,1,1.0,0,-1.5014938891940355,0,0,0,1,1,0,1,0,1,0,1,0,1,0,1,0,0,0,0,2,0
1,-0.4474048350192824,1,1,1.6035047830902625,0,2.0,0,-0.8832304626606717,1,0,0,0,0,1,0,1,0,1,0,0,0,0,0,0,1,0,0,2,1
1,2.235112188621971,0,0,0.7073369951400007,1,0.0,1,1.0180957737752643,0,1,1,0,0,0,0,0,0,0,0,0,0,1,0,1,0,1,0,2,2
0,-0.4474048350192824,1,0,0.21851820171258518,1,1.0,1,-1.4898598999850743,0,0,0,1,1,0,1,0,1,0,1,0,1,0,1,0,1,0,0,2,0
1,-0.4474048350192824,0,0,1.3590953863765547,1,0.0,0,1.1444076566154138,0,0,1,0,0,0,0,1,0,1,0,0,0,1,0,1,0,1,0,2,2
0,2.235112188621971,1,0,0.8295416934968546,1,1.0,1,1.0230817691505332,0,1,1,0,0,0,0,0,0,0,0,0,0,1,0,1,1,0,0,2,2
1,-0.4474048350192824,1,0,1.2776255874719855,1,1.0,1,0.035854684847259025,0,1,0,0,0,1,0,0,0,0,0,0,0,1,0,0,1,0,0,2,1
1,-0.4474048350192824,0,0,-1.1257334802128074,1,0.0,0,-1.4865359030682284,0,0,0,1,1,0,1,0,1,0,1,0,1,0,1,0,0,0,1,0,0
0,-0.4474048350192824,1,1,1.31836048692427,1,2.0,1,1.1294496704896064,0,1,1,0,0,1,0,1,0,0,0,1,0,1,0,0,1,0,0,2,2
0,-0.4474048350192824,0,0,-1.2072032791173766,1,0.0,1,-0.16026113324665764,0,1,0,0,0,0,0,0,0,0,0,0,0,1,0,0,0,1,0,0,1
1,2.235112188621971,0,0,-1.288673078021946,1,0.0,1,0.21867451527379134,0,0,1,0,0,0,0,0,0,0,0,0,0,0,0,0,0,1,0,0,2
0,-0.4474048350192824,1,0,-0.31103549116711493,1,0.0,1,1.325565488583523,0,1,1,0,0,0,0,0,0,1,0,1,0,1,0,1,0,0,0,2,2
1,-0.4474048350192824,1,0,0.17778330226030056,1,1.0,0,0.4712982809540903,0,1,0,0,0,1,0,0,0,1,0,0,0,1,0,1,0,0,1,2,2
1,-0.4474048350192824,1,1,-0.7998542845945305,1,0.0,1,0.31008443048705747,0,1,1,0,0,0,0,0,0,0,0,0,0,0,0,0,1,0,0,1,2
0,-0.4474048350192824,1,1,-1.288673078021946,1,0.0,0,-1.4981698922771896,0,0,0,1,1,0,1,0,1,0,1,0,1,0,1,0,0,1,0,0,0
0,-0.4474048350192824,1,1,0.09631350335573131,1,2.0,0,-1.3552380248528098,0,1,0,1,1,0,1,0,1,0,1,0,1,0,1,0,0,0,0,2,0
0,-0.4474048350192824,1,0,-0.14809589335797643,1,0.0,0,-1.5031558876524584,0,0,0,1,1,0,1,0,1,0,1,0,1,0,1,0,0,0,1,2,0
1,-0.4474048350192824,1,1,0.7888067940445699,1,2.0,0,-1.5247618676119576,0,0,0,1,1,0,1,0,1,0,1,0,1,0,1,0,0,0,1,2,0
0,-0.4474048350192824,1,0,-0.840589184046815,0,0.0,1,-0.5059568125986459,1,0,0,0,0,0,0,0,0,1,0,0,0,1,0,1,0,0,0,0,1
0,-0.4474048350192824,0,1,-0.5961797873331073,0,0.0,1,-0.9995703547502832,1,0,0,0,0,0,0,0,0,0,0,0,0,0,0,1,0,1,0,1,0
0,-0.4474048350192824,1,0,-0.636914686785392,1,0.0,0,0.9150518693530367,0,1,1,0,0,0,0,0,0,0,0,0,0,1,0,1,0,1,0,1,2
0,2.235112188621971,1,1,1.0739510902105622,1,0.0,1,0.7870779880544643,0,1,1,0,0,0,0,0,0,1,0,0,0,0,0,1,1,0,0,2,2
0,-0.4474048350192824,1,1,1.1961557885674161,1,1.0,1,0.18875854302217676,0,0,0,0,0,1,0,0,0,1,0,1,0,1,0,0,0,0,0,2,2
1,-0.4474048350192824,0,0,1.2776255874719855,1,1.0,1,0.6391601252548154,0,1,1,0,0,1,0,1,0,0,0,0,0,0,0,0,1,0,0,2,2
0,-0.4474048350192824,0,0,-1.288673078021946,1,0.0,0,-1.4881979015266515,0,0,0,1,1,0,1,0,1,0,1,0,1,0,1,0,1,0,0,0,0
1,-0.4474048350192824,0,0,-1.288673078021946,1,0.0,0,-1.4965078938187666,0,0,0,1,1,0,1,0,1,0,1,0,1,0,1,0,0,0,0,0,0
1,-0.4474048350192824,1,0,-0.025891195001122566,1,1.0,0,0.18044855073006166,0,0,0,0,0,1,0,1,0,0,0,1,0,0,0,1,0,0,1,2,2
0,2.235112188621971,0,0,-0.39250529007168417,1,0.0,1,0.4746222778709362,0,1,1,0,0,0,0,0,0,1,0,0,0,0,0,0,0,0,1,1,2
1,-0.4474048350192824,0,0,-1.0849985807605227,1,0.0,0,-0.6754806553577941,0,0,0,0,0,0,0,0,0,0,0,0,0,0,0,0,0,1,0,0,1
0,-0.4474048350192824,0,0,-1.166468379665092,0,0.0,1,-1.0444443131277048,1,0,0,0,0,1,0,1,0,0,0,0,0,0,0,0,0,1,0,0,0
1,-0.4474048350192824,1,1,-0.840589184046815,1,2.0,1,-1.3186740587675032,0,1,0,1,1,0,1,0,1,0,1,0,1,0,1,0,0,0,0,0,0
1,-0.4474048350192824,0,0,-0.3517703906193996,1,1.0,0,-1.3452660341022715,0,1,0,1,1,0,1,0,1,0,1,0,1,0,1,0,0,1,0,1,0
1,-0.4474048350192824,1,0,-1.288673078021946,1,0.0,0,0.3699163749902861,0,0,1,0,0,0,0,0,0,1,0,0,0,0,0,0,0,1,0,0,2
1,-0.4474048350192824,1,1,1.6035047830902625,0,2.0,0,-0.13699315482873525,1,0,0,0,0,1,0,0,0,1,0,1,0,1,0,1,0,0,0,2,1
0,-0.4474048350192824,1,1,-0.5554448878808227,1,2.0,1,-1.3352940433517335,0,1,0,1,1,0,1,0,1,0,1,0,1,0,1,0,0,0,0,1,0
0,2.235112188621971,1,0,1.5627698836379778,1,2.0,0,0.8103459664723867,0,0,1,0,0,0,0,1,0,1,0,0,0,0,0,1,1,0,0,2,2
0,-0.4474048350192824,1,1,1.1961557885674161,1,1.0,0,-0.3430809636731899,0,0,0,0,0,1,0,0,0,1,0,0,0,0,0,0,1,0,0,2,1
0,-0.4474048350192824,1,1,0.21851820171258518,1,1.0,0,-1.5114658799445737,0,0,0,1,1,0,1,0,1,0,1,0,1,0,1,0,1,0,0,2,0
1,-0.4474048350192824,1,1,0.5443973973308622,1,2.0,1,-1.4915218984434973,0,0,0,1,1,0,1,0,1,0,1,0,1,0,1,0,0,0,1,2,0
1,2.235112188621971,0,0,0.09631350335573131,1,0.0,1,1.2075635980354888,0,1,1,0,0,0,0,0,0,1,0,0,0,1,0,1,0,1,0,2,2
1,-0.4474048350192824,1,0,0.666602095687716,1,2.0,1,0.9881798015236497,0,0,1,0,0,0,0,1,0,0,0,0,0,1,0,1,0,1,0,2,2
0,-0.4474048350192824,1,1,-1.2072032791173766,1,2.0,0,-1.5280858645288038,0,0,0,1,1,0,1,0,1,0,1,0,1,0,1,0,0,0,1,0,0
0,-0.4474048350192824,1,1,0.8702765929491392,1,0.0,1,1.2973115147903316,0,1,1,0,0,1,0,1,0,0,0,0,0,1,0,1,0,0,0,2,2
0,-0.4474048350192824,1,0,1.0332161907582778,1,1.0,1,0.11064461547629496,0,1,0,0,0,1,0,0,0,0,0,1,0,0,0,1,0,1,0,2,1
1,2.235112188621971,1,1,-0.18883079281026105,1,1.0,1,-0.4677308480549165,0,1,0,0,0,0,0,0,0,0,0,0,0,0,0,0,0,1,0,2,1
0,-0.4474048350192824,1,1,-0.9220589829513843,1,1.0,0,0.17380055689636947,0,1,0,0,0,1,0,1,0,0,0,0,0,1,0,0,0,1,0,0,2
1,-0.4474048350192824,1,1,0.21851820171258518,1,1.0,0,0.29845044127809606,0,0,0,0,0,1,0,1,0,1,0,1,0,1,0,0,0,1,0,2,2
1,2.235112188621971,1,0,0.014843704451162058,1,0.0,1,0.9782078107731117,0,1,1,0,0,0,0,0,0,0,0,0,0,1,0,1,0,1,0,2,2
1,-0.4474048350192824,1,1,1.0332161907582778,1,1.0,1,-1.5131278784029967,0,0,0,1,1,0,1,0,1,0,1,0,1,0,1,0,0,1,0,2,0
0,-0.4474048350192824,1,0,1.2776255874719855,1,2.0,1,0.6624281036727377,0,1,0,0,0,1,0,0,0,1,0,1,0,1,0,1,1,0,0,2,2
1,-0.4474048350192824,0,0,0.992481291305993,1,2.0,0,-1.4798879092345363,0,0,0,1,1,0,1,0,1,0,1,0,1,0,1,0,1,0,0,2,0
0,-0.4474048350192824,0,0,-1.0035287818559535,1,0.0,1,0.2801684582354429,0,1,1,0,0,0,0,0,0,0,0,0,0,0,0,0,0,1,0,0,2
1,-0.4474048350192824,1,0,1.4813000847334086,1,2.0,1,0.910065873977768,0,1,1,0,0,0,0,1,0,0,0,1,0,1,0,0,0,0,1,2,2
1,-0.4474048350192824,0,0,0.4221926989740083,1,0.0,1,0.3416624011970945,0,1,1,0,0,0,0,0,0,0,0,0,0,0,0,0,1,0,0,2,2
1,2.235112188621971,1,0,1.6035047830902625,1,2.0,0,0.6441461206300846,0,1,0,0,0,1,0,1,0,1,0,0,0,1,0,1,1,0,0,2,2
0,-0.4474048350192824,0,0,-1.0442636813082382,1,0.0,1,1.1743236288670285,0,0,1,0,0,0,0,0,0,1,0,1,0,1,0,1,0,1,0,0,2
1,-0.4474048350192824,1,1,1.5627698836379778,1,2.0,0,0.677386089798545,0,0,0,0,0,1,0,1,0,1,0,1,0,1,0,1,0,0,0,2,2
0,-0.4474048350192824,1,1,-0.9627938824036689,1,0.0,1,-0.3247989806305368,0,1,0,0,0,0,0,1,0,0,0,0,0,0,0,0,0,0,1,0,1
1,-0.4474048350192824,0,1,0.5036624978785775,1,2.0,0,1.151055650449106,0,1,1,0,0,0,0,0,0,1,0,0,0,1,0,1,0,0,0,2,2
0,2.235112188621971,0,0,-0.7183844856899612,1,0.0,0,-0.3347709713810748,0,1,0,0,0,0,0,0,0,0,0,1,0,0,0,0,1,0,0,1,1
0,-0.4474048350192824,1,0,-1.288673078021946,1,0.0,0,0.45634029482828303,0,0,1,0,0,0,0,0,0,0,0,0,0,1,0,0,0,1,0,0,2
0,-0.4474048350192824,1,1,-0.10736099390569181,1,0.0,1,1.162689639658067,0,1,1,0,0,0,0,0,0,1,0,0,0,1,0,1,0,1,0,2,2
0,2.235112188621971,0,0,0.014843704451162058,1,0.0,1,1.5083853190100556,0,1,1,0,0,0,0,1,0,1,0,1,0,1,0,1,0,1,0,2,2
0,-0.4474048350192824,1,1,1.4813000847334086,1,2.0,0,-1.4931838969019204,0,0,0,1,1,0,1,0,1,0,1,0,1,0,1,0,0,0,0,2,0
1,2.235112188621971,0,0,-0.025891195001122566,1,0.0,1,0.5327922239157419,0,1,1,0,0,0,0,0,0,1,0,0,0,0,0,0,1,0,0,2,2
0,-0.4474048350192824,1,0,1.6035047830902625,1,2.0,1,1.2923255194150627,0,1,1,0,0,1,0,1,0,1,0,1,0,1,0,0,0,0,0,2,2
1,-0.4474048350192824,1,1,1.6035047830902625,1,2.0,0,1.644669192600743,0,1,1,0,0,1,0,1,0,1,0,1,0,1,0,1,0,0,0,2,2
1,-0.4474048350192824,1,0,0.5851322967831468,1,0.0,1,0.6075821545447778,0,1,1,0,0,0,0,1,0,1,0,0,0,0,0,0,0,0,0,2,2
1,-0.4474048350192824,0,0,-1.2072032791173766,1,0.0,0,-1.4749019138592672,0,0,0,1,1,0,1,0,1,0,1,0,1,0,1,0,0,0,1,0,0
1,2.235112188621971,0,0,0.3814577995217237,1,0.0,1,0.4746222778709362,0,1,1,0,0,0,0,1,0,0,0,0,0,0,0,0,0,0,0,2,2
1,-0.4474048350192824,0,0,-1.288673078021946,1,0.0,0,-0.657198672315141,0,0,0,0,0,0,0,0,0,0,0,0,0,0,0,0,0,1,0,0,1
1,-0.4474048350192824,0,0,0.17778330226030056,1,1.0,1,0.8485719310161158,0,1,0,0,0,1,0,1,0,1,0,1,0,1,0,1,0,0,0,2,2
0,-0.4474048350192824,1,1,-0.840589184046815,1,0.0,1,0.6458081190885075,0,1,1,0,0,0,0,1,0,1,0,0,0,0,0,0,0,1,0,0,2
1,-0.4474048350192824,0,1,0.13704840280801595,1,0.0,1,0.9848558046068039,0,0,1,0,0,0,0,1,0,0,0,0,0,1,0,1,0,1,0,2,2
0,-0.4474048350192824,0,0,-0.636914686785392,1,0.0,0,0.18044855073006166,0,0,1,0,0,0,0,0,0,0,0,0,0,0,0,0,0,0,0,1,2
1,-0.4474048350192824,0,0,-0.7998542845945305,0,0.0,1,-1.3269840510596185,1,0,0,0,0,0,0,0,0,0,0,0,0,0,0,0,0,0,0,1,0
0,-0.4474048350192824,1,0,1.3998302858288394,1,1.0,1,1.5349772943448237,0,1,1,0,0,1,0,0,0,1,0,1,0,1,0,1,0,1,0,2,2
1,-0.4474048350192824,1,1,1.1961557885674161,1,2.0,0,-1.4832119061513822,0,0,0,1,1,0,1,0,1,0,1,0,1,0,1,0,0,0,0,2,0
0,-0.4474048350192824,0,0,0.05557860390344668,1,0.0,0,-1.4865359030682284,0,0,0,1,1,0,1,0,1,0,1,0,1,0,1,0,0,0,1,2,0
1,-0.4474048350192824,0,0,-1.2479381785696613,1,0.0,0,0.18709654456375382,0,0,1,0,0,0,0,0,0,0,0,0,0,0,0,0,1,0,0,0,2
1,2.235112188621971,0,0,-0.3517703906193996,1,0.0,1,1.2025776026602195,0,1,1,0,0,0,0,1,0,0,0,0,0,1,0,1,0,1,0,1,2
0,-0.4474048350192824,0,0,-1.0849985807605227,1,0.0,1,0.8651919156003461,0,0,1,0,0,0,0,0,0,0,0,0,0,1,0,1,0,1,0,0,2
1,-0.4474048350192824,0,0,-0.2295656922625457,1,0.0,1,-1.5181138737782658,0,0,0,1,1,0,1,0,1,0,1,0,1,0,1,0,1,0,0,2,0
0,-0.4474048350192824,0,0,-0.8813240834990996,1,0.0,1,-0.0056952766133164965,0,0,0,0,0,0,0,0,0,0,0,0,0,1,0,1,0,1,0,0,1
0,-0.4474048350192824,0,0,-1.288673078021946,1,0.0,1,1.1693376334917591,0,1,1,0,0,0,0,1,0,0,0,0,0,1,0,1,1,0,0,0,2
1,-0.4474048350192824,0,0,0.9110114924014238,1,0.0,1,1.0546597398605706,0,1,1,0,0,0,0,0,0,0,0,0,0,1,0,1,0,1,0,2,2
1,-0.4474048350192824,1,0,0.666602095687716,1,0.0,1,0.6724000944232758,0,0,1,0,0,0,0,1,0,0,0,0,0,1,0,0,1,0,0,2,2
1,-0.4474048350192824,1,0,1.1554208891151316,1,0.0,0,0.9665738215641507,0,0,1,0,0,0,0,1,0,1,0,1,0,0,0,1,1,0,0,2,2
1,-0.4474048350192824,0,1,0.7480718945922853,1,1.0,0,-0.5724367509355668,0,0,0,0,0,0,0,0,0,0,0,1,0,0,0,0,1,0,0,2,1
0,-0.4474048350192824,0,0,-0.840589184046815,0,2.0,0,-0.5059568125986459,1,0,0,0,0,1,0,0,0,1,0,1,0,0,0,1,0,0,1,0,1
1,-0.4474048350192824,1,0,1.2368906880197008,1,2.0,0,1.2474515610376409,0,1,1,0,0,0,0,0,0,1,0,0,0,1,0,1,0,1,0,2,2
1,-0.4474048350192824,1,1,1.1961557885674161,1,1.0,0,0.21036452298167624,0,0,0,0,0,1,0,0,0,1,0,1,0,0,0,1,1,0,0,2,2
1,2.235112188621971,0,0,-0.7183844856899612,1,0.0,0,0.351634391947633,0,1,1,0,0,0,0,0,0,0,0,0,0,0,0,0,0,1,0,1,2
1,-0.4474048350192824,0,0,-0.840589184046815,0,0.0,1,-0.46939284651333946,1,0,0,0,0,1,0,1,0,0,0,1,0,1,0,0,0,0,0,0,1
1,-0.4474048350192824,0,0,-0.2295656922625457,1,1.0,0,-0.3198129852552675,0,0,0,0,0,1,0,1,0,0,0,0,0,0,0,0,0,0,0,2,1
1,-0.4474048350192824,1,1,0.8295416934968546,1,2.0,1,0.15385657539529343,0,0,0,0,0,1,0,1,0,0,0,1,0,1,0,0,0,0,1,2,1
1,-0.4474048350192824,0,1,-0.636914686785392,1,1.0,0,0.5244822316236268,0,0,0,0,0,0,0,1,0,1,0,1,0,1,0,1,0,1,0,1,2
1,2.235112188621971,0,0,0.46292759842629294,1,0.0,0,0.29180244744440387,0,0,1,0,0,0,0,0,0,1,0,0,0,0,0,0,0,1,0,2,2
1,2.235112188621971,1,0,-0.7998542845945305,1,0.0,1,0.7970499788050023,0,0,1,0,0,0,0,1,0,0,0,1,0,0,0,1,0,0,0,1,2
0,2.235112188621971,0,0,0.666602095687716,1,1.0,1,0.8236419541397706,0,0,1,0,0,0,0,1,0,1,0,0,0,0,0,1,0,0,0,2,2
1,2.235112188621971,1,0,0.666602095687716,1,0.0,1,0.7687960050118111,0,1,1,0,0,1,0,1,0,1,0,0,0,0,0,0,0,1,0,2,2
1,-0.4474048350192824,0,0,0.5851322967831468,1,1.0,1,1.2640715456218712,0,1,1,0,0,0,0,1,0,1,0,0,0,1,0,1,0,1,0,2,2
1,-0.4474048350192824,0,0,-1.288673078021946,1,0.0,0,-0.6272827000635264,0,0,0,0,0,0,0,0,0,0,0,0,0,0,0,0,1,0,0,0,1
1,-0.4474048350192824,0,0,-0.2703005917148303,1,0.0,0,-0.6522126769398717,0,0,0,0,0,0,0,0,0,0,0,0,0,0,0,0,0,1,0,2,1
1,-0.4474048350192824,0,0,-1.2479381785696613,1,0.0,1,-0.3547149528821511,0,1,0,0,0,0,0,1,0,0,0,0,0,0,0,0,0,0,1,0,1
1,-0.4474048350192824,1,1,0.014843704451162058,1,1.0,0,-1.4948458953603434,0,0,0,1,1,0,1,0,1,0,1,0,1,0,1,0,1,0,0,2,0
1,-0.4474048350192824,0,1,-1.0035287818559535,1,0.0,0,-1.5164518753198426,0,0,0,1,1,0,1,0,1,0,1,0,1,0,1,0,0,0,0,0,0
1,2.235112188621971,0,0,0.9517463918537085,1,0.0,1,1.1959296088265274,0,1,1,0,0,0,0,0,0,1,0,0,0,1,0,1,0,1,0,2,2
0,-0.4474048350192824,1,1,-1.2072032791173766,1,0.0,1,-0.2117830854577712,0,0,0,0,0,0,0,1,0,0,0,0,0,1,0,0,1,0,0,0,1
0,-0.4474048350192824,0,0,-1.1257334802128074,1,0.0,1,1.0363777568179176,0,0,1,0,0,0,0,1,0,0,0,0,0,1,0,1,0,1,0,0,2
1,2.235112188621971,1,0,-0.5554448878808227,0,0.0,1,-1.0228383331682056,1,0,0,0,0,0,0,1,0,1,0,0,0,0,0,0,1,0,0,1,0
1,-0.4474048350192824,0,0,0.014843704451162058,1,0.0,1,-0.346404960590036,0,1,0,0,0,0,0,1,0,0,0,0,0,0,0,0,0,0,0,2,1
0,-0.4474048350192824,1,1,-0.6776495862376766,0,0.0,1,-0.982950370166053,1,0,0,0,0,0,0,0,0,0,0,0,0,0,0,1,1,0,0,1,1
0,2.235112188621971,1,0,-0.840589184046815,1,1.0,1,0.4696362824956674,0,0,0,0,0,1,0,0,0,1,0,1,0,1,0,1,0,1,0,0,2
0,-0.4474048350192824,1,1,-0.7183844856899612,1,1.0,0,-1.4798879092345363,0,0,0,1,1,0,1,0,1,0,1,0,1,0,1,0,0,0,1,1,0
1,-0.4474048350192824,1,1,1.4405651852811239,1,2.0,0,-1.3186740587675032,0,1,0,1,1,0,1,0,1,0,1,0,1,0,1,0,0,0,0,2,0
0,-0.4474048350192824,1,0,1.6035047830902625,1,2.0,1,1.5183573097605936,0,1,1,0,0,1,0,1,0,1,0,0,0,1,0,1,0,1,0,2,2
1,2.235112188621971,1,0,1.5627698836379778,1,0.0,1,1.4103274099630971,0,1,1,0,0,1,0,1,0,1,0,0,0,1,0,1,0,1,0,2,2
1,-0.4474048350192824,0,0,-1.288673078021946,1,0.0,1,-0.6904386414836015,0,0,0,0,0,0,0,0,0,0,0,0,0,0,0,0,0,0,1,0,1
0,-0.4474048350192824,0,0,-1.2479381785696613,1,0.0,0,0.4812702717046283,0,1,1,0,0,0,0,1,0,0,0,0,0,0,0,0,0,1,0,0,2
0,-0.4474048350192824,0,0,1.2368906880197008,1,2.0,1,-1.478225910776113,0,0,0,1,1,0,1,0,1,0,1,0,1,0,1,0,0,0,1,2,0
0,-0.4474048350192824,0,1,-0.2703005917148303,1,2.0,1,1.3421854731677534,0,0,1,0,0,0,0,1,0,1,0,1,0,1,0,1,0,1,0,2,2
1,-0.4474048350192824,0,0,-1.288673078021946,1,0.0,1,0.3599443842397481,0,0,1,0,0,0,0,0,0,0,0,1,0,0,0,0,0,1,0,0,2
0,-0.4474048350192824,1,0,0.2999880006171544,1,0.0,1,0.45800229328670594,0,1,1,0,0,0,0,0,0,0,0,1,0,0,0,0,1,0,0,2,2
0,-0.4474048350192824,1,0,0.5851322967831468,1,2.0,0,-1.5098038814861507,0,0,0,1,1,0,1,0,1,0,1,0,1,0,1,0,0,0,0,2,0
1,-0.4474048350192824,1,0,-1.288673078021946,1,0.0,1,0.9948277953573419,0,0,1,0,0,1,0,0,0,0,0,0,0,1,0,1,0,1,0,0,2
0,-0.4474048350192824,0,0,-0.47397508897625346,1,0.0,1,0.11895460776841008,0,0,1,0,0,0,0,0,0,0,0,0,0,0,0,0,0,1,0,1,1
1,-0.4474048350192824,1,0,1.1554208891151316,1,0.0,0,1.1410836596985678,0,1,1,0,0,1,0,0,0,1,0,1,0,1,0,0,0,0,0,2,2
0,-0.4474048350192824,0,0,-0.8813240834990996,1,0.0,0,0.18044855073006166,0,0,0,0,0,0,0,0,0,0,0,1,0,1,0,1,0,0,1,0,2
1,2.235112188621971,1,0,1.0332161907582778,1,0.0,1,1.1244636751143378,0,1,1,0,0,0,0,1,0,0,0,0,0,1,0,1,0,1,0,2,2
1,-0.4474048350192824,0,0,1.3998302858288394,0,1.0,1,-0.5225767971828762,1,0,0,0,0,1,0,0,0,1,0,1,0,1,0,0,0,0,0,2,1
0,-0.4474048350192824,1,1,1.3998302858288394,1,2.0,0,1.3837354346283288,0,1,1,0,0,1,0,0,0,0,0,1,0,1,0,1,1,0,0,2,2
1,2.235112188621971,1,1,-0.14809589335797643,1,0.0,1,1.2923255194150627,0,1,1,0,0,0,0,0,0,1,0,0,0,1,0,1,0,1,0,2,2
1,-0.4474048350192824,0,0,-0.6776495862376766,1,0.0,0,-0.3247989806305368,0,1,0,0,0,0,0,1,0,0,0,0,0,0,0,0,0,1,0,1,1
1,2.235112188621971,1,0,-0.2295656922625457,1,0.0,1,0.34664839657236374,0,1,1,0,0,0,0,0,0,0,0,0,0,0,0,0,0,1,0,2,2
1,-0.4474048350192824,1,0,-0.18883079281026105,1,1.0,0,-0.35637695134057407,0,0,0,0,0,1,0,0,0,0,0,1,0,0,0,0,0,0,1,2,1
0,-0.4474048350192824,0,0,-0.06662609445340718,1,1.0,0,-1.466591921567152,0,0,0,1,1,0,1,0,1,0,1,0,1,0,1,0,0,0,1,2,0
0,-0.4474048350192824,1,1,-1.288673078021946,1,0.0,0,-1.4965078938187666,0,0,0,1,1,0,1,0,1,0,1,0,1,0,1,0,0,0,1,0,0
0,-0.4474048350192824,0,0,-0.10736099390569181,1,0.0,1,-0.3247989806305368,0,0,0,0,0,1,0,1,0,0,0,0,0,0,0,0,0,0,0,2,1
0,-0.4474048350192824,1,1,0.666602095687716,1,1.0,1,0.7355560358433507,0,0,0,0,0,1,0,1,0,1,0,1,0,1,0,1,0,0,1,2,2
1,-0.4474048350192824,1,0,0.8295416934968546,1,1.0,1,0.9698978184809967,0,0,1,0,0,0,0,1,0,0,0,0,0,1,0,1,0,0,0,2,2
1,-0.4474048350192824,0,0,-1.288673078021946,1,0.0,1,0.32836641352971063,0,1,1,0,0,0,0,0,0,0,0,0,0,0,0,0,0,1,0,0,2
0,-0.4474048350192824,0,1,-1.166468379665092,1,0.0,1,-1.4965078938187666,0,0,0,1,1,0,1,0,1,0,1,0,1,0,1,0,0,0,0,0,0
1,2.235112188621971,1,0,-1.2479381785696613,1,0.0,1,1.0114477799415722,0,0,1,0,0,0,0,0,0,1,0,0,0,1,0,1,1,0,0,0,2
1,-0.4474048350192824,0,0,-1.288673078021946,1,0.0,0,-0.6854526461083321,0,0,0,0,0,0,0,0,0,0,0,0,0,0,0,0,0,0,1,0,1
1,2.235112188621971,1,0,-1.2072032791173766,1,0.0,1,1.3571434592935607,0,1,1,0,0,0,0,1,0,1,0,0,0,1,0,1,0,1,0,0,2
0,-0.4474048350192824,0,0,-1.0849985807605227,1,0.0,0,-0.2932210099204993,0,0,0,0,0,1,0,1,0,0,0,0,0,0,0,0,0,1,0,0,1
0,-0.4474048350192824,0,0,-1.288673078021946,1,0.0,1,-0.3198129852552675,0,0,0,0,0,0,0,0,0,0,0,0,0,0,0,1,0,1,0,0,1
1,-0.4474048350192824,1,1,-1.2479381785696613,1,2.0,0,-0.18519111012300293,0,0,0,0,0,1,0,1,0,0,0,1,0,0,0,0,0,0,1,0,1
1,-0.4474048350192824,1,1,-1.3294079774742305,1,2.0,0,-1.5031558876524584,0,0,0,1,1,0,1,0,1,0,1,0,1,0,1,0,0,0,1,0,0
1,-0.4474048350192824,0,1,-1.288673078021946,0,0.0,1,-1.3419420371854254,1,0,0,0,0,0,0,0,0,0,0,0,0,0,0,0,0,1,0,0,0
1,-0.4474048350192824,0,0,0.4221926989740083,1,0.0,1,1.2075635980354888,0,1,1,0,0,0,0,1,0,0,0,0,0,1,0,1,0,1,0,2,2
0,-0.4474048350192824,0,0,1.3590953863765547,0,2.0,1,-0.12369716716135112,1,0,0,0,0,1,0,0,0,1,0,1,0,1,0,1,0,0,0,2,1
1,-0.4474048350192824,1,1,1.1554208891151316,1,2.0,1,0.09901062626733353,0,0,0,0,0,1,0,1,0,1,0,1,0,0,0,0,0,0,0,2,1
1,-0.4474048350192824,0,1,-1.0035287818559535,1,0.0,0,-1.4865359030682284,0,0,0,1,1,0,1,0,1,0,1,0,1,0,1,0,0,0,1,0,0
1,2.235112188621971,0,0,-1.288673078021946,1,0.0,1,0.3782263672824012,0,1,1,0,0,0,0,0,0,0,0,0,0,0,0,0,0,1,0,0,2
1,-0.4474048350192824,0,0,-1.2072032791173766,1,0.0,0,0.3117464289454804,0,0,1,0,0,0,0,1,0,0,0,0,0,0,0,0,1,0,0,0,2
0,-0.4474048350192824,0,0,-0.636914686785392,1,0.0,1,0.16382856614583144,0,0,1,0,0,0,0,0,0,0,0,0,0,0,0,0,0,1,0,1,1
0,-0.4474048350192824,0,0,-1.288673078021946,1,0.0,1,0.17213855843794656,0,0,1,0,0,0,0,0,0,0,0,0,0,0,0,0,0,1,0,0,2
1,-0.4474048350192824,0,0,-0.5147099884285381,1,0.0,0,-1.5181138737782658,0,0,0,1,1,0,1,0,1,0,1,0,1,0,1,0,0,0,1,1,0
0,-0.4474048350192824,0,0,0.2999880006171544,1,2.0,1,-1.478225910776113,0,0,0,1,1,0,1,0,1,0,1,0,1,0,1,0,0,0,0,2,0
0,2.235112188621971,0,0,0.2999880006171544,0,0.0,1,-0.3081789960463066,1,0,0,0,0,1,0,1,0,0,0,0,0,1,0,1,0,1,0,2,1
0,2.235112188621971,0,0,0.7480718945922853,1,2.0,0,-1.5114658799445737,0,0,0,1,1,0,1,0,1,0,1,0,1,0,1,0,1,0,0,2,0
0,-0.4474048350192824,0,0,-1.288673078021946,1,0.0,0,-1.4815499076929592,0,0,0,1,1,0,1,0,1,0,1,0,1,0,1,0,0,0,1,0,0
1,2.235112188621971,1,0,-0.14809589335797643,1,0.0,1,-0.4477868665538402,0,1,0,0,0,0,0,0,0,0,0,0,0,0,0,0,0,1,0,2,1
1,-0.4474048350192824,1,0,0.3814577995217237,1,2.0,0,-1.4898598999850743,0,0,0,1,1,0,1,0,1,0,1,0,1,0,1,0,0,1,0,2,0
0,-0.4474048350192824,0,0,-1.0849985807605227,1,0.0,1,0.8120079649308096,0,0,1,0,0,0,0,0,0,0,0,0,0,1,0,1,0,1,0,0,2
1,-0.4474048350192824,0,1,-1.288673078021946,1,0.0,1,-1.4898598999850743,0,0,0,1,1,0,1,0,1,0,1,0,1,0,1,0,0,0,1,0,0
1,-0.4474048350192824,0,0,0.34072290006943906,1,0.0,1,0.8020359741802716,0,1,1,0,0,0,0,1,0,0,0,0,0,1,0,0,0,1,0,2,2
1,-0.4474048350192824,1,0,1.5220349841856933,1,2.0,0,0.09568662935048769,0,0,0,0,0,1,0,1,0,0,0,1,0,0,0,1,0,0,1,2,1
1,-0.4474048350192824,1,1,-0.840589184046815,1,2.0,0,-1.4632679246503062,0,0,0,1,1,0,1,0,1,0,1,0,1,0,1,0,0,0,0,0,0
1,-0.4474048350192824,1,1,0.09631350335573131,1,1.0,0,-1.5014938891940355,0,0,0,1,1,0,1,0,1,0,1,0,1,0,1,0,0,1,0,2,0
1,-0.4474048350192824,0,0,-0.7591193851422458,1,0.0,0,-1.5014938891940355,0,0,0,1,1,0,1,0,1,0,1,0,1,0,1,0,0,0,1,1,0
0,-0.4474048350192824,0,0,-1.2072032791173766,1,0.0,0,-1.5031558876524584,0,0,0,1,1,0,1,0,1,0,1,0,1,0,1,0,0,0,1,0,0
1,-0.4474048350192824,1,0,1.6035047830902625,1,2.0,1,1.2856775255813706,0,1,1,0,0,0,0,1,0,1,0,0,0,1,0,1,0,0,0,2,2
0,-0.4474048350192824,1,1,1.2776255874719855,1,2.0,0,1.5033993236347862,0,1,1,0,0,1,0,1,0,0,0,1,0,1,0,1,0,0,0,2,2
1,-0.4474048350192824,0,1,-0.5554448878808227,1,0.0,1,-1.3618860186865018,0,1,0,1,1,0,1,0,1,0,1,0,1,0,1,0,1,0,0,1,0
1,-0.4474048350192824,0,0,-1.2072032791173766,1,0.0,1,-1.4732399154008442,0,0,0,1,1,0,1,0,1,0,1,0,1,0,1,0,1,0,0,0,0
1,-0.4474048350192824,1,1,0.21851820171258518,1,2.0,1,0.6757240913401221,0,1,0,0,0,1,0,0,0,1,0,1,0,1,0,1,0,0,0,2,2
0,-0.4474048350192824,0,0,-0.06662609445340718,1,0.0,1,0.825303952598194,0,1,1,0,0,0,0,0,0,1,0,0,0,0,0,1,0,1,0,2,2
0,-0.4474048350192824,0,0,-0.7183844856899612,1,1.0,0,-0.2965450068373454,0,0,0,0,0,0,0,0,0,0,0,0,0,1,0,0,0,0,1,1,1
1,-0.4474048350192824,1,0,-0.2295656922625457,1,1.0,0,0.5244822316236268,0,1,0,0,0,1,0,0,0,0,0,1,0,1,0,1,0,0,1,2,2
0,-0.4474048350192824,1,1,0.666602095687716,1,0.0,1,1.106181692071684,0,1,1,0,0,0,0,1,0,0,0,0,0,1,0,1,0,1,0,2,2
1,2.235112188621971,0,0,-1.2072032791173766,1,0.0,1,0.3649303796150169,0,1,1,0,0,0,0,0,0,0,0,0,0,0,0,0,0,1,0,0,2
0,-0.4474048350192824,0,1,-0.06662609445340718,1,0.0,1,0.7139500558838513,0,1,1,0,0,0,0,0,0,0,0,0,0,1,0,0,1,0,0,2,2
1,2.235112188621971,0,0,1.3998302858288394,1,2.0,1,1.6961911448118565,0,1,1,0,0,1,0,1,0,1,0,1,0,1,0,1,1,0,0,2,2
0,2.235112188621971,1,0,-0.2703005917148303,1,1.0,0,-0.14530314712085035,0,0,0,0,0,0,0,0,0,1,0,0,0,0,0,1,0,0,1,2,1
0,-0.4474048350192824,0,0,-0.9627938824036689,1,0.0,1,0.30509843511178825,0,0,1,0,0,1,0,0,0,0,0,0,0,0,0,0,1,0,0,0,2
0,2.235112188621971,0,0,-1.288673078021946,1,0.0,1,0.17047655997952363,0,0,1,0,0,0,0,0,0,0,0,0,0,0,0,0,0,1,0,0,2
1,-0.4474048350192824,0,0,0.7073369951400007,0,0.0,1,-0.9995703547502832,1,0,0,0,0,1,0,1,0,0,0,0,0,0,0,0,0,0,1,2,0
1,-0.4474048350192824,1,0,-0.636914686785392,1,1.0,1,1.0496737444853017,0,0,1,0,0,0,0,0,0,1,0,0,0,1,0,1,0,0,0,1,2
0,-0.4474048350192824,1,1,-0.7998542845945305,1,2.0,0,-1.5131278784029967,0,0,0,1,1,0,1,0,1,0,1,0,1,0,1,0,0,0,1,1,0
1,-0.4474048350192824,0,0,0.3814577995217237,1,0.0,0,0.4929042609135898,0,1,1,0,0,0,0,0,0,1,0,0,0,0,0,0,0,1,0,2,2
1,2.235112188621971,0,0,0.09631350335573131,1,0.0,0,0.8618679186835002,0,1,1,0,0,1,0,0,0,0,0,0,0,0,0,1,1,0,0,2,2
0,2.235112188621971,0,0,1.3590953863765547,1,1.0,0,1.4302713914641731,0,1,1,0,0,0,0,1,0,1,0,0,0,1,0,1,0,0,0,2,2
1,-0.4474048350192824,1,1,1.114685989662847,1,0.0,1,1.2856775255813706,0,1,1,0,0,0,0,1,0,0,0,1,0,1,0,1,0,0,0,2,2
0,-0.4474048350192824,1,0,1.5627698836379778,1,2.0,0,-1.5031558876524584,0,0,0,1,1,0,1,0,1,0,1,0,1,0,1,0,1,0,0,2,0
1,-0.4474048350192824,1,1,1.1554208891151316,1,1.0,0,1.29066352095664,0,0,1,0,0,0,0,1,0,1,0,1,0,1,0,1,1,0,0,2,2
1,-0.4474048350192824,0,0,-0.9627938824036689,1,0.0,1,-0.6871146445667553,0,0,0,0,0,0,0,0,0,0,0,0,0,0,0,0,0,0,1,0,1
1,-0.4474048350192824,1,0,-1.2072032791173766,1,0.0,1,-1.378506003270732,0,1,0,1,1,0,1,0,1,0,1,0,1,0,1,0,0,0,1,0,0
0,-0.4474048350192824,1,1,-0.840589184046815,1,0.0,0,-1.53140986144565,0,0,0,1,1,0,1,0,1,0,1,0,1,0,1,0,0,0,1,0,0
1,2.235112188621971,0,0,1.5627698836379778,1,2.0,1,-1.3436040356438486,0,1,0,1,1,0,1,0,1,0,1,0,1,0,1,0,0,0,1,2,0
0,-0.4474048350192824,0,0,0.21851820171258518,1,2.0,0,-1.4881979015266515,0,0,0,1,1,0,1,0,1,0,1,0,1,0,1,0,0,0,1,2,0
1,-0.4474048350192824,0,0,-1.2479381785696613,0,0.0,0,-1.1707561959678543,1,0,0,0,0,0,0,0,0,0,0,1,0,0,0,0,0,0,0,0,0
1,-0.4474048350192824,1,1,-0.9220589829513843,1,1.0,0,-0.5159288033491842,0,0,0,0,0,0,0,1,0,0,0,0,0,0,0,0,0,0,1,0,1
0,-0.4474048350192824,0,0,-0.9627938824036689,1,0.0,1,0.31839442277917257,0,0,0,0,0,1,0,1,0,0,0,0,0,1,0,1,0,1,0,0,2
0,-0.4474048350192824,0,0,-1.288673078021946,1,0.0,1,-1.5147898768614196,0,0,0,1,1,0,1,0,1,0,1,0,1,0,1,0,0,0,1,0,0
0,-0.4474048350192824,1,1,1.31836048692427,1,2.0,0,-1.298730077266427,0,1,0,1,1,0,1,0,1,0,1,0,1,0,1,0,1,0,0,2,0
0,-0.4474048350192824,0,0,-1.288673078021946,1,0.0,0,0.1671525630626773,0,0,1,0,0,0,0,0,0,0,0,0,0,0,0,0,0,1,0,0,2
0,-0.4474048350192824,0,0,0.5443973973308622,1,2.0,0,-0.35637695134057407,0,0,0,0,0,0,0,0,0,1,0,1,0,0,0,0,1,0,0,2,1
0,-0.4474048350192824,0,0,0.6258671962354314,1,1.0,1,-0.15693713632981154,0,0,0,0,0,1,0,0,0,1,0,1,0,0,0,0,1,0,0,2,1
0,-0.4474048350192824,1,1,-1.2479381785696613,0,0.0,0,-1.1973481713026228,1,0,0,0,0,0,0,0,0,0,0,1,0,0,0,0,0,0,0,0,0
0,-0.4474048350192824,1,1,-0.2703005917148303,1,0.0,1,0.855219924849808,0,0,1,0,0,0,0,0,0,0,0,0,0,1,0,1,0,1,0,2,2
0,2.235112188621971,0,0,-1.2479381785696613,1,0.0,1,0.7804299942207721,0,1,1,0,0,0,0,0,0,1,0,0,0,0,0,1,0,1,0,0,2
1,-0.4474048350192824,0,0,0.5036624978785775,1,0.0,1,1.4419053806731346,0,1,1,0,0,1,0,0,0,1,0,1,0,1,0,1,1,0,0,2,2
0,-0.4474048350192824,0,0,-1.288673078021946,1,0.0,1,-0.6821286491914863,0,0,0,0,0,0,0,0,0,0,0,0,0,0,0,0,1,0,0,0,1
1,-0.4474048350192824,0,0,-1.288673078021946,1,0.0,0,-0.16524712862192664,0,1,0,0,0,0,0,1,0,0,0,1,0,0,0,0,0,0,1,0,1
0,-0.4474048350192824,1,0,1.3590953863765547,1,1.0,1,0.846909932557693,0,1,1,0,0,0,0,1,0,1,0,1,0,0,0,0,0,0,0,2,2
0,-0.4474048350192824,1,1,0.9110114924014238,1,2.0,0,-1.4881979015266515,0,0,0,1,1,0,1,0,1,0,1,0,1,0,1,0,0,0,1,2,0
1,-0.4474048350192824,0,1,0.5851322967831468,1,1.0,0,-1.4798879092345363,0,0,0,1,1,0,1,0,1,0,1,0,1,0,1,0,1,0,0,2,0
0,2.235112188621971,1,0,0.8295416934968546,1,2.0,0,-1.3286460495180412,0,1,0,1,1,0,1,0,1,0,1,0,1,0,1,0,1,0,0,2,0
0,-0.4474048350192824,0,0,0.2592531011648698,0,0.0,1,-0.4793648372638777,1,0,0,0,0,0,0,0,0,1,0,0,0,1,0,1,1,0,0,2,1
1,-0.4474048350192824,0,0,-0.2703005917148303,1,1.0,1,-1.4765639123176904,0,0,0,1,1,0,1,0,1,0,1,0,1,0,1,0,1,0,0,2,0
1,-0.4474048350192824,1,1,0.8702765929491392,1,2.0,1,0.019234700263028818,0,1,0,0,0,1,0,1,0,0,0,1,0,0,0,0,1,0,0,2,1
0,-0.4474048350192824,0,0,-1.2479381785696613,1,0.0,0,-0.36302494517426626,0,1,0,0,0,0,0,1,0,0,0,0,0,0,0,0,0,0,1,0,1
0,-0.4474048350192824,1,1,-1.1257334802128074,1,0.0,0,-0.6738186568993711,0,0,0,0,0,0,0,0,0,0,0,0,0,0,0,0,0,0,1,0,1
1,-0.4474048350192824,1,1,1.6035047830902625,1,2.0,0,-1.4798879092345363,0,0,0,1,1,0,1,0,1,0,1,0,1,0,1,0,0,1,0,2,0
1,-0.4474048350192824,1,0,1.5220349841856933,1,2.0,1,0.3948463518666315,0,1,0,0,0,1,0,0,0,0,0,1,0,1,0,1,1,0,0,2,2
0,-0.4474048350192824,1,1,0.7888067940445699,1,2.0,0,-1.5031558876524584,0,0,0,1,1,0,1,0,1,0,1,0,1,0,1,0,0,0,1,2,0
1,-0.4474048350192824,0,0,-1.2072032791173766,1,0.0,1,-0.4959848218481079,0,0,0,0,0,1,0,0,0,0,0,0,0,0,0,0,0,0,1,0,1
0,2.235112188621971,0,0,-0.7591193851422458,0,2.0,0,-0.8433424996585192,1,0,0,0,0,1,0,0,0,1,0,1,0,0,0,0,0,0,1,1,1
0,-0.4474048350192824,1,0,0.7888067940445699,1,0.0,0,0.9815318076899575,0,1,1,0,0,0,0,1,0,1,0,0,0,1,0,0,0,0,0,2,2
1,-0.4474048350192824,0,0,-0.5961797873331073,1,1.0,0,-1.373520007895463,0,1,0,1,1,0,1,0,1,0,1,0,1,0,1,0,0,0,1,1,0
1,2.235112188621971,1,0,1.5220349841856933,1,2.0,0,1.338861476250907,0,0,1,0,0,1,0,1,0,1,0,0,0,1,0,1,1,0,0,2,2
1,-0.4474048350192824,1,1,-1.1257334802128074,1,0.0,0,-0.022315261197546708,0,1,0,0,0,1,0,1,0,0,0,1,0,0,0,0,1,0,0,0,1
0,-0.4474048350192824,0,0,-1.2479381785696613,1,0.0,0,-1.5147898768614196,0,0,0,1,1,0,1,0,1,0,1,0,1,0,1,0,0,0,1,0,0
0,-0.4474048350192824,1,0,-0.2295656922625457,1,0.0,0,0.833613944890309,0,1,1,0,0,0,0,0,0,1,0,0,0,0,0,1,0,0,0,2,2
0,-0.4474048350192824,0,0,-0.025891195001122566,1,1.0,0,-1.5064798845693046,0,0,0,1,1,0,1,0,1,0,1,0,1,0,1,0,0,0,0,2,0
1,-0.4474048350192824,0,0,-0.5961797873331073,1,0.0,0,-0.5209147987244532,0,0,0,0,0,1,0,0,0,0,0,0,0,0,0,0,0,1,0,1,1
1,-0.4474048350192824,0,0,-0.636914686785392,1,1.0,0,-0.2982070052957683,0,0,0,0,0,1,0,1,0,0,0,0,0,0,0,0,0,0,1,1,1
0,2.235112188621971,0,0,1.3590953863765547,1,2.0,1,1.2408035672039492,0,1,1,0,0,1,0,0,0,0,0,0,0,1,0,1,0,0,0,2,2
1,-0.4474048350192824,1,0,0.9517463918537085,1,1.0,1,1.1793096242422971,0,1,1,0,0,1,0,0,0,0,0,0,0,1,0,1,0,1,0,2,2
0,-0.4474048350192824,1,0,1.3998302858288394,1,1.0,0,0.3333524089049794,0,1,0,0,0,1,0,1,0,1,0,0,0,0,0,1,0,0,1,2,2
1,-0.4474048350192824,1,1,1.4813000847334086,1,2.0,1,1.1394216612401447,0,1,1,0,0,0,0,0,0,0,0,1,0,1,0,1,0,1,0,2,2
1,-0.4474048350192824,1,1,-1.1257334802128074,1,0.0,1,0.6458081190885075,0,1,1,0,0,1,0,0,0,1,0,0,0,0,0,0,0,1,0,0,2
1,2.235112188621971,1,0,1.114685989662847,1,1.0,1,1.0928857044043003,0,0,1,0,0,0,0,1,0,1,0,0,0,1,0,1,0,1,0,2,2
1,-0.4474048350192824,0,0,-1.288673078021946,1,0.0,1,0.7737820003870799,0,0,1,0,0,0,0,0,0,0,0,0,0,1,0,1,0,1,0,0,2
1,2.235112188621971,1,0,-1.288673078021946,1,0.0,1,0.17380055689636947,0,0,1,0,0,0,0,0,0,0,0,0,0,0,0,0,0,1,0,0,2
0,-0.4474048350192824,0,0,-1.1257334802128074,1,0.0,0,-0.3081789960463066,0,0,0,0,0,1,0,0,0,1,0,0,0,0,0,0,1,0,0,0,1
0,-0.4474048350192824,0,0,-0.31103549116711493,0,1.0,0,-0.36136294671584307,1,0,0,0,0,0,0,0,0,1,0,1,0,1,0,1,0,1,0,2,1
1,2.235112188621971,1,0,1.1554208891151316,1,1.0,1,1.1045196936132613,0,1,1,0,0,0,0,1,0,1,0,1,0,1,0,0,0,0,1,2,2
0,2.235112188621971,0,0,-0.6776495862376766,1,0.0,1,0.9765458123146887,0,0,1,0,0,0,0,0,0,0,0,1,0,1,0,1,0,1,0,1,2
0,-0.4474048350192824,1,0,1.5627698836379778,1,2.0,0,-1.3701960109786169,0,1,0,1,1,0,1,0,1,0,1,0,1,0,1,0,0,0,1,2,0
0,-0.4474048350192824,1,1,0.666602095687716,1,0.0,1,1.0081237830247263,0,1,1,0,0,0,0,0,0,0,0,0,0,1,0,1,0,0,0,2,2
1,-0.4474048350192824,1,1,1.0739510902105622,0,1.0,0,-1.0062183485839753,1,0,0,0,0,1,0,0,0,1,0,0,0,0,0,0,0,0,1,2,0
1,-0.4474048350192824,1,1,1.6035047830902625,0,2.0,1,0.019234700263028818,1,0,0,0,0,1,0,1,0,1,0,1,0,1,0,1,0,0,0,2,1
0,-0.4474048350192824,1,1,0.05557860390344668,1,1.0,1,-0.1419791502040045,0,0,0,0,0,1,0,1,0,1,0,0,0,0,0,0,0,0,1,2,1
0,-0.4474048350192824,0,0,0.09631350335573131,1,0.0,1,0.7106260589670055,0,1,1,0,0,0,0,0,0,0,0,0,0,1,0,0,0,1,0,2,2
1,-0.4474048350192824,1,1,-1.0849985807605227,1,1.0,0,-1.5164518753198426,0,0,0,1,1,0,1,0,1,0,1,0,1,0,1,0,0,0,1,0,0
1,2.235112188621971,0,0,0.5851322967831468,1,0.0,0,0.6790480882569679,0,0,1,0,0,1,0,0,0,0,0,0,0,0,0,1,0,0,1,2,2
1,2.235112188621971,1,0,1.3998302858288394,1,0.0,1,0.9831938061483809,0,1,1,0,0,0,0,0,0,0,0,0,0,1,0,1,1,0,0,2,2
0,-0.4474048350192824,0,0,0.6258671962354314,1,1.0,0,-1.3469280325606947,0,1,0,1,1,0,1,0,1,0,1,0,1,0,1,0,0,0,0,2,0
0,-0.4474048350192824,0,0,-0.14809589335797643,1,0.0,0,1.1793096242422971,0,1,1,0,0,0,0,0,0,1,0,0,0,1,0,1,0,0,0,2,2
1,-0.4474048350192824,0,0,-1.288673078021946,0,0.0,1,-0.9812883717076301,1,0,0,0,0,0,0,0,0,0,0,0,0,0,0,1,0,1,0,0,1
0,2.235112188621971,0,0,-0.47397508897625346,1,0.0,1,0.9698978184809967,0,1,1,0,0,0,0,0,0,0,0,0,0,1,0,1,0,1,0,1,2
0,-0.4474048350192824,0,0,-1.0849985807605227,1,0.0,1,-0.4743788418886087,0,0,0,0,0,0,0,0,0,0,0,1,0,0,0,0,0,0,0,0,1
0,-0.4474048350192824,0,0,-1.166468379665092,1,0.0,1,1.1892816149928351,0,1,1,0,0,0,0,0,0,0,0,1,0,1,0,1,0,0,1,0,2
0,2.235112188621971,0,0,0.09631350335573131,0,0.0,1,-0.8383565042832501,1,0,0,0,0,0,0,0,0,1,0,0,0,1,0,0,0,1,0,2,1
1,-0.4474048350192824,1,1,0.9110114924014238,1,0.0,0,0.4762842763293596,0,0,1,0,0,0,0,1,0,0,0,1,0,0,0,0,0,1,0,2,2
0,-0.4474048350192824,0,0,-1.0849985807605227,1,2.0,0,-1.5098038814861507,0,0,0,1,1,0,1,0,1,0,1,0,1,0,1,0,1,0,0,0,0
0,-0.4474048350192824,1,1,0.5036624978785775,0,1.0,0,-0.4677308480549165,1,0,0,0,0,0,0,1,0,1,0,1,0,0,0,1,0,0,0,2,1
0,-0.4474048350192824,1,1,1.2776255874719855,1,1.0,1,-0.37299693592480426,0,1,0,0,0,0,0,1,0,0,0,0,0,0,0,0,0,0,0,2,1
0,-0.4474048350192824,0,0,0.992481291305993,1,2.0,1,1.5914852419312064,0,1,1,0,0,1,0,1,0,1,0,0,0,1,0,1,0,0,0,2,2
0,-0.4474048350192824,0,0,0.3814577995217237,1,2.0,1,-1.4732399154008442,0,0,0,1,1,0,1,0,1,0,1,0,1,0,1,0,0,0,0,2,0
0,-0.4474048350192824,0,0,-0.7998542845945305,1,1.0,0,-1.5098038814861507,0,0,0,1,1,0,1,0,1,0,1,0,1,0,1,0,0,1,0,1,0
1,-0.4474048350192824,0,0,-1.288673078021946,1,0.0,1,-1.4915218984434973,0,0,0,1,1,0,1,0,1,0,1,0,1,0,1,0,0,0,1,0,0
1,-0.4474048350192824,0,0,-0.10736099390569181,1,1.0,1,1.0613077336942627,0,0,1,0,0,0,0,1,0,0,0,0,0,1,0,1,0,0,0,2,2
1,-0.4474048350192824,1,1,0.34072290006943906,1,1.0,1,-0.1585991347882347,0,0,0,0,0,1,0,1,0,1,0,0,0,0,0,0,0,0,0,2,1
1,-0.4474048350192824,1,1,-1.0442636813082382,0,2.0,0,-0.5126048064323381,1,0,0,0,0,1,0,0,0,1,0,1,0,0,0,1,1,0,0,0,1
1,-0.4474048350192824,0,0,-1.2072032791173766,1,0.0,1,0.8951078878519607,0,0,1,0,0,0,0,0,0,0,0,0,0,1,0,1,0,1,0,0,2
1,-0.4474048350192824,1,1,-0.39250529007168417,1,2.0,0,-1.5114658799445737,0,0,0,1,1,0,1,0,1,0,1,0,1,0,1,0,1,0,0,1,0
1,-0.4474048350192824,1,0,-0.06662609445340718,1,0.0,0,0.7837539911376185,0,1,1,0,0,0,0,0,0,1,0,0,0,1,0,0,1,0,0,2,2
0,2.235112188621971,1,0,-1.0849985807605227,1,0.0,1,0.6408221237132383,0,1,1,0,0,0,0,0,0,0,0,0,0,0,0,1,0,1,0,0,2
1,-0.4474048350192824,1,1,1.6035047830902625,1,2.0,0,1.5233433051358627,0,1,1,0,0,0,0,1,0,1,0,1,0,1,0,1,1,0,0,2,2
0,-0.4474048350192824,0,0,-1.2479381785696613,1,0.0,1,-1.4832119061513822,0,0,0,1,1,0,1,0,1,0,1,0,1,0,1,0,0,0,1,0,0
1,2.235112188621971,1,0,-1.166468379665092,1,0.0,1,0.31008443048705747,0,1,1,0,0,0,0,0,0,0,0,0,0,0,0,0,0,0,1,0,2
1,2.235112188621971,0,0,-0.9627938824036689,1,0.0,1,0.4812702717046283,0,0,1,0,0,0,0,0,0,0,0,0,0,0,0,1,0,1,0,0,2
0,-0.4474048350192824,0,0,0.34072290006943906,1,0.0,0,-1.4832119061513822,0,0,0,1,1,0,1,0,1,0,1,0,1,0,1,0,0,1,0,2,0
1,-0.4474048350192824,0,1,1.5627698836379778,1,2.0,0,1.3837354346283288,0,1,1,0,0,1,0,0,0,1,0,0,0,1,0,1,0,0,0,2,2
1,-0.4474048350192824,0,0,-1.288673078021946,0,0.0,1,-0.9912603624581681,1,0,0,0,0,0,0,0,0,0,0,0,0,0,0,1,0,0,0,0,1
1,-0.4474048350192824,0,0,-1.2479381785696613,1,0.0,1,-0.3314469744642287,0,0,0,0,0,1,0,0,0,1,0,0,0,0,0,0,0,0,1,0,1
1,-0.4474048350192824,0,0,-1.288673078021946,1,0.0,1,-0.6472266815646027,0,0,0,0,0,0,0,0,0,0,0,0,0,0,0,0,0,1,0,0,1
1,-0.4474048350192824,0,0,-1.2479381785696613,1,0.0,0,-1.5031558876524584,0,0,0,1,1,0,1,0,1,0,1,0,1,0,1,0,0,0,1,0,0
1,-0.4474048350192824,0,0,-1.288673078021946,1,0.0,1,0.16549056460425438,0,0,1,0,0,0,0,0,0,0,0,0,0,0,0,0,0,1,0,0,2
1,-0.4474048350192824,0,0,-1.288673078021946,1,0.0,0,-1.5164518753198426,0,0,0,1,1,0,1,0,1,0,1,0,1,0,1,0,0,0,1,0,0
0,-0.4474048350192824,1,1,-0.14809589335797643,1,0.0,1,0.7555000173444268,0,0,1,0,0,0,0,0,0,0,0,0,0,1,0,1,1,0,0,2,2
1,2.235112188621971,0,0,-0.10736099390569181,1,0.0,1,0.84524793409927,0,1,1,0,0,1,0,0,0,0,0,0,0,0,0,1,1,0,0,2,2
1,-0.4474048350192824,0,0,-1.288673078021946,1,0.0,1,-1.4915218984434973,0,0,0,1,1,0,1,0,1,0,1,0,1,0,1,0,0,0,0,0,0
0,-0.4474048350192824,0,0,0.34072290006943906,1,1.0,1,0.5145102408730887,0,1,0,0,0,0,0,1,0,1,0,0,0,1,0,1,0,1,0,2,2
1,-0.4474048350192824,1,1,-0.7998542845945305,1,1.0,0,-1.4981698922771896,0,0,0,1,1,0,1,0,1,0,1,0,1,0,1,0,0,0,1,1,0
0,-0.4474048350192824,0,0,-1.288673078021946,1,0.0,0,0.2801684582354429,0,0,1,0,0,0,0,0,0,1,0,0,0,0,0,0,0,0,0,0,2
0,-0.4474048350192824,1,0,-0.14809589335797643,1,2.0,1,-1.5131278784029967,0,0,0,1,1,0,1,0,1,0,1,0,1,0,1,0,0,0,1,2,0
1,-0.4474048350192824,0,0,-1.2072032791173766,1,0.0,0,0.33002841198813354,0,1,1,0,0,0,0,0,0,0,0,0,0,0,0,0,0,0,1,0,2
1,-0.4474048350192824,0,0,0.8295416934968546,1,2.0,0,-1.5147898768614196,0,0,0,1,1,0,1,0,1,0,1,0,1,0,1,0,1,0,0,2,0
1,2.235112188621971,1,0,0.5443973973308622,1,0.0,1,1.1942676103681045,0,1,1,0,0,0,0,0,0,1,0,0,0,1,0,1,0,1,0,2,2
0,2.235112188621971,1,1,1.6035047830902625,1,2.0,1,0.7638100096365419,0,1,0,0,0,1,0,1,0,1,0,1,0,1,0,1,1,0,0,2,2
0,-0.4474048350192824,0,0,0.4221926989740083,0,0.0,1,-0.5325487879334144,1,0,0,0,0,0,0,0,0,1,0,0,0,1,0,1,0,0,0,2,1
0,-0.4474048350192824,0,0,0.13704840280801595,1,1.0,1,0.8169939603060788,0,1,0,0,0,1,0,0,0,1,0,1,0,1,0,1,1,0,0,2,2
0,-0.4474048350192824,0,0,-0.06662609445340718,1,0.0,0,0.005938712595644461,0,1,0,0,0,1,0,0,0,1,0,1,0,0,0,0,1,0,0,2,1
1,-0.4474048350192824,0,0,1.1961557885674161,1,2.0,0,-1.3851539971044242,0,1,0,1,1,0,1,0,1,0,1,0,1,0,1,0,0,0,0,2,0
0,-0.4474048350192824,1,0,1.4813000847334086,1,2.0,0,1.338861476250907,0,1,1,0,0,0,0,0,0,1,0,1,0,1,0,1,0,0,0,2,2
1,-0.4474048350192824,1,0,1.6035047830902625,1,2.0,0,0.45800229328670594,0,1,0,0,0,1,0,1,0,1,0,1,0,0,0,1,0,0,0,2,2
1,-0.4474048350192824,0,0,-1.0849985807605227,1,2.0,1,0.5045382501225507,0,0,0,0,0,1,0,0,0,1,0,1,0,1,0,1,0,0,1,0,2
0,2.235112188621971,1,0,-1.1257334802128074,1,0.0,1,0.142222586186332,0,0,1,0,0,0,0,0,0,0,0,0,0,0,0,0,0,1,0,0,1
1,-0.4474048350192824,1,0,1.2776255874719855,1,0.0,1,0.28183045669386586,0,0,1,0,0,1,0,0,0,0,0,0,0,0,0,0,0,0,1,2,2
1,2.235112188621971,1,1,1.3590953863765547,1,2.0,0,0.4762842763293596,0,1,0,0,0,1,0,1,0,1,0,1,0,1,0,0,1,0,0,2,2
1,-0.4474048350192824,1,1,1.5627698836379778,1,1.0,1,1.315593497832985,0,0,1,0,0,1,0,1,0,1,0,0,0,1,0,1,0,0,0,2,2
1,-0.4474048350192824,0,1,0.2592531011648698,1,2.0,0,1.1793096242422971,0,1,1,0,0,0,0,0,0,0,0,1,0,1,0,1,0,0,1,2,2
0,-0.4474048350192824,1,0,1.5220349841856933,1,2.0,1,1.3039595086240237,0,1,1,0,0,0,0,0,0,1,0,1,0,1,0,1,0,0,0,2,2
1,-0.4474048350192824,0,0,-1.288673078021946,1,0.0,1,-0.6704946599825251,0,0,0,0,0,0,0,0,0,0,0,0,0,0,0,0,0,0,1,0,1
1,-0.4474048350192824,0,0,-0.7183844856899612,1,0.0,0,-1.5064798845693046,0,0,0,1,1,0,1,0,1,0,1,0,1,0,1,0,0,0,1,1,0
0,-0.4474048350192824,1,1,0.4221926989740083,1,0.0,0,-0.2965450068373454,0,0,0,0,0,0,0,0,0,0,0,0,0,1,0,0,0,1,0,2,1
1,-0.4474048350192824,1,1,1.2776255874719855,1,2.0,1,-1.5081418830277276,0,0,0,1,1,0,1,0,1,0,1,0,1,0,1,0,0,0,0,2,0
1,-0.4474048350192824,1,0,-0.14809589335797643,1,0.0,1,0.34000040273867155,0,0,1,0,0,0,0,0,0,1,0,0,0,0,0,0,1,0,0,2,2
1,-0.4474048350192824,1,1,-0.18883079281026105,0,1.0,0,-0.4743788418886087,1,0,0,0,0,1,0,0,0,1,0,1,0,1,0,0,0,0,1,2,1
1,-0.4474048350192824,0,0,0.13704840280801595,1,0.0,1,0.6541181113806226,0,1,1,0,0,0,0,0,0,0,0,0,0,0,0,1,0,1,0,2,2
1,-0.4474048350192824,0,0,-1.2479381785696613,1,0.0,1,0.6906820774659289,0,0,1,0,0,0,0,0,0,1,0,0,0,0,0,1,0,1,0,0,2
1,-0.4474048350192824,1,0,-0.7998542845945305,1,0.0,1,0.02588269409672052,0,1,0,0,0,1,0,0,0,0,0,0,0,0,0,1,0,1,0,1,1
0,-0.4474048350192824,1,0,0.5443973973308622,0,0.0,0,-0.6488886800230259,1,0,0,0,0,1,0,1,0,0,0,0,0,1,0,0,0,1,0,2,1
1,-0.4474048350192824,1,1,-1.3294079774742305,1,2.0,0,-1.307040069558542,0,1,0,1,1,0,1,0,1,0,1,0,1,0,1,0,0,0,1,0,0
0,-0.4474048350192824,0,0,0.8702765929491392,1,2.0,1,1.067955727527955,0,1,1,0,0,0,0,1,0,0,0,0,0,1,0,1,0,0,0,2,2
0,2.235112188621971,1,1,1.114685989662847,1,1.0,1,0.3250424166128643,0,0,0,0,0,1,0,1,0,1,0,1,0,0,0,1,1,0,0,2,2
1,-0.4474048350192824,1,1,1.6035047830902625,1,2.0,1,1.7128111293960868,0,1,1,0,0,1,0,1,0,1,0,1,0,1,0,1,0,0,0,2,2
1,-0.4474048350192824,0,0,-1.2072032791173766,1,1.0,0,-1.5114658799445737,0,0,0,1,1,0,1,0,1,0,1,0,1,0,1,0,0,0,1,0,0
1,-0.4474048350192824,1,0,1.6035047830902625,1,2.0,1,1.6297112064749357,0,1,1,0,0,1,0,1,0,1,0,1,0,1,0,1,1,0,0,2,2
1,-0.4474048350192824,1,0,0.4221926989740083,1,1.0,1,-0.2898970130036532,0,0,0,0,0,0,0,0,0,0,0,0,0,1,0,0,0,0,1,2,1
1,-0.4474048350192824,0,0,-1.1257334802128074,1,0.0,1,0.6724000944232758,0,1,1,0,0,0,0,1,0,1,0,0,0,0,0,0,0,1,0,0,2
1,-0.4474048350192824,1,0,-0.7591193851422458,1,0.0,1,0.667414099048007,0,1,1,0,0,0,0,0,0,0,0,0,0,0,0,1,0,1,0,1,2
0,-0.4474048350192824,0,0,0.5851322967831468,1,2.0,1,-0.0023712796964706438,0,1,0,0,0,1,0,0,0,1,0,1,0,0,0,0,0,0,1,2,1
0,-0.4474048350192824,0,0,1.5220349841856933,1,2.0,1,1.531653297427978,0,1,1,0,0,1,0,1,0,1,0,0,0,1,0,1,0,0,1,2,2
1,-0.4474048350192824,0,1,1.5220349841856933,1,1.0,0,-0.00403327815489357,0,1,0,0,0,1,0,1,0,0,0,1,0,0,0,0,0,0,0,2,1
1,-0.4474048350192824,0,0,-1.2479381785696613,1,0.0,0,-1.4981698922771896,0,0,0,1,1,0,1,0,1,0,1,0,1,0,1,0,0,0,1,0,0
0,-0.4474048350192824,1,0,1.4813000847334086,1,1.0,1,-1.288758086515889,0,1,0,1,1,0,1,0,1,0,1,0,1,0,1,0,0,1,0,2,0
0,-0.4474048350192824,1,1,0.6258671962354314,1,2.0,0,-1.4981698922771896,0,0,0,1,1,0,1,0,1,0,1,0,1,0,1,0,0,0,1,2,0
0,-0.4474048350192824,1,0,-1.2479381785696613,1,0.0,0,-1.5031558876524584,0,0,0,1,1,0,1,0,1,0,1,0,1,0,1,0,0,0,0,0,0
0,-0.4474048350192824,1,0,-0.10736099390569181,1,0.0,1,0.6624281036727377,0,1,1,0,0,0,0,0,0,0,0,0,0,0,0,1,0,1,0,2,2
1,-0.4474048350192824,1,1,0.7073369951400007,1,1.0,0,-0.3380949682979209,0,1,0,0,0,0,0,0,0,1,0,0,0,0,0,0,0,0,0,2,1
1,-0.4474048350192824,1,1,-0.39250529007168417,1,1.0,1,-0.5558167663513366,0,1,0,0,0,0,0,0,0,0,0,0,0,0,0,0,1,0,0,1,1
1,2.235112188621971,1,0,0.7888067940445699,1,1.0,1,1.330551483958792,0,1,1,0,0,0,0,1,0,1,0,0,0,1,0,1,0,0,0,2,2
0,-0.4474048350192824,0,0,0.6258671962354314,1,1.0,0,0.3350144073634028,0,0,1,0,0,0,0,1,0,0,0,0,0,0,0,0,0,1,0,2,2
1,-0.4474048350192824,0,0,1.5627698836379778,0,2.0,0,-0.36967293900795817,1,0,0,0,0,1,0,1,0,1,0,1,0,1,0,0,0,0,0,2,1
1,-0.4474048350192824,0,1,-0.5147099884285381,1,0.0,1,-1.5181138737782658,0,0,0,1,1,0,1,0,1,0,1,0,1,0,1,0,0,1,0,1,0
0,-0.4474048350192824,0,0,-1.2479381785696613,1,0.0,1,0.1688145615211007,0,0,1,0,0,0,0,0,0,0,0,0,0,0,0,0,0,1,0,0,2
1,-0.4474048350192824,1,0,1.6035047830902625,1,2.0,1,1.6779091617692035,0,1,1,0,0,1,0,1,0,1,0,1,0,1,0,1,0,1,0,2,2
1,-0.4474048350192824,0,0,-0.10736099390569181,1,0.0,1,0.6391601252548154,0,0,1,0,0,1,0,1,0,1,0,0,0,0,0,0,1,0,0,2,2
0,-0.4474048350192824,0,0,0.13704840280801595,1,1.0,0,-1.5131278784029967,0,0,0,1,1,0,1,0,1,0,1,0,1,0,1,0,0,0,1,2,0
1,-0.4474048350192824,0,1,0.09631350335573131,1,1.0,1,0.667414099048007,0,0,1,0,0,0,0,0,0,1,0,0,0,1,0,0,0,1,0,2,2
1,-0.4474048350192824,1,1,1.1961557885674161,1,1.0,1,0.993165796898919,0,1,1,0,0,1,0,1,0,0,0,0,0,1,0,0,1,0,0,2,2
0,-0.4474048350192824,1,0,-0.9627938824036689,1,0.0,0,0.8867978955598456,0,1,1,0,0,1,0,1,0,1,0,0,0,0,0,0,0,0,0,0,2
1,-0.4474048350192824,0,0,0.666602095687716,1,0.0,1,0.31673242432074916,0,1,1,0,0,0,0,0,0,0,0,0,0,0,0,0,0,0,0,2,2
1,-0.4474048350192824,1,0,1.2368906880197008,1,0.0,1,1.2740435363724096,0,1,1,0,0,0,0,1,0,1,0,0,0,1,0,1,0,1,0,2,2
1,-0.4474048350192824,0,0,-1.0035287818559535,1,0.0,1,-0.3430809636731899,0,0,0,0,0,0,0,0,0,0,0,0,0,0,0,1,1,0,0,0,1
0,-0.4474048350192824,1,1,0.5036624978785775,1,2.0,1,-1.3436040356438486,0,1,0,1,1,0,1,0,1,0,1,0,1,0,1,0,1,0,0,2,0
1,-0.4474048350192824,0,0,-1.166468379665092,1,0.0,1,-1.4998318907356125,0,0,0,1,1,0,1,0,1,0,1,0,1,0,1,0,0,0,1,0,0
1,-0.4474048350192824,1,0,1.6035047830902625,1,0.0,1,0.9831938061483809,0,0,1,0,0,0,0,0,0,1,0,0,0,1,0,1,0,1,0,2,2
1,-0.4474048350192824,0,0,-0.8813240834990996,1,0.0,1,0.4796082732462054,0,0,1,0,0,1,0,0,0,1,0,0,0,0,0,0,0,0,0,0,2
0,-0.4474048350192824,1,0,1.0332161907582778,1,1.0,1,-0.13366915791188938,0,1,0,0,0,1,0,0,0,0,0,1,0,0,0,0,0,0,0,2,1
0,-0.4474048350192824,1,1,1.5627698836379778,1,2.0,0,-1.4815499076929592,0,0,0,1,1,0,1,0,1,0,1,0,1,0,1,0,0,0,0,2,0
0,-0.4474048350192824,0,0,-0.7998542845945305,1,0.0,1,0.5593841992505106,0,0,1,0,0,0,0,0,0,0,0,0,0,1,0,0,0,0,1,1,2
1,-0.4474048350192824,1,1,0.7888067940445699,0,2.0,0,-0.49432282338968475,1,0,0,0,0,0,0,1,0,1,0,1,0,1,0,0,0,0,1,2,1
1,2.235112188621971,1,0,-1.0442636813082382,1,0.0,1,0.8120079649308096,0,0,1,0,0,0,0,0,0,0,0,0,0,1,0,1,0,1,0,0,2
1,-0.4474048350192824,0,0,0.46292759842629294,0,1.0,1,-0.36801094054953526,1,0,0,0,0,1,0,0,0,1,0,0,0,1,0,1,0,1,0,2,1
0,-0.4474048350192824,1,0,-0.31103549116711493,0,0.0,1,-1.0328103239187436,1,0,0,0,0,0,0,0,0,0,0,0,0,1,0,0,0,0,0,2,0
0,2.235112188621971,0,0,-0.4332401895239688,1,0.0,0,0.5527362054168184,0,0,1,0,0,1,0,1,0,0,0,0,0,0,0,0,0,1,0,1,2
1,-0.4474048350192824,0,0,-0.2295656922625457,1,2.0,0,-1.4865359030682284,0,0,0,1,1,0,1,0,1,0,1,0,1,0,1,0,1,0,0,2,0
0,-0.4474048350192824,1,0,0.4221926989740083,1,0.0,1,0.9649118231057273,0,1,1,0,0,1,0,1,0,0,0,0,0,0,0,1,0,1,0,2,2
0,2.235112188621971,1,0,1.3998302858288394,1,1.0,1,1.3471714685430223,0,1,1,0,0,1,0,1,0,0,0,0,0,1,0,1,0,1,0,2,2
0,-0.4474048350192824,1,1,-0.9627938824036689,1,0.0,1,0.3582823857813247,0,0,1,0,0,0,0,0,0,0,0,1,0,0,0,0,0,1,0,0,2
1,-0.4474048350192824,1,1,1.5220349841856933,1,2.0,1,0.4712982809540903,0,1,0,0,0,1,0,1,0,1,0,1,0,1,0,0,0,0,0,2,2
1,-0.4474048350192824,1,1,-0.3517703906193996,1,1.0,1,0.6557801098390456,0,1,0,0,0,1,0,0,0,1,0,1,0,1,0,1,0,0,1,1,2
0,-0.4474048350192824,1,1,-1.3294079774742305,1,2.0,0,-1.4981698922771896,0,0,0,1,1,0,1,0,1,0,1,0,1,0,1,0,0,0,1,0,0
1,-0.4474048350192824,1,1,-1.3294079774742305,1,2.0,0,-1.3203360572259262,0,1,0,1,1,0,1,0,1,0,1,0,1,0,1,0,0,0,1,0,0
0,-0.4474048350192824,0,0,-0.5961797873331073,0,1.0,1,-0.826722515074289,1,0,0,0,0,1,0,1,0,0,0,1,0,0,0,0,0,0,1,1,1
1,2.235112188621971,1,0,-0.39250529007168417,1,0.0,0,0.7222600481759663,0,1,1,0,0,0,0,0,0,0,0,0,0,0,0,1,0,1,0,1,2
0,-0.4474048350192824,1,0,1.1554208891151316,1,2.0,1,0.9732218153978425,0,1,1,0,0,0,0,1,0,0,0,1,0,0,0,1,0,0,0,2,2
1,-0.4474048350192824,0,0,1.0739510902105622,1,2.0,0,-1.3319700464348874,0,1,0,1,1,0,1,0,1,0,1,0,1,0,1,0,0,0,1,2,0
1,-0.4474048350192824,1,1,1.3998302858288394,1,1.0,0,-0.1669091270803498,0,0,0,0,0,1,0,1,0,0,0,1,0,0,0,0,0,0,1,2,1
0,-0.4474048350192824,0,0,-1.2479381785696613,1,0.0,0,-0.14031715174558135,0,0,0,0,0,0,0,0,0,1,0,0,0,0,0,1,0,1,0,0,1
1,2.235112188621971,0,0,0.17778330226030056,1,0.0,1,1.1975916072849502,0,1,1,0,0,0,0,0,0,1,0,0,0,1,0,1,0,1,0,2,2
0,-0.4474048350192824,1,1,1.6035047830902625,1,2.0,1,1.706163135562395,0,1,1,0,0,1,0,1,0,1,0,1,0,1,0,1,1,0,0,2,2
0,2.235112188621971,0,0,-1.288673078021946,1,0.0,1,0.20537852760640699,0,0,1,0,0,0,0,0,0,0,0,0,0,0,0,0,0,1,0,0,2
0,-0.4474048350192824,0,0,-0.18883079281026105,0,0.0,1,-1.1740801928847004,1,0,0,0,0,0,0,0,0,1,0,0,0,0,0,0,0,0,1,2,0
0,-0.4474048350192824,1,0,0.17778330226030056,1,1.0,1,-1.5031558876524584,0,0,0,1,1,0,1,0,1,0,1,0,1,0,1,0,0,0,0,2,0
1,-0.4474048350192824,0,0,1.0739510902105622,1,0.0,1,-0.0140052689054316,0,0,0,0,0,0,0,0,0,1,0,1,0,1,0,0,0,1,0,2,1
1,-0.4474048350192824,0,0,-1.288673078021946,1,0.0,1,0.46797428403724445,0,1,1,0,0,0,0,1,0,0,0,0,0,0,0,0,0,1,0,0,2
1,-0.4474048350192824,1,1,-1.288673078021946,1,1.0,0,-1.5098038814861507,0,0,0,1,1,0,1,0,1,0,1,0,1,0,1,0,0,0,1,0,0
0,2.235112188621971,1,0,1.0332161907582778,1,1.0,1,1.3438474716261763,0,0,1,0,0,1,0,1,0,0,0,1,0,1,0,1,1,0,0,2,2
1,-0.4474048350192824,0,1,-1.2072032791173766,1,0.0,0,0.18709654456375382,0,0,0,0,0,0,0,0,0,0,0,1,0,1,0,1,0,0,1,0,2
1,-0.4474048350192824,1,1,1.6035047830902625,1,2.0,0,-1.3319700464348874,0,1,0,1,1,0,1,0,1,0,1,0,1,0,1,0,0,0,0,2,0
0,2.235112188621971,0,0,-0.5961797873331073,1,0.0,1,0.28183045669386586,0,0,1,0,0,0,0,1,0,0,0,0,0,0,0,0,0,1,0,1,2
0,-0.4474048350192824,1,0,-0.7183844856899612,1,0.0,0,1.2191975872444498,0,0,1,0,0,1,0,0,0,1,0,0,0,1,0,1,0,1,0,1,2
0,-0.4474048350192824,1,1,1.3998302858288394,1,2.0,1,1.3488334670014455,0,1,1,0,0,0,0,0,0,1,0,1,0,1,0,1,0,0,0,2,2
1,-0.4474048350192824,1,1,1.114685989662847,1,2.0,1,-1.466591921567152,0,0,0,1,1,0,1,0,1,0,1,0,1,0,1,0,0,0,0,2,0
0,-0.4474048350192824,1,0,0.8295416934968546,1,1.0,1,1.3637914531272524,0,0,1,0,0,1,0,1,0,1,0,0,0,1,0,1,0,0,0,2,2
0,-0.4474048350192824,0,0,-1.1257334802128074,0,0.0,1,-0.46939284651333946,1,0,0,0,0,0,0,1,0,0,0,0,0,1,0,1,1,0,0,0,1
0,-0.4474048350192824,1,1,1.31836048692427,1,2.0,0,0.8801499017261534,0,1,0,0,0,1,0,1,0,1,0,1,0,1,0,1,0,0,0,2,2
1,2.235112188621971,0,0,-0.2295656922625457,1,1.0,1,1.315593497832985,0,1,1,0,0,0,0,1,0,0,0,1,0,1,0,1,0,0,0,2,2
1,-0.4474048350192824,0,0,-0.7591193851422458,1,0.0,1,-0.3181509867968446,0,1,0,0,0,0,0,1,0,0,0,0,0,0,0,0,1,0,0,1,1
1,-0.4474048350192824,1,0,1.6035047830902625,1,2.0,1,1.3704394469609447,0,1,1,0,0,0,0,1,0,1,0,0,0,1,0,1,0,0,0,2,2
1,-0.4474048350192824,1,0,-1.166468379665092,1,0.0,1,0.5161722393315117,0,0,1,0,0,0,0,0,0,1,0,1,0,0,0,0,0,0,1,0,2
1,-0.4474048350192824,0,1,-0.9220589829513843,1,1.0,1,-1.4998318907356125,0,0,0,1,1,0,1,0,1,0,1,0,1,0,1,0,0,0,0,0,0
0,-0.4474048350192824,0,0,0.34072290006943906,1,1.0,1,-0.29155901146207636,0,1,0,0,0,0,0,1,0,0,0,0,0,0,0,0,1,0,0,2,1
0,2.235112188621971,0,0,0.21851820171258518,1,0.0,1,1.1460696550738367,0,1,1,0,0,0,0,0,0,0,0,1,0,1,0,1,0,1,0,2,2
1,2.235112188621971,1,0,-0.4332401895239688,1,0.0,1,0.8203179572229247,0,0,1,0,0,0,0,0,0,0,0,0,0,1,0,1,0,0,0,1,2
1,2.235112188621971,1,0,0.4221926989740083,1,1.0,1,1.1793096242422971,0,0,1,0,0,0,0,1,0,1,0,0,0,1,0,1,0,0,0,2,2
1,-0.4474048350192824,0,0,-0.5147099884285381,1,0.0,0,0.1821105491884846,0,0,1,0,0,0,0,0,0,0,0,0,0,0,0,0,1,0,0,1,2
0,-0.4474048350192824,0,0,-1.288673078021946,1,0.0,1,0.31673242432074916,0,0,1,0,0,0,0,0,0,1,0,0,0,0,0,0,0,0,1,0,2
0,-0.4474048350192824,0,0,-1.2479381785696613,0,0.0,1,-1.0095423455008212,1,0,0,0,0,0,0,0,0,0,0,0,0,0,0,1,0,1,0,0,0
1,-0.4474048350192824,1,1,0.7073369951400007,1,1.0,1,0.1521945769368705,0,1,0,0,0,0,0,0,0,1,0,1,0,1,0,0,0,1,0,2,1
1,-0.4474048350192824,1,0,0.5036624978785775,1,0.0,1,1.4186374022552122,0,1,1,0,0,0,0,1,0,1,0,0,0,1,0,1,0,0,0,2,2
0,2.235112188621971,0,0,-1.0849985807605227,0,0.0,1,-0.6871146445667553,1,0,0,0,0,0,0,0,0,0,0,0,0,1,0,1,0,1,0,0,1
0,-0.4474048350192824,0,0,-1.288673078021946,0,0.0,0,-0.9979083562918603,1,0,0,0,0,0,0,0,0,0,0,0,0,0,0,1,0,0,1,0,1
0,2.235112188621971,1,1,-1.288673078021946,1,0.0,1,0.13889858926948614,0,0,1,0,0,0,0,0,0,0,0,0,0,0,0,0,0,1,0,0,1
0,-0.4474048350192824,1,0,1.4813000847334086,1,1.0,1,1.3737634438777908,0,0,1,0,0,1,0,1,0,0,0,1,0,1,0,1,1,0,0,2,2
1,-0.4474048350192824,1,0,-0.840589184046815,1,0.0,1,0.6491321160053534,0,0,1,0,0,1,0,1,0,1,0,0,0,0,0,0,0,1,0,0,2
1,-0.4474048350192824,1,0,-0.9627938824036689,1,0.0,1,0.13225059543579396,0,1,0,0,0,0,0,1,0,1,0,0,0,0,0,1,1,0,0,0,1
0,-0.4474048350192824,1,0,-1.1257334802128074,1,0.0,1,0.7920639834297335,0,0,1,0,0,1,0,0,0,1,0,0,0,0,0,1,0,0,1,0,2
0,-0.4474048350192824,0,0,1.0332161907582778,1,0.0,1,1.00479978610788,0,0,1,0,0,0,0,0,0,0,0,1,0,1,0,1,0,1,0,2,2
1,-0.4474048350192824,1,1,-0.47397508897625346,1,0.0,0,1.30728350554087,0,1,1,0,0,0,0,1,0,1,0,0,0,1,0,1,0,1,0,1,2
1,-0.4474048350192824,1,0,0.7888067940445699,1,2.0,1,0.8818119001845763,0,1,1,0,0,1,0,0,0,1,0,1,0,0,0,0,1,0,0,2,2
0,-0.4474048350192824,0,0,-0.2295656922625457,1,2.0,1,-1.5114658799445737,0,0,0,1,1,0,1,0,1,0,1,0,1,0,1,0,0,0,1,2,0
1,-0.4474048350192824,0,0,-0.7998542845945305,1,0.0,1,0.4895802639967435,0,0,1,0,0,0,0,1,0,1,0,0,0,0,0,0,0,1,0,1,2
0,2.235112188621971,0,0,-0.2295656922625457,1,0.0,1,0.7106260589670055,0,1,1,0,0,0,0,1,0,1,0,0,0,0,0,0,0,0,0,2,2
0,-0.4474048350192824,0,0,1.5220349841856933,1,2.0,0,0.6524561129221997,0,1,0,0,0,1,0,1,0,1,0,0,0,1,0,1,0,0,1,2,2
1,-0.4474048350192824,1,1,-1.288673078021946,1,0.0,1,-0.5425207786839524,0,0,0,0,0,1,0,0,0,0,0,0,0,0,0,0,0,0,1,0,1
1,-0.4474048350192824,1,1,1.6035047830902625,1,2.0,1,-1.3253220526011953,0,1,0,1,1,0,1,0,1,0,1,0,1,0,1,0,0,0,0,2,0
1,-0.4474048350192824,0,0,-1.166468379665092,1,0.0,1,0.6840340836322372,0,1,1,0,0,0,0,0,0,0,0,0,0,0,0,1,0,1,0,0,2
0,-0.4474048350192824,0,0,0.3814577995217237,1,0.0,0,-0.18020511474773393,0,0,0,0,0,1,0,1,0,1,0,0,0,0,0,0,0,0,0,2,1
1,-0.4474048350192824,0,1,-1.288673078021946,1,0.0,1,-1.5164518753198426,0,0,0,1,1,0,1,0,1,0,1,0,1,0,1,0,0,0,1,0,0
0,-0.4474048350192824,0,0,-1.2479381785696613,1,0.0,1,-0.514266804890761,0,0,0,0,0,0,0,1,0,0,0,0,0,0,0,0,0,0,1,0,1
1,-0.4474048350192824,1,1,0.9517463918537085,1,0.0,1,1.05964573523584,0,1,1,0,0,0,0,1,0,0,0,1,0,1,0,0,1,0,0,2,2
1,-0.4474048350192824,0,0,-0.7998542845945305,1,1.0,1,-1.4998318907356125,0,0,0,1,1,0,1,0,1,0,1,0,1,0,1,0,0,1,0,1,0
1,-0.4474048350192824,0,0,-0.2703005917148303,1,1.0,0,0.33002841198813354,0,0,0,0,0,1,0,0,0,0,0,1,0,1,0,1,0,0,0,2,2
0,-0.4474048350192824,1,1,0.3814577995217237,1,1.0,1,-1.529747862987227,0,0,0,1,1,0,1,0,1,0,1,0,1,0,1,0,0,1,0,2,0
0,2.235112188621971,1,0,1.1554208891151316,1,1.0,1,1.30728350554087,0,1,1,0,0,0,0,1,0,1,0,0,0,1,0,1,1,0,0,2,2
0,-0.4474048350192824,0,0,-1.166468379665092,1,0.0,0,-0.3181509867968446,0,0,0,0,0,0,0,0,0,0,0,0,0,1,0,0,1,0,0,0,1
0,-0.4474048350192824,1,0,1.2368906880197008,1,0.0,1,0.5477502100415492,0,1,1,0,0,0,0,1,0,0,0,0,0,0,0,0,0,0,0,2,2
0,-0.4474048350192824,1,1,-0.7591193851422458,1,0.0,0,0.17047655997952363,0,0,1,0,0,0,0,0,0,0,0,0,0,0,0,0,0,1,0,1,2
1,-0.4474048350192824,0,1,0.21851820171258518,1,0.0,1,0.5577222007920872,0,1,1,0,0,0,0,1,0,0,0,0,0,0,0,0,0,0,1,2,2
1,-0.4474048350192824,1,0,-0.31103549116711493,0,1.0,1,-0.8965264503280559,1,0,0,0,0,0,0,0,0,1,0,0,0,1,0,0,1,0,0,2,1
0,-0.4474048350192824,1,0,1.4405651852811239,1,1.0,0,0.7106260589670055,0,1,1,0,0,0,0,1,0,1,0,0,0,0,0,0,1,0,0,2,2
0,-0.4474048350192824,0,0,-0.10736099390569181,1,1.0,1,0.1289265985189481,0,1,0,0,0,0,0,1,0,1,0,0,0,1,0,0,1,0,0,2,1
0,-0.4474048350192824,1,0,1.1554208891151316,1,1.0,1,1.2707195394555633,0,1,1,0,0,0,0,0,0,1,0,1,0,1,0,1,0,0,0,2,2
1,-0.4474048350192824,0,0,-1.288673078021946,1,0.0,0,-1.5164518753198426,0,0,0,1,1,0,1,0,1,0,1,0,1,0,1,0,0,1,0,0,0
1,-0.4474048350192824,1,0,-0.4332401895239688,1,0.0,1,-0.36136294671584307,0,0,0,0,0,1,0,0,0,0,0,1,0,0,0,0,0,1,0,1,1
0,-0.4474048350192824,0,0,-1.2479381785696613,1,0.0,0,-0.6854526461083321,0,0,0,0,0,0,0,0,0,0,0,0,0,0,0,0,0,1,0,0,1
0,-0.4474048350192824,1,1,1.5220349841856933,1,1.0,1,1.3770874407946367,0,1,1,0,0,0,0,1,0,1,0,0,0,1,0,1,0,1,0,2,2
1,-0.4474048350192824,1,0,1.31836048692427,1,2.0,1,-1.4848739046098054,0,0,0,1,1,0,1,0,1,0,1,0,1,0,1,0,1,0,0,2,0
1,-0.4474048350192824,0,0,1.2776255874719855,1,2.0,0,1.1360976643232987,0,1,1,0,0,1,0,0,0,1,0,1,0,0,0,1,1,0,0,2,2
0,-0.4474048350192824,1,0,1.0739510902105622,1,1.0,1,1.393707425378867,0,1,1,0,0,1,0,1,0,1,0,1,0,0,0,1,1,0,0,2,2
0,2.235112188621971,1,0,0.7073369951400007,1,0.0,1,0.1987305337727148,0,0,1,0,0,0,0,0,0,0,0,0,0,0,0,0,0,1,0,2,2
0,-0.4474048350192824,1,0,1.4405651852811239,1,2.0,1,0.6524561129221997,0,1,1,0,0,1,0,1,0,0,0,0,0,0,0,0,0,0,0,2,2
0,-0.4474048350192824,1,1,1.5627698836379778,1,2.0,0,-1.5081418830277276,0,0,0,1,1,0,1,0,1,0,1,0,1,0,1,0,1,0,0,2,0
0,-0.4474048350192824,1,1,0.13704840280801595,1,0.0,0,-0.4660688495964936,0,0,0,0,0,1,0,0,0,0,0,0,0,0,0,0,1,0,0,2,1
1,-0.4474048350192824,1,0,-0.4332401895239688,1,1.0,1,-0.2932210099204993,0,0,0,0,0,1,0,0,0,0,0,1,0,0,0,0,1,0,0,1,1
1,-0.4474048350192824,1,0,-1.288673078021946,1,0.0,1,0.6557801098390456,0,0,1,0,0,0,0,0,0,0,0,1,0,1,0,0,0,1,0,0,2
1,-0.4474048350192824,1,1,-1.166468379665092,1,0.0,0,-0.12037317024450503,0,0,0,0,0,0,0,0,0,0,0,1,0,0,0,1,1,0,0,0,1
1,-0.4474048350192824,1,0,1.31836048692427,1,2.0,1,1.1394216612401447,0,1,1,0,0,1,0,1,0,1,0,0,0,1,0,0,0,1,0,2,2
1,-0.4474048350192824,0,0,-1.288673078021946,1,0.0,1,-0.5076188110570691,0,1,0,0,0,0,0,0,0,0,0,0,0,0,0,0,1,0,0,0,1
0,-0.4474048350192824,1,0,0.7073369951400007,1,1.0,1,-1.5031558876524584,0,0,0,1,1,0,1,0,1,0,1,0,1,0,1,0,0,0,0,2,0
0,2.235112188621971,0,0,-1.166468379665092,1,0.0,1,1.0097857814831492,0,1,1,0,0,0,0,0,0,0,0,0,0,1,0,1,0,1,0,0,2
0,-0.4474048350192824,1,0,-0.840589184046815,1,0.0,0,-0.36136294671584307,0,0,0,0,0,1,0,0,0,0,0,1,0,0,0,0,0,0,0,0,1
1,-0.4474048350192824,1,1,1.5627698836379778,1,1.0,0,0.677386089798545,0,1,0,0,0,1,0,0,0,1,0,1,0,1,0,1,0,1,0,2,2
1,-0.4474048350192824,0,0,-1.288673078021946,1,0.0,0,-1.529747862987227,0,0,0,1,1,0,1,0,1,0,1,0,1,0,1,0,0,0,1,0,0
1,-0.4474048350192824,0,0,-0.3517703906193996,1,0.0,1,0.5045382501225507,0,1,1,0,0,0,0,1,0,0,0,0,0,0,0,0,0,1,0,1,2
1,2.235112188621971,0,0,-1.288673078021946,1,0.0,1,0.15551857385371634,0,0,1,0,0,0,0,0,0,0,0,0,0,0,0,0,0,1,0,0,1
1,2.235112188621971,0,0,-0.10736099390569181,1,0.0,1,0.32171841969601844,0,0,0,0,0,1,0,1,0,0,0,0,0,1,0,1,0,1,0,2,2
1,-0.4474048350192824,1,1,-0.3517703906193996,1,1.0,1,-1.4715779169424212,0,0,0,1,1,0,1,0,1,0,1,0,1,0,1,0,1,0,0,1,0
1,-0.4474048350192824,0,0,-1.288673078021946,1,0.0,1,0.3333524089049794,0,1,1,0,0,0,0,0,0,0,0,0,0,0,0,0,0,1,0,0,2
0,-0.4474048350192824,1,1,1.1961557885674161,1,2.0,0,-1.4881979015266515,0,0,0,1,1,0,1,0,1,0,1,0,1,0,1,0,0,0,0,2,0
1,-0.4474048350192824,1,1,1.6035047830902625,1,2.0,1,1.2740435363724096,0,1,1,0,0,0,0,1,0,1,0,0,0,1,0,1,0,1,0,2,2
1,-0.4474048350192824,1,0,1.4405651852811239,1,2.0,0,-1.3303080479764644,0,1,0,1,1,0,1,0,1,0,1,0,1,0,1,0,1,0,0,2,0
0,-0.4474048350192824,1,1,-0.39250529007168417,1,1.0,0,-1.4965078938187666,0,0,0,1,1,0,1,0,1,0,1,0,1,0,1,0,0,0,1,1,0
0,-0.4474048350192824,0,0,0.4221926989740083,1,2.0,0,1.6612891771849732,0,1,1,0,0,1,0,1,0,1,0,1,0,1,0,1,1,0,0,2,2
0,2.235112188621971,0,0,-0.31103549116711493,1,0.0,1,0.8186559587645018,0,1,1,0,0,0,0,1,0,0,0,0,0,0,0,1,0,1,0,2,2
1,-0.4474048350192824,0,0,1.1554208891151316,1,2.0,1,1.5466112835537846,0,1,1,0,0,1,0,0,0,1,0,1,0,1,0,1,1,0,0,2,2
0,-0.4474048350192824,0,0,-0.5961797873331073,0,0.0,1,-0.992922360916591,1,0,0,0,0,0,0,0,0,1,0,1,0,0,0,0,0,1,0,1,1
1,2.235112188621971,1,0,0.2592531011648698,1,0.0,1,1.3488334670014455,0,1,1,0,0,0,0,1,0,1,0,0,0,1,0,1,0,1,0,2,2
1,-0.4474048350192824,0,0,-1.288673078021946,1,0.0,1,-0.6455646831061798,0,0,0,0,0,0,0,0,0,0,0,0,0,0,0,0,0,1,0,0,1
0,-0.4474048350192824,1,1,1.4813000847334086,1,2.0,0,-0.1220351687029282,0,1,0,0,0,1,0,0,0,0,0,1,0,0,0,0,1,0,0,2,1
1,2.235112188621971,1,0,0.2999880006171544,1,0.0,0,1.2225215841612955,0,1,1,0,0,1,0,0,0,0,0,0,0,1,0,1,0,1,0,2,2
1,-0.4474048350192824,1,1,1.6035047830902625,1,2.0,0,-0.020653262739123778,0,1,0,0,0,1,0,1,0,1,0,0,0,0,0,0,1,0,0,2,1
0,-0.4474048350192824,0,0,-0.9220589829513843,1,0.0,1,1.1178156812806455,0,1,1,0,0,1,0,0,0,0,0,0,0,1,0,1,0,1,0,0,2
1,-0.4474048350192824,0,0,1.5627698836379778,1,1.0,1,1.7028391386455488,0,1,1,0,0,1,0,1,0,1,0,1,0,1,0,1,0,0,0,2,2
0,-0.4474048350192824,0,0,-0.840589184046815,1,0.0,1,1.1244636751143378,0,0,1,0,0,1,0,0,0,0,0,1,0,1,0,1,0,0,0,0,2
0,2.235112188621971,0,0,-1.2479381785696613,1,0.0,1,0.9566018308136123,0,1,1,0,0,0,0,0,0,0,0,0,0,1,0,1,0,1,0,0,2
0,-0.4474048350192824,1,1,1.2776255874719855,1,2.0,1,0.8485719310161158,0,1,0,0,0,1,0,1,0,1,0,1,0,1,0,1,0,0,1,2,2
1,-0.4474048350192824,0,0,-1.2072032791173766,1,0.0,1,0.3948463518666315,0,1,1,0,0,0,0,0,0,0,0,0,0,0,0,0,0,1,0,0,2
0,-0.4474048350192824,1,1,1.3998302858288394,1,2.0,1,0.1605045692289856,0,1,0,0,0,0,0,0,0,1,0,1,0,0,0,1,0,0,0,2,1
1,-0.4474048350192824,1,0,-0.7998542845945305,1,0.0,1,1.23581757182868,0,1,1,0,0,0,0,0,0,1,0,0,0,1,0,1,1,0,0,1,2
1,-0.4474048350192824,0,0,0.5036624978785775,1,0.0,1,1.1892816149928351,0,1,1,0,0,0,0,1,0,0,0,0,0,1,0,1,1,0,0,2,2
1,-0.4474048350192824,0,0,0.46292759842629294,1,1.0,1,1.3621294546688294,0,0,1,0,0,1,0,1,0,1,0,0,0,1,0,1,0,1,0,2,2
0,-0.4474048350192824,1,1,-0.6776495862376766,1,0.0,1,1.5914852419312064,0,1,1,0,0,1,0,0,0,1,0,1,0,1,0,1,0,1,0,1,2
1,-0.4474048350192824,1,1,-1.288673078021946,1,0.0,1,0.531130225457319,0,0,1,0,0,0,0,0,0,0,0,0,0,0,0,1,0,1,0,0,2
1,2.235112188621971,1,0,0.21851820171258518,0,0.0,1,-1.3369560418101565,1,0,0,0,0,0,0,0,0,0,0,0,0,0,0,0,0,1,0,2,0
1,2.235112188621971,0,0,0.17778330226030056,0,0.0,0,-0.9447244056223235,1,0,0,0,0,0,0,1,0,1,0,0,0,0,0,0,0,1,0,2,1
0,-0.4474048350192824,0,0,-0.7591193851422458,1,0.0,0,0.3416624011970945,0,0,1,0,0,0,0,0,0,1,0,0,0,0,0,0,0,1,0,1,2
1,-0.4474048350192824,1,0,1.5220349841856933,1,2.0,0,0.46797428403724445,0,1,0,0,0,1,0,1,0,1,0,1,0,1,0,0,0,0,1,2,2
1,-0.4474048350192824,0,0,-0.8813240834990996,0,0.0,0,-1.0095423455008212,1,0,0,0,0,0,0,1,0,1,0,0,0,0,0,0,0,0,1,0,0
0,-0.4474048350192824,1,1,-1.288673078021946,1,0.0,1,-1.4649299231087292,0,0,0,1,1,0,1,0,1,0,1,0,1,0,1,0,0,1,0,0,0
0,-0.4474048350192824,0,0,1.114685989662847,1,2.0,1,1.149393651990683,0,0,1,0,0,0,0,1,0,1,0,0,0,1,0,1,0,1,0,2,2
0,-0.4474048350192824,0,0,-1.288673078021946,0,0.0,1,-1.0095423455008212,1,0,0,0,0,0,0,0,0,0,0,0,0,1,0,0,0,1,0,0,0
1,2.235112188621971,0,0,-1.2479381785696613,1,0.0,1,0.32005642123759553,0,0,1,0,0,0,0,1,0,0,0,0,0,0,0,0,0,1,0,0,2
0,-0.4474048350192824,0,0,-1.166468379665092,1,0.0,0,-0.3281229775473827,0,0,0,0,0,1,0,1,0,0,0,0,0,0,0,0,0,1,0,0,1
0,-0.4474048350192824,0,0,-1.288673078021946,1,0.0,1,0.5045382501225507,0,0,1,0,0,0,0,0,0,0,0,0,0,1,0,0,0,1,0,0,2
0,-0.4474048350192824,1,0,1.2776255874719855,1,2.0,0,-1.3319700464348874,0,1,0,1,1,0,1,0,1,0,1,0,1,0,1,0,1,0,0,2,0
0,-0.4474048350192824,0,0,-0.8813240834990996,1,0.0,1,0.8020359741802716,0,1,1,0,0,0,0,0,0,1,0,0,0,1,0,0,0,1,0,0,2
0,-0.4474048350192824,0,0,-0.9220589829513843,1,1.0,0,-0.0056952766133164965,0,0,0,0,0,0,0,1,0,0,0,1,0,0,0,1,0,0,1,0,1
1,-0.4474048350192824,0,0,-0.025891195001122566,1,0.0,1,0.9416438446878055,0,0,1,0,0,1,0,1,0,1,0,0,0,0,0,1,1,0,0,2,2
1,-0.4474048350192824,0,0,-1.288673078021946,1,0.0,1,0.846909932557693,0,0,1,0,0,0,0,0,0,0,0,0,0,1,0,1,0,1,0,0,2
0,-0.4474048350192824,0,0,-1.166468379665092,1,1.0,1,1.3488334670014455,0,0,1,0,0,0,0,1,0,1,0,1,0,1,0,1,0,1,0,0,2
0,-0.4474048350192824,1,1,0.992481291305993,1,0.0,1,1.18097162270072,0,1,1,0,0,0,0,1,0,0,0,0,0,1,0,1,0,1,0,2,2
1,-0.4474048350192824,0,0,-1.2072032791173766,1,0.0,0,0.8419239371824242,0,0,1,0,0,0,0,1,0,1,0,0,0,0,0,1,0,1,0,0,2
0,-0.4474048350192824,1,0,1.0332161907582778,1,1.0,1,0.9715598169394195,0,1,1,0,0,0,0,1,0,1,0,0,0,0,0,1,0,1,0,2,2
0,-0.4474048350192824,1,1,1.0739510902105622,1,1.0,1,1.3654534515856758,0,1,1,0,0,0,0,1,0,1,0,0,0,1,0,1,0,1,0,2,2
1,-0.4474048350192824,0,1,-1.0849985807605227,1,0.0,0,-1.5131278784029967,0,0,0,1,1,0,1,0,1,0,1,0,1,0,1,0,0,0,1,0,0
0,-0.4474048350192824,1,1,1.2776255874719855,1,1.0,1,1.30728350554087,0,1,1,0,0,1,0,0,0,0,0,1,0,1,0,1,0,0,0,2,2
0,-0.4474048350192824,1,1,1.3998302858288394,1,2.0,1,0.34664839657236374,0,1,0,0,0,1,0,0,0,0,0,0,0,1,0,1,0,1,0,2,2
1,-0.4474048350192824,0,0,-1.2072032791173766,1,0.0,0,0.8518959279329622,0,0,1,0,0,0,0,0,0,0,0,0,0,1,0,1,0,0,1,0,2
1,2.235112188621971,1,0,0.8295416934968546,1,0.0,1,1.224183582619719,0,1,1,0,0,0,0,1,0,0,0,0,0,1,0,1,0,1,0,2,2
0,2.235112188621971,0,0,-1.0849985807605227,1,0.0,1,0.8070219695555404,0,0,1,0,0,0,0,0,0,0,0,0,0,1,0,1,0,1,0,0,2
0,-0.4474048350192824,0,0,-1.2479381785696613,1,0.0,1,-1.4981698922771896,0,0,0,1,1,0,1,0,1,0,1,0,1,0,1,0,0,0,1,0,0
0,-0.4474048350192824,1,0,-0.9220589829513843,1,0.0,1,-1.4998318907356125,0,0,0,1,1,0,1,0,1,0,1,0,1,0,1,0,0,0,0,0,0
0,-0.4474048350192824,0,0,-1.288673078021946,1,0.0,0,0.20039253223113773,0,0,1,0,0,0,0,0,0,0,0,0,0,0,0,0,0,0,1,0,2
1,2.235112188621971,0,0,-1.2072032791173766,1,0.0,1,0.9898417999820727,0,1,1,0,0,0,0,0,0,0,0,0,0,1,0,1,0,1,0,0,2
0,-0.4474048350192824,0,0,-0.39250529007168417,1,1.0,0,-0.3081789960463066,0,0,0,0,0,0,0,1,0,1,0,0,0,0,0,0,0,0,0,1,1
1,-0.4474048350192824,1,1,1.6035047830902625,1,2.0,0,-1.4998318907356125,0,0,0,1,1,0,1,0,1,0,1,0,1,0,1,0,0,0,0,2,0
0,-0.4474048350192824,1,1,-1.0035287818559535,1,0.0,0,-0.346404960590036,0,0,0,0,0,1,0,1,0,0,0,0,0,0,0,0,0,0,1,0,1
0,-0.4474048350192824,0,0,-1.0849985807605227,0,0.0,1,-0.5691127540187206,1,0,0,0,0,0,0,0,0,1,0,0,0,1,0,1,0,1,0,0,1
1,-0.4474048350192824,0,0,-0.5961797873331073,1,0.0,0,1.2042396011186425,0,0,1,0,0,0,0,1,0,1,0,0,0,1,0,1,1,0,0,1,2
0,-0.4474048350192824,1,1,1.6035047830902625,1,2.0,1,0.605920156086355,0,1,0,0,0,1,0,0,0,1,0,1,0,1,0,1,0,0,0,2,2
0,2.235112188621971,1,1,0.992481291305993,1,0.0,1,1.00479978610788,0,0,1,0,0,0,0,1,0,1,0,1,0,1,0,0,1,0,0,2,2
0,-0.4474048350192824,1,1,-0.31103549116711493,1,2.0,0,-1.4948458953603434,0,0,0,1,1,0,1,0,1,0,1,0,1,0,1,0,0,0,1,2,0
0,-0.4474048350192824,0,0,-0.8813240834990996,1,0.0,1,0.9682358200225737,0,0,1,0,0,0,0,1,0,1,0,1,0,0,0,1,0,1,0,0,2
0,-0.4474048350192824,0,0,-1.0442636813082382,1,0.0,1,0.3416624011970945,0,1,1,0,0,0,0,0,0,0,0,0,0,0,0,0,0,1,0,0,2
1,-0.4474048350192824,0,0,1.2368906880197008,1,1.0,0,0.21368851989852208,0,1,0,0,0,1,0,1,0,1,0,1,0,0,0,0,0,1,0,2,2
1,2.235112188621971,1,0,-0.3517703906193996,1,0.0,1,1.3022975101656007,0,1,1,0,0,0,0,1,0,1,0,0,0,1,0,1,0,1,0,1,2
0,-0.4474048350192824,0,0,-0.840589184046815,1,1.0,0,-1.4931838969019204,0,0,0,1,1,0,1,0,1,0,1,0,1,0,1,0,0,1,0,0,0
0,-0.4474048350192824,0,0,-1.2479381785696613,1,0.0,1,0.3566203873229018,0,0,1,0,0,0,0,0,0,1,0,0,0,0,0,0,0,1,0,0,2
0,2.235112188621971,0,0,-1.288673078021946,1,0.0,1,0.1505325784784471,0,0,1,0,0,0,0,0,0,0,0,0,0,0,0,0,0,1,0,0,1
1,-0.4474048350192824,0,1,0.2592531011648698,0,1.0,0,-0.6655086646072561,1,0,0,0,0,1,0,0,0,0,0,1,0,1,0,0,0,0,0,2,1
0,-0.4474048350192824,0,0,1.2776255874719855,1,2.0,1,1.6629511756433961,0,1,1,0,0,1,0,1,0,1,0,1,0,1,0,1,0,0,0,2,2
1,2.235112188621971,0,0,-1.2072032791173766,1,0.0,1,0.4929042609135898,0,0,1,0,0,0,0,0,0,0,0,0,0,1,0,0,0,1,0,0,2
1,-0.4474048350192824,0,0,1.0332161907582778,1,0.0,0,0.5178342377899351,0,1,1,0,0,0,0,0,0,0,0,1,0,0,0,0,0,0,0,2,2
1,-0.4474048350192824,1,0,-1.166468379665092,1,0.0,1,0.5078622470393966,0,0,1,0,0,0,0,0,0,0,0,0,0,1,0,0,0,1,0,0,2
1,-0.4474048350192824,0,0,-1.2479381785696613,1,0.0,0,-1.4965078938187666,0,0,0,1,1,0,1,0,1,0,1,0,1,0,1,0,0,0,1,0,0
1,-0.4474048350192824,1,0,1.5220349841856933,1,2.0,0,1.1942676103681045,0,0,1,0,0,1,0,1,0,1,0,1,0,0,0,1,1,0,0,2,2
0,-0.4474048350192824,1,1,-1.2479381785696613,1,1.0,0,-1.4881979015266515,0,0,0,1,1,0,1,0,1,0,1,0,1,0,1,0,0,0,1,0,0
1,2.235112188621971,0,0,-1.288673078021946,1,0.0,1,0.1521945769368705,0,0,1,0,0,0,0,0,0,0,0,0,0,0,0,0,0,1,0,0,1
0,-0.4474048350192824,0,0,-0.840589184046815,1,0.0,0,-1.4948458953603434,0,0,0,1,1,0,1,0,1,0,1,0,1,0,1,0,0,0,1,0,0
1,2.235112188621971,0,0,-0.840589184046815,0,0.0,1,-1.1873761805520846,1,0,0,0,0,0,0,1,0,0,0,0,0,0,0,0,1,0,0,0,0
1,2.235112188621971,1,0,-0.2295656922625457,1,0.0,1,1.0131097783999952,0,1,1,0,0,0,0,1,0,1,0,0,0,0,0,1,0,1,0,2,2
0,-0.4474048350192824,1,0,0.7073369951400007,1,0.0,1,1.4817933436752873,0,1,1,0,0,1,0,1,0,0,0,1,0,1,0,1,0,0,0,2,2
1,-0.4474048350192824,0,0,-0.7998542845945305,1,0.0,1,0.1688145615211007,0,0,1,0,0,0,0,0,0,0,0,0,0,0,0,0,0,1,0,1,2
0,-0.4474048350192824,0,0,-0.2295656922625457,1,0.0,1,1.014771776858418,0,1,1,0,0,0,0,0,0,0,0,0,0,1,0,1,0,0,0,2,2
1,-0.4474048350192824,0,0,1.2776255874719855,1,1.0,1,1.315593497832985,0,1,1,0,0,0,0,0,0,1,0,1,0,1,0,1,1,0,0,2,2
0,2.235112188621971,1,1,0.9517463918537085,1,2.0,1,0.2502524859838284,0,0,0,0,0,1,0,0,0,0,0,1,0,1,0,1,1,0,0,2,2
1,-0.4474048350192824,0,0,-1.288673078021946,1,0.0,0,-1.461605926191883,0,0,0,1,1,0,1,0,1,0,1,0,1,0,1,0,0,0,1,0,0
0,-0.4474048350192824,0,1,-0.6776495862376766,1,1.0,1,-1.521437870695112,0,0,0,1,1,0,1,0,1,0,1,0,1,0,1,0,0,0,0,1,0
1,-0.4474048350192824,1,1,-0.3517703906193996,1,1.0,0,0.32338041815444135,0,1,0,0,0,1,0,0,0,0,0,0,0,1,0,1,0,0,1,1,2
0,-0.4474048350192824,1,1,1.5627698836379778,1,1.0,1,0.9998137907326111,0,1,1,0,0,1,0,1,0,1,0,1,0,0,0,0,1,0,0,2,2
1,2.235112188621971,0,0,-1.288673078021946,1,0.0,1,0.4663122855788211,0,0,1,0,0,0,0,0,0,0,0,0,0,1,0,0,0,1,0,0,2
0,-0.4474048350192824,1,1,1.114685989662847,1,1.0,0,0.9665738215641507,0,1,1,0,0,1,0,1,0,0,0,0,0,1,0,0,0,0,0,2,2
0,-0.4474048350192824,1,1,-1.166468379665092,1,0.0,1,1.0928857044043003,0,1,1,0,0,0,0,1,0,0,0,0,0,1,0,1,0,1,0,0,2
1,2.235112188621971,0,0,-1.2479381785696613,1,0.0,1,-0.6954246368588705,0,0,0,0,0,0,0,0,0,0,0,0,0,0,0,0,0,1,0,0,1
0,-0.4474048350192824,1,1,0.5443973973308622,1,2.0,1,-1.4998318907356125,0,0,0,1,1,0,1,0,1,0,1,0,1,0,1,0,0,0,1,2,0
0,-0.4474048350192824,0,0,-1.288673078021946,1,0.0,1,0.6807100867153909,0,0,1,0,0,0,0,0,0,1,0,0,0,1,0,0,1,0,0,0,2
1,-0.4474048350192824,1,1,0.46292759842629294,1,1.0,0,-1.4981698922771896,0,0,0,1,1,0,1,0,1,0,1,0,1,0,1,0,0,0,0,2,0
1,-0.4474048350192824,1,0,-0.636914686785392,0,0.0,1,-0.5076188110570691,1,0,0,0,0,0,0,1,0,0,0,0,0,1,0,1,0,0,1,1,1
1,-0.4474048350192824,1,1,1.114685989662847,1,2.0,0,0.3948463518666315,0,0,0,0,0,0,0,1,0,0,0,1,0,1,0,1,0,0,0,2,2
0,-0.4474048350192824,1,1,-0.840589184046815,1,0.0,1,-1.4948458953603434,0,0,0,1,1,0,1,0,1,0,1,0,1,0,1,0,1,0,0,0,0
1,-0.4474048350192824,0,0,-1.0442636813082382,1,0.0,1,-0.6788046522746403,0,0,0,0,0,0,0,0,0,0,0,0,0,0,0,0,0,0,0,0,1
1,-0.4474048350192824,1,0,-0.4332401895239688,1,0.0,1,0.9848558046068039,0,0,1,0,0,0,0,0,0,1,0,0,0,1,0,1,1,0,0,1,2
0,-0.4474048350192824,1,0,1.5220349841856933,1,2.0,1,-1.298730077266427,0,1,0,1,1,0,1,0,1,0,1,0,1,0,1,0,0,0,0,2,0
1,-0.4474048350192824,0,0,0.4221926989740083,1,2.0,1,-0.16857112553877274,0,0,0,0,0,0,0,1,0,0,0,0,0,0,0,1,0,1,0,2,1
0,-0.4474048350192824,0,0,-1.288673078021946,1,0.0,1,0.6624281036727377,0,1,1,0,0,0,0,0,0,0,0,0,0,0,0,1,0,1,0,0,2
1,-0.4474048350192824,1,1,1.5627698836379778,1,1.0,1,0.05912266326518094,0,1,0,0,0,1,0,1,0,0,0,1,0,0,0,0,1,0,0,2,1
1,2.235112188621971,0,0,-1.1257334802128074,1,0.0,0,-1.4965078938187666,0,0,0,1,1,0,1,0,1,0,1,0,1,0,1,0,0,0,0,0,0
1,-0.4474048350192824,0,0,-0.2703005917148303,1,0.0,1,1.1161536828222227,0,0,1,0,0,0,0,0,0,1,0,1,0,1,0,1,0,1,0,2,2
1,-0.4474048350192824,1,0,-0.025891195001122566,1,1.0,1,0.4712982809540903,0,1,1,0,0,0,0,0,0,0,0,1,0,0,0,0,0,1,0,2,2
0,-0.4474048350192824,1,0,1.6035047830902625,1,2.0,1,0.7089640605085825,0,1,0,0,0,1,0,1,0,0,0,1,0,1,0,1,0,0,0,2,2
1,-0.4474048350192824,0,0,-0.5961797873331073,1,1.0,0,-1.5098038814861507,0,0,0,1,1,0,1,0,1,0,1,0,1,0,1,0,0,0,1,1,0
1,-0.4474048350192824,1,1,0.05557860390344668,1,0.0,1,1.084575712112185,0,1,1,0,0,0,0,1,0,0,0,0,0,1,0,1,0,0,0,2,2
0,2.235112188621971,1,0,-0.2295656922625457,1,0.0,0,0.624202139129008,0,1,0,0,0,0,0,1,0,1,0,1,0,1,0,1,0,1,0,2,2
1,-0.4474048350192824,0,0,-1.288673078021946,1,0.0,0,-1.4998318907356125,0,0,0,1,1,0,1,0,1,0,1,0,1,0,1,0,0,0,1,0,0
0,-0.4474048350192824,0,1,-0.840589184046815,1,0.0,1,0.43972031024405284,0,1,1,0,0,1,0,0,0,0,0,0,0,0,0,0,0,1,0,0,2
1,-0.4474048350192824,1,1,-1.2072032791173766,1,0.0,0,0.8236419541397706,0,0,1,0,0,1,0,1,0,0,0,0,0,1,0,0,0,1,0,0,2
0,-0.4474048350192824,0,0,1.5627698836379778,1,2.0,1,1.780953066191431,0,1,1,0,0,1,0,1,0,1,0,1,0,1,0,1,0,1,0,2,2
0,-0.4474048350192824,0,0,-1.2479381785696613,1,0.0,1,0.3483103950307867,0,1,1,0,0,0,0,0,0,0,0,0,0,0,0,0,0,1,0,0,2
1,2.235112188621971,1,0,-0.9627938824036689,1,1.0,0,-1.5031558876524584,0,0,0,1,1,0,1,0,1,0,1,0,1,0,1,0,1,0,0,0,0
0,-0.4474048350192824,1,0,1.4813000847334086,1,0.0,1,0.6757240913401221,0,1,1,0,0,0,0,1,0,1,0,0,0,0,0,0,0,0,0,2,2
0,-0.4474048350192824,0,0,-1.2072032791173766,1,0.0,1,0.32836641352971063,0,1,1,0,0,0,0,0,0,0,0,0,0,0,0,0,0,1,0,0,2
1,-0.4474048350192824,1,1,-0.2703005917148303,1,1.0,1,0.5627081961673565,0,1,0,0,0,0,0,0,0,1,0,1,0,1,0,1,1,0,0,2,2
1,-0.4474048350192824,1,1,1.5220349841856933,1,2.0,1,0.5012142532057049,0,0,0,0,0,1,0,1,0,1,0,0,0,1,0,1,1,0,0,2,2
1,-0.4474048350192824,0,0,-1.2479381785696613,0,0.0,1,-0.820074521240597,1,0,0,0,0,0,0,1,0,1,0,1,0,0,0,0,1,0,0,0,1
1,-0.4474048350192824,0,0,1.31836048692427,1,1.0,0,0.9466298400630743,0,1,1,0,0,1,0,0,0,0,0,1,0,0,0,1,0,1,0,2,2
0,-0.4474048350192824,1,0,-1.288673078021946,1,0.0,0,-0.3281229775473827,0,0,0,0,0,0,0,0,0,0,0,0,0,1,0,0,0,0,1,0,1
1,-0.4474048350192824,0,0,-0.18883079281026105,1,0.0,1,0.9782078107731117,0,1,1,0,0,1,0,1,0,0,0,0,0,0,0,1,1,0,0,2,2
1,-0.4474048350192824,1,1,1.6035047830902625,1,2.0,1,1.086237710570608,0,1,1,0,0,1,0,1,0,0,0,1,0,0,0,1,1,0,0,2,2
1,-0.4474048350192824,0,1,-0.7591193851422458,1,0.0,0,-1.4998318907356125,0,0,0,1,1,0,1,0,1,0,1,0,1,0,1,0,0,0,1,1,0
1,-0.4474048350192824,0,0,1.5220349841856933,1,2.0,1,1.2939875178734856,0,1,1,0,0,1,0,0,0,0,0,1,0,1,0,1,1,0,0,2,2
0,-0.4474048350192824,1,1,1.5220349841856933,1,2.0,0,0.5194962362483581,0,1,0,0,0,1,0,1,0,1,0,1,0,1,0,0,0,1,0,2,2
0,-0.4474048350192824,1,0,-1.288673078021946,1,0.0,1,0.4746222778709362,0,0,1,0,0,0,0,0,0,0,0,0,0,1,0,0,0,0,0,0,2
1,-0.4474048350192824,0,0,-1.0442636813082382,1,0.0,0,0.9948277953573419,0,1,1,0,0,0,0,0,0,0,0,0,0,1,0,1,0,0,1,0,2
0,-0.4474048350192824,1,1,0.7888067940445699,1,2.0,0,-1.3967879863133854,0,1,0,1,1,0,1,0,1,0,1,0,1,0,1,0,0,0,1,2,0
0,-0.4474048350192824,1,1,-0.3517703906193996,1,2.0,0,-1.3419420371854254,0,1,0,1,1,0,1,0,1,0,1,0,1,0,1,0,0,0,1,1,0
1,-0.4474048350192824,0,0,-1.288673078021946,1,0.0,0,-0.7004106322341395,0,0,0,0,0,0,0,0,0,0,0,0,0,0,0,0,0,1,0,0,1
1,2.235112188621971,0,0,1.3590953863765547,1,1.0,0,1.5233433051358627,0,1,1,0,0,0,0,1,0,1,0,1,0,1,0,1,1,0,0,2,2
0,-0.4474048350192824,0,0,-0.5554448878808227,1,0.0,1,-0.2982070052957683,0,1,0,0,0,0,0,0,0,1,0,0,0,0,0,0,0,0,1,1,1
1,-0.4474048350192824,0,0,-1.1257334802128074,1,0.0,0,1.2973115147903316,0,1,1,0,0,0,0,1,0,1,0,0,0,1,0,1,0,0,1,0,2
0,-0.4474048350192824,0,0,1.114685989662847,0,2.0,0,-0.38130692821691936,1,0,0,0,0,1,0,0,0,1,0,0,0,1,0,1,0,1,0,2,1
0,-0.4474048350192824,0,0,-0.10736099390569181,1,2.0,0,-1.5181138737782658,0,0,0,1,1,0,1,0,1,0,1,0,1,0,1,0,1,0,0,2,0
0,-0.4474048350192824,1,1,0.9517463918537085,1,0.0,1,1.4801313452168638,0,1,1,0,0,1,0,0,0,1,0,1,0,1,0,1,0,0,1,2,2
0,-0.4474048350192824,1,1,0.4221926989740083,1,1.0,1,-1.3502520294775406,0,1,0,1,1,0,1,0,1,0,1,0,1,0,1,0,0,0,0,2,0
1,-0.4474048350192824,0,0,1.6035047830902625,1,2.0,0,0.1521945769368705,0,1,0,0,0,1,0,1,0,1,0,1,0,0,0,0,0,0,0,2,1
1,-0.4474048350192824,0,0,0.46292759842629294,1,0.0,1,0.8419239371824242,0,1,1,0,0,0,0,0,0,1,0,0,0,0,0,1,0,0,1,2,2
0,-0.4474048350192824,0,0,0.5036624978785775,1,1.0,1,1.170999631950182,0,0,1,0,0,1,0,1,0,0,0,0,0,1,0,1,0,1,0,2,2
0,-0.4474048350192824,0,1,-1.166468379665092,1,0.0,0,0.6308501329627002,0,1,1,0,0,0,0,1,0,1,0,0,0,0,0,0,0,0,0,0,2
1,-0.4474048350192824,1,0,0.9517463918537085,1,2.0,0,-0.18519111012300293,0,1,0,0,0,0,0,1,0,1,0,0,0,0,0,0,1,0,0,2,1
1,-0.4474048350192824,1,1,0.21851820171258518,1,2.0,1,0.9915037984404961,0,1,1,0,0,0,0,0,0,1,0,1,0,1,0,0,0,0,0,2,2
1,-0.4474048350192824,0,0,-1.288673078021946,1,0.0,0,-1.4798879092345363,0,0,0,1,1,0,1,0,1,0,1,0,1,0,1,0,1,0,0,0,0
1,-0.4474048350192824,1,1,1.2776255874719855,1,2.0,0,0.13889858926948614,0,0,0,0,0,1,0,0,0,1,0,1,0,1,0,0,0,0,1,2,1
0,-0.4474048350192824,1,0,-0.6776495862376766,0,0.0,1,-0.5026328156817998,1,0,0,0,0,0,0,0,0,0,0,1,0,1,0,1,0,1,0,1,1
0,-0.4474048350192824,0,0,-1.288673078021946,1,0.0,1,-1.523099869153535,0,0,0,1,1,0,1,0,1,0,1,0,1,0,1,0,0,0,0,0,0
1,-0.4474048350192824,1,0,1.2776255874719855,1,1.0,1,0.1688145615211007,0,1,0,0,0,0,0,1,0,0,0,1,0,0,0,1,0,0,1,2,2
1,-0.4474048350192824,1,1,0.21851820171258518,1,2.0,0,-1.3303080479764644,0,1,0,1,1,0,1,0,1,0,1,0,1,0,1,0,1,0,0,2,0
1,-0.4474048350192824,0,0,-0.9627938824036689,1,0.0,1,0.5228202331652039,0,0,1,0,0,0,0,0,0,0,0,0,0,0,0,1,0,1,0,0,2
1,-0.4474048350192824,0,0,-0.5554448878808227,1,0.0,1,0.45301629791143716,0,0,1,0,0,0,0,0,0,0,0,0,0,1,0,0,0,0,0,1,2
1,2.235112188621971,0,0,-1.288673078021946,1,0.0,1,0.3416624011970945,0,1,1,0,0,0,0,0,0,0,0,0,0,0,0,0,0,1,0,0,2
0,-0.4474048350192824,0,0,0.3814577995217237,1,0.0,1,1.2873395240397936,0,0,1,0,0,0,0,1,0,1,0,1,0,1,0,1,0,0,0,2,2
1,2.235112188621971,0,0,-1.166468379665092,1,0.0,0,0.142222586186332,0,0,1,0,0,0,0,0,0,0,0,0,0,0,0,0,0,1,0,0,1
0,-0.4474048350192824,1,1,-1.2479381785696613,1,0.0,0,0.020896698721451744,0,0,0,0,0,0,0,0,0,0,0,0,0,1,0,1,0,0,1,0,1
0,-0.4474048350192824,0,0,-1.2479381785696613,1,0.0,0,-1.539719853737765,0,0,0,1,1,0,1,0,1,0,1,0,1,0,1,0,0,0,0,0,0
0,-0.4474048350192824,1,1,-1.0849985807605227,1,1.0,0,-1.5081418830277276,0,0,0,1,1,0,1,0,1,0,1,0,1,0,1,0,0,0,1,0,0
1,2.235112188621971,0,0,-1.0849985807605227,1,0.0,1,0.667414099048007,0,0,1,0,0,1,0,0,0,0,0,0,0,1,0,0,0,0,0,0,2
1,-0.4474048350192824,0,0,-0.9627938824036689,1,0.0,0,-1.5081418830277276,0,0,0,1,1,0,1,0,1,0,1,0,1,0,1,0,1,0,0,0,0
0,2.235112188621971,1,0,-0.31103549116711493,1,0.0,1,0.14056058772790905,0,0,1,0,0,0,0,0,0,0,0,0,0,0,0,0,0,1,0,2,1
0,2.235112188621971,0,0,-1.288673078021946,1,0.0,1,0.1837725476469075,0,0,1,0,0,0,0,0,0,0,0,0,0,0,0,0,0,0,1,0,2
0,-0.4474048350192824,1,0,1.5220349841856933,1,1.0,1,1.476807348300018,0,1,1,0,0,0,0,1,0,1,0,1,0,1,0,1,0,1,0,2,2
1,-0.4474048350192824,1,0,0.5851322967831468,1,2.0,0,-1.5098038814861507,0,0,0,1,1,0,1,0,1,0,1,0,1,0,1,0,0,0,1,2,0
1,2.235112188621971,0,1,-0.8813240834990996,1,0.0,1,-0.3497289575068821,0,0,0,0,0,0,0,1,0,0,0,1,0,0,0,0,0,1,0,0,1
0,-0.4474048350192824,0,0,1.6035047830902625,1,2.0,1,0.8735019078924612,0,1,0,0,0,1,0,1,0,1,0,1,0,1,0,1,0,0,0,2,2
1,2.235112188621971,1,0,1.2776255874719855,1,2.0,0,1.2308315764534108,0,1,1,0,0,0,0,0,0,1,0,1,0,1,0,1,0,1,0,2,2
1,-0.4474048350192824,0,0,-0.3517703906193996,1,0.0,0,-0.3364329698394978,0,0,0,0,0,1,0,0,0,0,0,1,0,0,0,0,0,1,0,1,1
0,-0.4474048350192824,1,1,1.6035047830902625,1,2.0,1,0.5111862439562429,0,0,0,0,0,1,0,0,0,1,0,1,0,1,0,1,0,0,0,2,2
0,-0.4474048350192824,1,1,0.21851820171258518,1,2.0,1,-1.4998318907356125,0,0,0,1,1,0,1,0,1,0,1,0,1,0,1,0,0,0,1,2,0
0,-0.4474048350192824,0,0,-0.840589184046815,1,0.0,0,-1.4881979015266515,0,0,0,1,1,0,1,0,1,0,1,0,1,0,1,0,0,0,1,0,0
1,-0.4474048350192824,1,0,0.5443973973308622,1,1.0,1,0.9831938061483809,0,1,1,0,0,0,0,1,0,1,0,0,0,1,0,0,0,1,0,2,2
0,-0.4474048350192824,0,0,1.3998302858288394,1,2.0,1,-1.3120260649338111,0,1,0,1,1,0,1,0,1,0,1,0,1,0,1,0,0,0,0,2,0
0,-0.4474048350192824,0,0,0.4221926989740083,1,1.0,0,0.6657521005895836,0,1,0,0,0,0,0,1,0,1,0,1,0,1,0,1,1,0,0,2,2
1,-0.4474048350192824,0,0,-1.2072032791173766,0,0.0,0,-1.1524742129252012,1,0,0,0,0,0,0,0,0,0,0,1,0,0,0,0,0,1,0,0,0
0,-0.4474048350192824,0,0,-0.14809589335797643,1,0.0,1,0.3034364366533653,0,1,1,0,0,0,0,0,0,0,0,0,0,0,0,0,0,1,0,2,2
1,-0.4474048350192824,1,0,1.114685989662847,1,2.0,1,-1.4815499076929592,0,0,0,1,1,0,1,0,1,0,1,0,1,0,1,0,0,0,0,2,0
1,-0.4474048350192824,0,0,-0.9220589829513843,1,0.0,0,-0.0937811949097368,0,0,0,0,0,1,0,0,0,0,0,1,0,1,0,0,0,0,0,0,1
0,-0.4474048350192824,0,0,-1.0442636813082382,1,0.0,1,-0.37964492975849645,0,1,0,0,0,1,0,0,0,0,0,0,0,0,0,0,0,1,0,0,1
1,-0.4474048350192824,1,0,1.5627698836379778,1,2.0,0,0.6358361283379695,0,1,0,0,0,0,0,1,0,1,0,1,0,1,0,1,1,0,0,2,2
1,-0.4474048350192824,1,0,1.31836048692427,1,1.0,0,0.06577065709887311,0,1,0,0,0,1,0,1,0,1,0,0,0,0,0,0,1,0,0,2,1
0,-0.4474048350192824,0,0,0.7073369951400007,1,0.0,1,1.0180957737752643,0,1,1,0,0,0,0,0,0,0,0,0,0,1,0,1,0,1,0,2,2
1,-0.4474048350192824,1,1,-0.6776495862376766,1,2.0,0,-0.027301256572815957,0,0,0,0,0,1,0,0,0,1,0,0,0,1,0,0,0,0,1,1,1
1,-0.4474048350192824,0,0,1.3998302858288394,0,2.0,0,-0.7037346291509855,1,0,0,0,0,1,0,0,0,0,0,1,0,1,0,0,0,1,0,2,1
0,-0.4474048350192824,0,0,1.2368906880197008,1,2.0,1,0.4912422624551664,0,1,0,0,0,1,0,1,0,1,0,1,0,1,0,0,1,0,0,2,2
1,-0.4474048350192824,1,0,1.2368906880197008,1,1.0,0,0.1904205414805997,0,0,0,0,0,1,0,1,0,0,0,1,0,1,0,0,1,0,0,2,2
1,-0.4474048350192824,1,1,1.4405651852811239,1,2.0,0,0.1904205414805997,0,1,0,0,0,0,0,1,0,0,0,1,0,0,0,1,1,0,0,2,2
1,2.235112188621971,1,0,-0.025891195001122566,1,0.0,1,0.32670441507128767,0,1,1,0,0,0,0,0,0,0,0,0,0,0,0,0,0,1,0,2,2
1,-0.4474048350192824,1,1,1.4405651852811239,1,1.0,1,0.6790480882569679,0,1,1,0,0,1,0,1,0,0,0,0,0,0,0,0,0,0,0,2,2
0,-0.4474048350192824,1,1,1.1554208891151316,0,1.0,1,-0.47770283880545455,1,0,0,0,0,1,0,1,0,0,0,1,0,0,0,1,0,0,0,2,1
1,2.235112188621971,0,0,0.21851820171258518,1,1.0,1,0.1688145615211007,0,0,0,0,0,0,0,1,0,1,0,1,0,1,0,0,1,0,0,2,2
1,2.235112188621971,1,0,-0.025891195001122566,1,0.0,0,1.3721014454193674,0,1,1,0,0,0,0,1,0,1,0,0,0,1,0,1,0,0,0,2,2
1,-0.4474048350192824,0,0,-1.288673078021946,1,0.0,0,-1.4948458953603434,0,0,0,1,1,0,1,0,1,0,1,0,1,0,1,0,0,0,1,0,0
0,-0.4474048350192824,0,0,0.17778330226030056,1,0.0,1,1.224183582619719,0,1,1,0,0,0,0,1,0,1,0,0,0,1,0,1,0,0,0,2,2
0,-0.4474048350192824,1,1,-1.2072032791173766,1,0.0,0,-0.6904386414836015,0,0,0,0,0,0,0,0,0,0,0,0,0,0,0,0,0,0,1,0,1
1,-0.4474048350192824,1,1,-0.6776495862376766,1,0.0,1,0.855219924849808,0,1,1,0,0,0,0,0,0,1,0,0,0,1,0,0,0,0,0,1,2
0,-0.4474048350192824,1,0,-0.3517703906193996,1,0.0,1,0.4845942686214747,0,1,1,0,0,0,0,0,0,1,0,0,0,0,0,0,0,0,1,1,2
0,-0.4474048350192824,0,0,1.4405651852811239,0,2.0,0,-0.8699344749932876,1,0,0,0,0,1,0,0,0,1,0,1,0,0,0,0,0,0,1,2,1
0,-0.4474048350192824,0,0,0.8702765929491392,1,1.0,1,1.162689639658067,0,0,1,0,0,1,0,1,0,0,0,0,0,1,0,1,1,0,0,2,2
0,-0.4474048350192824,0,0,-0.7998542845945305,1,0.0,1,0.5344542223741653,0,0,1,0,0,0,0,1,0,1,0,0,0,0,0,0,0,1,0,1,2
1,2.235112188621971,0,0,-0.5961797873331073,1,0.0,1,1.0097857814831492,0,1,1,0,0,0,0,0,0,0,0,0,0,1,0,1,0,1,0,1,2
1,-0.4474048350192824,0,0,-1.288673078021946,1,0.0,0,-1.5280858645288038,0,0,0,1,1,0,1,0,1,0,1,0,1,0,1,0,0,0,1,0,0
1,-0.4474048350192824,1,1,1.3590953863765547,1,2.0,1,-1.5064798845693046,0,0,0,1,1,0,1,0,1,0,1,0,1,0,1,0,0,0,1,2,0
0,-0.4474048350192824,1,0,-0.9220589829513843,1,0.0,1,-1.4798879092345363,0,0,0,1,1,0,1,0,1,0,1,0,1,0,1,0,0,0,1,0,0
1,-0.4474048350192824,0,0,0.46292759842629294,1,0.0,0,0.1256026016021018,0,0,1,0,0,0,0,0,0,0,0,0,0,0,0,0,1,0,0,2,1
0,-0.4474048350192824,0,0,-0.9627938824036689,1,0.0,0,0.5145102408730887,0,0,1,0,0,0,0,1,0,1,0,0,0,0,0,0,0,1,0,0,2
1,2.235112188621971,1,0,0.13704840280801595,1,1.0,0,-0.36468694363268916,0,0,0,0,0,0,0,0,0,1,0,1,0,0,0,0,1,0,0,2,1
1,-0.4474048350192824,0,0,-0.9220589829513843,1,0.0,1,1.003137787649457,0,1,1,0,0,0,0,1,0,1,0,0,0,0,0,1,0,1,0,0,2
0,-0.4474048350192824,0,0,-1.288673078021946,1,0.0,1,0.1671525630626773,0,0,1,0,0,0,0,0,0,0,0,0,0,0,0,0,0,1,0,0,2
0,-0.4474048350192824,0,0,1.31836048692427,1,2.0,1,0.6574421082974685,0,0,0,0,0,1,0,1,0,1,0,1,0,1,0,1,0,0,0,2,2
0,-0.4474048350192824,0,0,-1.2072032791173766,1,0.0,1,0.34000040273867155,0,0,0,0,0,0,0,1,0,0,0,1,0,1,0,1,0,1,0,0,2
1,2.235112188621971,1,1,0.34072290006943906,1,1.0,1,1.558245272762746,0,1,1,0,0,0,0,1,0,1,0,1,0,1,0,1,0,1,0,2,2
1,-0.4474048350192824,0,0,-0.2703005917148303,1,1.0,1,-0.4494488650122634,0,1,0,0,0,0,0,0,0,0,0,0,0,0,0,0,1,0,0,2,1
0,-0.4474048350192824,0,0,-0.31103549116711493,1,0.0,1,0.4912422624551664,0,0,1,0,0,1,0,1,0,0,0,0,0,0,0,0,0,0,0,2,2
0,2.235112188621971,0,0,0.34072290006943906,1,0.0,1,1.30728350554087,0,1,1,0,0,0,0,1,0,1,0,0,0,1,0,1,0,1,0,2,2
0,-0.4474048350192824,0,0,-0.6776495862376766,1,0.0,1,0.7039780651333133,0,0,1,0,0,0,0,1,0,0,0,0,0,0,0,1,0,1,0,1,2
0,-0.4474048350192824,1,1,1.6035047830902625,1,2.0,0,1.4834553421337102,0,1,1,0,0,1,0,1,0,1,0,0,0,1,0,1,1,0,0,2,2
0,2.235112188621971,0,0,-1.2072032791173766,1,0.0,1,0.17380055689636947,0,0,1,0,0,0,0,0,0,0,0,0,0,0,0,0,0,1,0,0,2
1,2.235112188621971,0,0,-0.9627938824036689,1,0.0,1,1.1776476257838742,0,1,1,0,0,0,0,0,0,1,0,0,0,1,0,1,0,1,0,0,2
0,-0.4474048350192824,1,0,0.4221926989740083,1,2.0,1,0.45634029482828303,0,0,0,0,0,1,0,0,0,1,0,1,0,1,0,1,0,1,0,2,2
0,-0.4474048350192824,0,0,-1.166468379665092,1,0.0,1,-0.6339306938972186,0,0,0,0,0,0,0,0,0,0,0,0,0,0,0,0,0,0,1,0,1
0,2.235112188621971,0,0,-0.025891195001122566,1,0.0,1,0.4796082732462054,0,0,1,0,0,0,0,0,0,0,0,0,0,0,0,1,0,1,0,2,2
1,-0.4474048350192824,0,1,-1.166468379665092,1,0.0,0,0.5228202331652039,0,1,1,0,0,0,0,0,0,0,0,1,0,0,0,0,1,0,0,0,2
1,-0.4474048350192824,0,0,-0.9627938824036689,1,0.0,0,-1.4898598999850743,0,0,0,1,1,0,1,0,1,0,1,0,1,0,1,0,0,0,1,0,0
1,-0.4474048350192824,1,1,0.17778330226030056,1,1.0,1,-0.21012108699934826,0,0,0,0,0,1,0,0,0,1,0,1,0,0,0,0,0,0,1,2,1
1,-0.4474048350192824,1,0,1.4405651852811239,1,2.0,0,0.19540653685586895,0,0,0,0,0,1,0,1,0,1,0,0,0,0,0,1,0,0,0,2,2
0,2.235112188621971,0,0,-1.166468379665092,1,0.0,0,-0.5425207786839524,0,1,0,0,0,0,0,0,0,0,0,0,0,0,0,0,0,0,1,0,1
1,-0.4474048350192824,1,0,0.7480718945922853,1,1.0,1,1.0413637521931867,0,1,1,0,0,1,0,1,0,0,0,0,0,0,0,1,1,0,0,2,2
0,-0.4474048350192824,0,1,-1.166468379665092,1,0.0,0,0.8153319618476554,0,1,1,0,0,0,0,1,0,0,0,0,0,1,0,0,0,0,1,0,2
1,-0.4474048350192824,0,0,1.2776255874719855,1,1.0,1,1.170999631950182,0,0,1,0,0,1,0,1,0,0,0,0,0,1,0,1,1,0,0,2,2
0,-0.4474048350192824,1,1,1.6035047830902625,1,2.0,1,1.476807348300018,0,0,1,0,0,1,0,1,0,1,0,1,0,1,0,1,1,0,0,2,2
1,-0.4474048350192824,1,1,-0.7183844856899612,1,0.0,0,0.3333524089049794,0,0,1,0,0,1,0,0,0,0,0,0,0,0,0,0,0,0,1,1,2
1,-0.4474048350192824,0,0,-0.14809589335797643,0,1.0,0,-0.9796263732492069,1,0,0,0,0,1,0,0,0,0,0,1,0,0,0,0,0,0,1,2,1
1,-0.4474048350192824,0,0,-0.840589184046815,1,0.0,1,1.0297297629842252,0,1,1,0,0,0,0,0,0,0,0,0,0,1,0,1,0,1,0,0,2
0,-0.4474048350192824,1,1,-0.636914686785392,1,0.0,0,-1.3618860186865018,0,1,0,1,1,0,1,0,1,0,1,0,1,0,1,0,0,0,1,1,0
0,-0.4474048350192824,0,1,-0.9220589829513843,1,0.0,1,0.8651919156003461,0,0,1,0,0,0,0,0,0,1,0,1,0,1,0,0,0,1,0,0,2
1,-0.4474048350192824,0,0,-1.2072032791173766,0,0.0,1,-1.1790661882599693,1,0,0,0,0,0,0,1,0,0,0,0,0,0,0,0,0,1,0,0,0
1,-0.4474048350192824,0,0,1.3590953863765547,1,2.0,1,1.3488334670014455,0,0,1,0,0,1,0,0,0,1,0,1,0,1,0,1,0,0,0,2,2
0,-0.4474048350192824,0,0,-0.4332401895239688,1,1.0,1,0.363268381156594,0,1,1,0,0,0,0,0,0,0,0,0,0,0,0,0,1,0,0,1,2
1,-0.4474048350192824,0,0,-1.1257334802128074,1,0.0,1,0.9117278724361909,0,1,1,0,0,0,0,0,0,1,0,0,0,1,0,0,0,1,0,0,2
0,-0.4474048350192824,0,0,-1.1257334802128074,1,0.0,1,-1.4815499076929592,0,0,0,1,1,0,1,0,1,0,1,0,1,0,1,0,0,0,1,0,0
1,-0.4474048350192824,1,1,1.0332161907582778,1,1.0,1,0.33667640582182573,0,0,0,0,0,0,0,1,0,0,0,1,0,1,0,1,1,0,0,2,2
0,2.235112188621971,1,0,1.3590953863765547,1,1.0,1,0.1920825399390226,0,1,0,0,0,0,0,1,0,1,0,0,0,1,0,0,0,0,0,2,2
1,-0.4474048350192824,0,0,-1.166468379665092,1,0.0,0,0.01591070334618249,0,1,0,0,0,0,0,0,0,0,0,1,0,0,0,1,0,0,1,0,1
1,-0.4474048350192824,0,0,-0.7591193851422458,1,1.0,0,-1.4848739046098054,0,0,0,1,1,0,1,0,1,0,1,0,1,0,1,0,0,0,0,1,0
1,2.235112188621971,0,0,-0.7183844856899612,1,0.0,1,0.3034364366533653,0,1,1,0,0,0,0,0,0,0,0,0,0,0,0,0,1,0,0,1,2
0,-0.4474048350192824,0,0,1.0332161907582778,1,0.0,1,0.4895802639967435,0,1,1,0,0,1,0,0,0,0,0,0,0,0,0,0,0,0,0,2,2
0,-0.4474048350192824,0,0,0.34072290006943906,1,2.0,0,-1.4765639123176904,0,0,0,1,1,0,1,0,1,0,1,0,1,0,1,0,0,0,1,2,0
1,-0.4474048350192824,0,0,-1.0035287818559535,1,0.0,0,-0.7153686183599467,0,0,0,0,0,0,0,0,0,0,0,0,0,0,0,0,0,0,1,0,1
0,-0.4474048350192824,1,1,0.21851820171258518,1,1.0,0,0.5062002485809737,0,0,0,0,0,1,0,1,0,0,0,1,0,1,0,1,1,0,0,2,2
0,-0.4474048350192824,1,1,-0.31103549116711493,1,0.0,1,0.8003739757218487,0,0,1,0,0,0,0,1,0,1,0,0,0,1,0,0,0,0,0,2,2
0,-0.4474048350192824,1,0,-1.2479381785696613,1,0.0,0,0.4862562670798976,0,0,1,0,0,0,0,1,0,1,0,0,0,0,0,0,0,0,0,0,2
1,-0.4474048350192824,1,1,-0.8813240834990996,1,0.0,1,-0.18020511474773393,0,0,0,0,0,0,0,0,0,1,0,0,0,1,0,0,0,0,0,0,1
1,-0.4474048350192824,1,1,1.114685989662847,1,1.0,0,0.8602059202250774,0,0,1,0,0,0,0,1,0,1,0,0,0,1,0,0,0,1,0,2,2
1,-0.4474048350192824,1,1,1.6035047830902625,1,1.0,1,1.3637914531272524,0,1,1,0,0,1,0,0,0,1,0,0,0,1,0,1,0,0,0,2,2
1,-0.4474048350192824,1,1,1.6035047830902625,1,1.0,1,1.308945503999293,0,1,1,0,0,0,0,1,0,1,0,0,0,1,0,1,1,0,0,2,2
1,-0.4474048350192824,1,1,-0.14809589335797643,1,0.0,0,0.9831938061483809,0,0,1,0,0,1,0,0,0,0,0,0,0,1,0,1,1,0,0,2,2
0,2.235112188621971,1,0,1.0739510902105622,1,1.0,1,0.9632498246473045,0,1,1,0,0,1,0,1,0,1,0,1,0,0,0,0,0,1,0,2,2
1,-0.4474048350192824,0,1,1.2776255874719855,1,0.0,1,1.1327736674064528,0,0,1,0,0,0,0,1,0,0,0,1,0,1,0,1,1,0,0,2,2
0,2.235112188621971,0,0,-0.9220589829513843,0,0.0,1,-1.0095423455008212,1,0,0,0,0,0,0,0,0,0,0,0,0,0,0,1,0,1,0,0,0
0,-0.4474048350192824,1,0,1.5220349841856933,1,2.0,0,-1.5048178861108816,0,0,0,1,1,0,1,0,1,0,1,0,1,0,1,0,0,0,0,2,0
1,-0.4474048350192824,1,1,0.5851322967831468,1,0.0,1,1.1394216612401447,0,1,1,0,0,0,0,1,0,0,0,0,0,1,0,1,0,1,0,2,2
1,-0.4474048350192824,0,0,-1.166468379665092,1,0.0,0,-0.4428008711785712,0,1,0,0,0,0,0,0,0,0,0,0,0,0,0,0,1,0,0,0,1
0,-0.4474048350192824,0,0,-1.2072032791173766,1,0.0,1,0.8103459664723867,0,0,1,0,0,0,0,0,0,0,0,0,0,1,0,1,0,1,0,0,2
1,-0.4474048350192824,0,0,0.7888067940445699,1,0.0,1,0.6740620928816987,0,0,1,0,0,0,0,1,0,0,0,0,0,0,0,1,0,1,0,2,2
0,-0.4474048350192824,1,0,0.05557860390344668,1,0.0,0,-0.08048520724235267,0,1,0,0,0,1,0,1,0,0,0,1,0,0,0,0,0,1,0,2,1
0,-0.4474048350192824,1,0,-1.2479381785696613,1,0.0,0,0.8402619387240008,0,0,1,0,0,1,0,1,0,0,0,0,0,1,0,0,0,1,0,0,2
0,-0.4474048350192824,1,1,0.666602095687716,1,1.0,0,0.4297483194935148,0,0,0,0,0,0,0,1,0,1,0,0,0,1,0,1,1,0,0,2,2
0,-0.4474048350192824,0,0,-0.14809589335797643,1,0.0,1,0.1256026016021018,0,0,0,0,0,1,0,1,0,1,0,0,0,0,0,1,0,0,0,2,1
0,-0.4474048350192824,1,0,0.014843704451162058,1,1.0,1,1.2856775255813706,0,0,1,0,0,1,0,0,0,1,0,1,0,1,0,1,0,1,0,2,2
0,-0.4474048350192824,1,0,0.2592531011648698,1,1.0,1,1.317255496291408,0,0,1,0,0,1,0,0,0,1,0,1,0,1,0,1,1,0,0,2,2
0,-0.4474048350192824,0,0,-0.7998542845945305,0,2.0,0,-0.9862743670828991,1,0,0,0,0,0,0,0,0,1,0,1,0,0,0,0,0,0,1,1,1
1,-0.4474048350192824,0,0,0.5443973973308622,1,2.0,0,-1.4998318907356125,0,0,0,1,1,0,1,0,1,0,1,0,1,0,1,0,0,1,0,2,0
0,2.235112188621971,0,0,-0.5147099884285381,1,0.0,1,0.46797428403724445,0,1,1,0,0,1,0,0,0,0,0,0,0,0,0,0,0,1,0,1,2
1,-0.4474048350192824,1,0,-0.3517703906193996,0,0.0,0,-1.1956861728441996,1,0,0,0,0,0,0,0,0,1,0,0,0,0,0,0,0,1,0,1,0
0,-0.4474048350192824,1,1,-1.2479381785696613,1,0.0,1,0.21867451527379134,0,0,1,0,0,0,0,0,0,0,0,0,0,0,0,0,0,1,0,0,2
0,2.235112188621971,1,0,-1.288673078021946,0,0.0,1,-1.3386180402685797,1,0,0,0,0,0,0,0,0,0,0,0,0,0,0,0,0,1,0,0,0
0,2.235112188621971,0,0,-1.166468379665092,1,0.0,1,0.5045382501225507,0,1,1,0,0,1,0,0,0,0,0,0,0,0,0,0,0,1,0,0,2
0,-0.4474048350192824,0,0,0.014843704451162058,1,1.0,0,-0.18851510703984903,0,1,0,0,0,1,0,0,0,0,0,1,0,0,0,0,0,1,0,2,1
1,-0.4474048350192824,0,0,-1.288673078021946,1,0.0,0,-0.5342107863918374,0,0,0,0,0,0,0,0,0,0,0,1,0,0,0,0,1,0,0,0,1
0,-0.4474048350192824,0,0,0.21851820171258518,1,1.0,0,-1.4965078938187666,0,0,0,1,1,0,1,0,1,0,1,0,1,0,1,0,0,0,1,2,0
0,-0.4474048350192824,1,0,1.6035047830902625,1,2.0,1,1.1011956966964154,0,1,1,0,0,1,0,0,0,1,0,1,0,1,0,0,0,0,0,2,2
0,-0.4474048350192824,1,1,-0.4332401895239688,1,1.0,0,-1.4732399154008442,0,0,0,1,1,0,1,0,1,0,1,0,1,0,1,0,0,0,0,1,0
0,2.235112188621971,0,0,-0.8813240834990996,1,0.0,0,0.8186559587645018,0,0,1,0,0,0,0,0,0,0,0,0,0,1,0,1,0,0,0,0,2
0,-0.4474048350192824,1,1,-1.0035287818559535,1,2.0,1,-1.5031558876524584,0,0,0,1,1,0,1,0,1,0,1,0,1,0,1,0,0,0,1,0,0
1,2.235112188621971,1,0,1.5220349841856933,1,0.0,1,1.2590855502466023,0,1,1,0,0,0,0,1,0,1,0,0,0,1,0,1,0,1,0,2,2
1,-0.4474048350192824,1,1,-1.3294079774742305,1,1.0,1,-1.5081418830277276,0,0,0,1,1,0,1,0,1,0,1,0,1,0,1,0,0,0,1,0,0
1,2.235112188621971,1,0,0.992481291305993,1,1.0,1,0.8502339294745392,0,0,1,0,0,0,0,1,0,1,0,0,0,1,0,0,0,1,0,2,2
1,-0.4474048350192824,0,0,0.9517463918537085,1,0.0,0,1.1144916843637993,0,1,1,0,0,0,0,1,0,0,0,0,0,1,0,1,0,1,0,2,2
1,-0.4474048350192824,1,0,0.5036624978785775,1,0.0,1,0.6474701175469304,0,1,1,0,0,1,0,0,0,1,0,0,0,0,0,0,0,0,1,2,2
1,-0.4474048350192824,1,1,1.6035047830902625,1,2.0,1,0.8485719310161158,0,1,0,0,0,1,0,1,0,1,0,1,0,1,0,1,1,0,0,2,2
0,-0.4474048350192824,1,1,-0.5554448878808227,1,0.0,0,-1.4915218984434973,0,0,0,1,1,0,1,0,1,0,1,0,1,0,1,0,0,0,1,1,0
0,-0.4474048350192824,0,0,-1.166468379665092,0,0.0,1,-1.1940241743857767,1,0,0,0,0,1,0,0,0,0,0,0,0,0,0,0,0,0,1,0,0
0,2.235112188621971,0,0,0.9517463918537085,1,1.0,0,1.5100473174684783,0,1,1,0,0,1,0,1,0,1,0,0,0,1,0,1,0,1,0,2,2
1,-0.4474048350192824,1,0,0.3814577995217237,1,0.0,1,0.9748838138562659,0,1,1,0,0,1,0,0,0,1,0,0,0,0,0,1,0,1,0,2,2
0,2.235112188621971,0,0,1.5627698836379778,1,2.0,0,0.8236419541397706,0,1,0,0,0,1,0,1,0,1,0,1,0,1,0,1,0,0,1,2,2
1,-0.4474048350192824,1,0,-1.288673078021946,1,0.0,1,0.13557459235264027,0,0,1,0,0,0,0,0,0,0,0,0,0,0,0,0,0,1,0,0,1
1,-0.4474048350192824,1,0,-0.3517703906193996,1,0.0,1,0.8036979726386945,0,0,1,0,0,1,0,0,0,0,0,1,0,0,0,1,0,1,0,1,2
0,-0.4474048350192824,0,0,0.34072290006943906,1,0.0,1,1.3704394469609447,0,1,1,0,0,0,0,1,0,1,0,0,0,1,0,1,0,1,0,2,2
0,-0.4474048350192824,0,0,-0.10736099390569181,1,0.0,0,1.1759856273254512,0,1,1,0,0,0,0,0,0,1,0,0,0,1,0,1,0,1,0,2,2
0,2.235112188621971,1,0,-0.025891195001122566,1,0.0,1,0.6940060743827752,0,1,1,0,0,0,0,0,0,0,0,0,0,1,0,0,1,0,0,2,2
1,2.235112188621971,1,0,0.4221926989740083,1,0.0,1,1.1942676103681045,0,1,1,0,0,0,0,1,0,0,0,0,0,1,0,1,0,1,0,2,2
0,-0.4474048350192824,1,1,1.3998302858288394,0,2.0,0,-0.36136294671584307,1,0,0,0,0,1,0,1,0,1,0,1,0,1,0,0,1,0,0,2,1
1,2.235112188621971,1,0,1.3998302858288394,1,0.0,0,0.624202139129008,0,1,1,0,0,1,0,1,0,0,0,0,0,0,0,0,0,0,0,2,2
1,-0.4474048350192824,0,0,-1.288673078021946,1,0.0,1,-1.5147898768614196,0,0,0,1,1,0,1,0,1,0,1,0,1,0,1,0,0,0,1,0,0
0,-0.4474048350192824,0,0,0.5443973973308622,1,0.0,0,-0.6688326615241019,0,0,0,0,0,0,0,0,0,0,0,0,0,0,0,0,0,0,0,2,1
0,-0.4474048350192824,1,1,-0.39250529007168417,1,0.0,1,0.6208781422121622,0,1,1,0,0,0,0,0,0,0,0,0,0,1,0,0,0,1,0,1,2
0,2.235112188621971,1,1,1.3590953863765547,1,1.0,1,1.3239034901251003,0,1,1,0,0,0,0,1,0,1,0,0,0,1,0,1,0,1,0,2,2
0,2.235112188621971,1,0,1.3590953863765547,0,1.0,0,-0.6488886800230259,1,0,0,0,0,0,0,1,0,1,0,0,0,1,0,0,0,0,0,2,1
0,-0.4474048350192824,1,1,1.0332161907582778,1,2.0,0,-1.4815499076929592,0,0,0,1,1,0,1,0,1,0,1,0,1,0,1,0,1,0,0,2,0
1,-0.4474048350192824,0,0,-1.288673078021946,1,0.0,1,-0.5491687725176446,0,0,0,0,0,1,0,0,0,0,0,0,0,0,0,0,0,0,1,0,1
1,2.235112188621971,0,0,-0.9627938824036689,1,0.0,1,0.29845044127809606,0,1,1,0,0,0,0,0,0,0,0,0,0,0,0,0,0,1,0,0,2
0,-0.4474048350192824,1,1,0.5443973973308622,1,2.0,0,-1.5181138737782658,0,0,0,1,1,0,1,0,1,0,1,0,1,0,1,0,1,0,0,2,0
0,-0.4474048350192824,1,1,0.9517463918537085,1,2.0,1,-1.3336320448933103,0,1,0,1,1,0,1,0,1,0,1,0,1,0,1,0,1,0,0,2,0
0,-0.4474048350192824,0,0,-0.7183844856899612,1,0.0,0,-1.5114658799445737,0,0,0,1,1,0,1,0,1,0,1,0,1,0,1,0,0,0,1,1,0
0,-0.4474048350192824,1,0,-0.5961797873331073,1,0.0,1,-0.4909988264728389,0,0,0,0,0,0,0,0,0,0,0,1,0,0,0,0,0,0,1,1,1
0,-0.4474048350192824,1,1,1.0332161907582778,0,2.0,1,-0.3181509867968446,1,0,0,0,0,0,0,0,0,1,0,1,0,1,0,1,1,0,0,2,1
0,-0.4474048350192824,0,0,-0.10736099390569181,1,1.0,0,0.31839442277917257,0,0,0,0,0,1,0,1,0,1,0,1,0,1,0,0,1,0,0,2,2
0,-0.4474048350192824,0,0,-1.2479381785696613,1,0.0,1,-0.35637695134057407,0,1,0,0,0,0,0,0,0,0,0,1,0,0,0,0,0,0,1,0,1
0,-0.4474048350192824,0,0,-0.5961797873331073,1,0.0,1,0.9964897938157649,0,1,1,0,0,0,0,0,0,1,0,1,0,0,0,1,0,0,0,1,2
1,2.235112188621971,0,0,-1.1257334802128074,1,0.0,1,0.6807100867153909,0,0,1,0,0,0,0,1,0,0,0,0,0,0,0,1,0,1,0,0,2
0,-0.4474048350192824,0,1,-1.288673078021946,1,0.0,1,0.28349245515228877,0,0,1,0,0,1,0,0,0,0,0,0,0,0,0,0,0,0,1,0,2
1,2.235112188621971,0,0,0.7480718945922853,1,1.0,0,-1.3319700464348874,0,1,0,1,1,0,1,0,1,0,1,0,1,0,1,0,0,0,0,2,0
1,-0.4474048350192824,1,0,1.5220349841856933,1,2.0,1,0.762148011178119,0,1,1,0,0,1,0,1,0,0,0,1,0,0,0,0,1,0,0,2,2
0,-0.4474048350192824,0,1,-0.840589184046815,1,0.0,1,0.6308501329627002,0,1,1,0,0,0,0,0,0,0,0,0,0,1,0,0,0,1,0,0,2
0,-0.4474048350192824,1,0,1.114685989662847,1,0.0,1,1.3654534515856758,0,1,1,0,0,0,0,1,0,1,0,0,0,1,0,1,0,1,0,2,2
1,2.235112188621971,1,0,0.17778330226030056,1,0.0,1,0.2386184967748674,0,0,1,0,0,0,0,0,0,0,0,0,0,0,0,0,0,0,0,2,2
1,-0.4474048350192824,0,0,-0.6776495862376766,1,0.0,0,-1.4898598999850743,0,0,0,1,1,0,1,0,1,0,1,0,1,0,1,0,0,0,0,1,0
1,-0.4474048350192824,0,0,-0.8813240834990996,1,0.0,0,-0.6605226692319869,0,0,0,0,0,0,0,0,0,0,0,0,0,0,0,0,1,0,0,0,1
0,-0.4474048350192824,0,0,-1.0442636813082382,1,0.0,1,1.0064617845663029,0,0,1,0,0,0,0,0,0,1,0,0,0,1,0,1,0,1,0,0,2
0,-0.4474048350192824,0,0,1.1554208891151316,1,2.0,1,1.3804114377114827,0,1,1,0,0,0,0,0,0,1,0,1,0,1,0,1,0,1,0,2,2
1,-0.4474048350192824,1,0,-0.4332401895239688,1,1.0,1,-0.17688111783088784,0,0,0,0,0,1,0,0,0,0,0,0,0,1,0,0,0,0,0,1,1
0,-0.4474048350192824,1,1,-0.025891195001122566,1,0.0,1,1.1228016766559143,0,1,1,0,0,0,0,1,0,0,0,0,0,1,0,1,0,1,0,2,2
1,-0.4474048350192824,0,0,-0.5147099884285381,1,0.0,1,-0.4411388727201483,0,0,0,0,0,0,0,1,0,0,0,0,0,0,0,0,0,0,1,1,1
0,-0.4474048350192824,1,1,-0.9220589829513843,1,0.0,1,0.014248704887759566,0,0,0,0,0,0,0,1,0,0,0,1,0,0,0,1,0,1,0,0,1
0,-0.4474048350192824,1,1,1.0739510902105622,1,2.0,0,-1.5147898768614196,0,0,0,1,1,0,1,0,1,0,1,0,1,0,1,0,1,0,0,2,0
1,-0.4474048350192824,0,0,-1.2072032791173766,1,0.0,1,-1.5048178861108816,0,0,0,1,1,0,1,0,1,0,1,0,1,0,1,0,0,0,1,0,0
0,-0.4474048350192824,0,0,-1.288673078021946,1,0.0,1,-1.308702068016965,0,1,0,1,1,0,1,0,1,0,1,0,1,0,1,0,0,1,0,0,0
0,-0.4474048350192824,1,0,-0.3517703906193996,1,0.0,1,0.3433243996555179,0,1,1,0,0,0,0,0,0,0,0,0,0,0,0,0,1,0,0,1,2
0,-0.4474048350192824,0,0,-0.06662609445340718,0,2.0,1,-0.5059568125986459,1,0,0,0,0,1,0,1,0,0,0,1,0,0,0,1,0,0,0,2,1
0,2.235112188621971,1,1,-0.39250529007168417,1,0.0,1,0.7771059973039263,0,0,1,0,0,0,0,1,0,1,0,0,0,0,0,1,0,0,0,1,2
1,-0.4474048350192824,0,0,1.6035047830902625,1,2.0,0,0.7172740528006976,0,1,0,0,0,1,0,1,0,1,0,1,0,1,0,1,0,0,0,2,2
1,-0.4474048350192824,0,0,-1.288673078021946,0,0.0,0,-1.1940241743857767,1,0,0,0,0,0,0,0,0,0,0,1,0,0,0,0,0,0,1,0,0
1,-0.4474048350192824,1,0,1.6035047830902625,1,2.0,0,-1.4749019138592672,0,0,0,1,1,0,1,0,1,0,1,0,1,0,1,0,0,0,0,2,0
0,-0.4474048350192824,0,0,-1.2479381785696613,1,0.0,1,0.7039780651333133,0,0,1,0,0,1,0,1,0,0,0,1,0,0,0,0,0,1,0,0,2
0,-0.4474048350192824,1,0,-0.2703005917148303,1,1.0,0,-1.298730077266427,0,1,0,1,1,0,1,0,1,0,1,0,1,0,1,0,0,0,1,2,0
0,-0.4474048350192824,1,1,-1.0849985807605227,1,0.0,1,-0.5358727848502602,0,1,0,0,0,0,0,0,0,0,0,0,0,0,0,0,1,0,0,0,1
1,-0.4474048350192824,0,0,0.09631350335573131,1,0.0,0,1.0114477799415722,0,1,1,0,0,0,0,0,0,1,0,1,0,1,0,0,0,1,0,2,2
0,-0.4474048350192824,1,0,1.6035047830902625,1,1.0,1,1.4684973560079029,0,1,1,0,0,0,0,1,0,1,0,1,0,1,0,1,0,1,0,2,2
1,-0.4474048350192824,0,0,-0.8813240834990996,0,0.0,1,-0.977964374790784,1,0,0,0,0,0,0,1,0,0,0,1,0,0,0,0,0,1,0,0,1
0,-0.4474048350192824,0,0,0.34072290006943906,1,0.0,1,0.5394402177494341,0,1,1,0,0,1,0,0,0,0,0,0,0,0,0,0,1,0,0,2,2
1,-0.4474048350192824,0,0,-1.166468379665092,1,0.0,1,-0.6372546908140647,0,0,0,0,0,0,0,0,0,0,0,0,0,0,0,0,0,1,0,0,1
1,-0.4474048350192824,0,1,-0.06662609445340718,1,1.0,1,0.4779462747877825,0,1,0,0,0,0,0,1,0,0,0,1,0,1,0,1,0,0,1,2,2
1,2.235112188621971,1,0,-0.8813240834990996,1,0.0,1,0.17047655997952363,0,0,1,0,0,0,0,0,0,0,0,0,0,0,0,0,0,1,0,0,2
0,-0.4474048350192824,0,0,0.05557860390344668,1,0.0,1,0.16382856614583144,0,0,1,0,0,0,0,0,0,0,0,0,0,0,0,0,1,0,0,2,1
0,-0.4474048350192824,1,1,0.7073369951400007,1,1.0,1,0.4978902562888586,0,1,0,0,0,1,0,1,0,1,0,1,0,0,0,1,0,0,0,2,2
1,-0.4474048350192824,0,0,-1.0442636813082382,1,0.0,1,-1.3303080479764644,0,1,0,1,1,0,1,0,1,0,1,0,1,0,1,0,0,0,0,0,0
0,-0.4474048350192824,0,0,-1.0035287818559535,1,0.0,1,0.31673242432074916,0,1,1,0,0,0,0,0,0,0,0,0,0,0,0,0,1,0,0,0,2
1,-0.4474048350192824,0,0,-0.2295656922625457,1,1.0,0,0.142222586186332,0,0,0,0,0,1,0,0,0,1,0,1,0,1,0,0,1,0,0,2,1
0,-0.4474048350192824,0,0,-1.288673078021946,1,0.0,0,-1.4865359030682284,0,0,0,1,1,0,1,0,1,0,1,0,1,0,1,0,0,0,1,0,0
0,-0.4474048350192824,1,1,1.6035047830902625,1,1.0,1,1.2673955425387176,0,1,1,0,0,0,0,1,0,1,0,0,0,1,0,1,1,0,0,2,2
0,-0.4474048350192824,0,0,-0.7183844856899612,1,0.0,1,1.1660136365749132,0,1,1,0,0,0,0,1,0,0,0,0,0,1,0,1,0,1,0,1,2
1,2.235112188621971,0,0,1.5627698836379778,1,1.0,0,1.3521574639182914,0,1,1,0,0,0,0,1,0,0,0,1,0,1,0,1,0,0,0,2,2
0,-0.4474048350192824,0,0,-1.288673078021946,1,0.0,1,-1.5280858645288038,0,0,0,1,1,0,1,0,1,0,1,0,1,0,1,0,0,0,1,0,0
1,-0.4474048350192824,0,0,0.05557860390344668,1,1.0,0,-0.26995303150257693,0,0,0,0,0,1,0,0,0,1,0,0,0,0,0,0,0,0,1,2,1
0,-0.4474048350192824,1,0,-1.0442636813082382,1,0.0,0,0.5377782192910111,0,0,0,0,0,1,0,0,0,1,0,1,0,1,0,1,0,0,0,0,2
1,-0.4474048350192824,0,0,-1.166468379665092,1,1.0,0,-1.5081418830277276,0,0,0,1,1,0,1,0,1,0,1,0,1,0,1,0,0,0,1,0,0
1,-0.4474048350192824,1,1,-1.0442636813082382,1,0.0,0,-0.6754806553577941,0,0,0,0,0,0,0,0,0,0,0,0,0,0,0,0,0,1,0,0,1
1,-0.4474048350192824,0,0,-1.2072032791173766,1,0.0,0,-0.38795492205061155,0,0,0,0,0,0,0,0,0,0,0,0,0,1,0,0,1,0,0,0,1
0,2.235112188621971,0,0,-1.1257334802128074,1,0.0,1,0.3483103950307867,0,0,1,0,0,0,0,0,0,1,0,0,0,0,0,0,1,0,0,0,2
0,-0.4474048350192824,0,0,-0.39250529007168417,1,0.0,1,0.33002841198813354,0,0,1,0,0,1,0,0,0,0,0,0,0,0,0,0,0,0,0,1,2
1,-0.4474048350192824,0,0,0.7480718945922853,1,2.0,0,-1.4832119061513822,0,0,0,1,1,0,1,0,1,0,1,0,1,0,1,0,0,0,1,2,0
1,-0.4474048350192824,0,0,1.3998302858288394,1,2.0,0,1.6995151417287029,0,1,1,0,0,1,0,1,0,1,0,1,0,1,0,1,1,0,0,2,2
0,-0.4474048350192824,0,0,0.09631350335573131,0,0.0,0,-1.3602240202280789,1,0,0,0,0,0,0,0,0,0,0,0,0,0,0,0,0,1,0,2,0
1,-0.4474048350192824,0,0,-1.288673078021946,1,0.0,0,-1.4848739046098054,0,0,0,1,1,0,1,0,1,0,1,0,1,0,1,0,0,0,1,0,0
0,-0.4474048350192824,1,1,-0.10736099390569181,0,0.0,0,-0.4610828542212243,1,0,0,0,0,0,0,0,0,0,0,1,0,1,0,1,1,0,0,2,1
1,-0.4474048350192824,0,0,-1.2479381785696613,1,0.0,1,0.2718584659433278,0,1,1,0,0,0,0,0,0,0,0,0,0,0,0,0,1,0,0,0,2
1,-0.4474048350192824,1,1,-0.7183844856899612,1,1.0,1,-1.5147898768614196,0,0,0,1,1,0,1,0,1,0,1,0,1,0,1,0,0,0,1,1,0
1,-0.4474048350192824,1,1,-0.7183844856899612,1,0.0,1,-1.4981698922771896,0,0,0,1,1,0,1,0,1,0,1,0,1,0,1,0,0,1,0,1,0
1,-0.4474048350192824,1,0,0.46292759842629294,0,2.0,0,-0.3580389497989972,1,0,0,0,0,0,0,1,0,1,0,0,0,1,0,1,0,0,0,2,1
0,-0.4474048350192824,0,1,-1.2072032791173766,1,0.0,1,-0.3314469744642287,0,0,0,0,0,1,0,0,0,0,0,1,0,0,0,0,0,0,1,0,1
1,-0.4474048350192824,1,1,-1.288673078021946,1,0.0,1,0.16382856614583144,0,0,1,0,0,0,0,0,0,0,0,0,0,0,0,0,0,1,0,0,1
1,-0.4474048350192824,1,0,0.7888067940445699,0,0.0,1,-0.8366945058248272,1,0,0,0,0,1,0,0,0,0,0,0,0,0,0,1,0,1,0,2,1
0,-0.4474048350192824,1,0,0.7073369951400007,1,1.0,1,1.30728350554087,0,1,1,0,0,1,0,0,0,1,0,0,0,1,0,1,0,0,1,2,2
1,-0.4474048350192824,0,0,-1.288673078021946,1,0.0,1,-0.7369745983194459,0,0,0,0,0,0,0,0,0,0,0,0,0,0,0,0,0,1,0,0,1
1,-0.4474048350192824,0,0,-0.7183844856899612,1,0.0,0,1.0180957737752643,0,1,1,0,0,0,0,1,0,0,0,1,0,0,0,1,0,1,0,1,2
0,-0.4474048350192824,0,1,1.1961557885674161,1,2.0,0,-1.298730077266427,0,1,0,1,1,0,1,0,1,0,1,0,1,0,1,0,0,0,0,2,0
1,-0.4474048350192824,1,1,1.6035047830902625,1,2.0,1,1.4169754037967894,0,1,1,0,0,1,0,1,0,0,0,1,0,1,0,1,1,0,0,2,2
0,-0.4474048350192824,0,1,0.5443973973308622,1,1.0,1,1.3338754808756383,0,0,1,0,0,1,0,1,0,0,0,1,0,1,0,1,0,0,0,2,2
1,-0.4474048350192824,1,0,1.2368906880197008,1,2.0,0,0.0724186509325653,0,1,0,0,0,0,0,1,0,0,0,1,0,0,0,1,0,0,1,2,1
1,-0.4474048350192824,0,0,-1.288673078021946,1,0.0,1,-1.5064798845693046,0,0,0,1,1,0,1,0,1,0,1,0,1,0,1,0,1,0,0,0,0
1,2.235112188621971,0,0,-1.288673078021946,1,0.0,0,-1.4965078938187666,0,0,0,1,1,0,1,0,1,0,1,0,1,0,1,0,0,0,1,0,0
0,2.235112188621971,0,0,1.2368906880197008,1,1.0,0,0.5959481653358168,0,1,0,0,0,1,0,1,0,1,0,1,0,1,0,0,0,0,0,2,2
0,-0.4474048350192824,1,1,1.5627698836379778,1,2.0,1,0.5627081961673565,0,0,0,0,0,1,0,0,0,1,0,1,0,1,0,1,1,0,0,2,2
0,2.235112188621971,1,0,1.5220349841856933,1,2.0,1,-1.5131278784029967,0,0,0,1,1,0,1,0,1,0,1,0,1,0,1,0,1,0,0,2,0
1,-0.4474048350192824,0,0,-0.39250529007168417,1,0.0,1,1.2956495163319086,0,1,1,0,0,0,0,0,0,1,0,1,0,1,0,1,0,0,1,1,2
1,-0.4474048350192824,1,1,0.7073369951400007,1,0.0,0,1.3588054577519837,0,1,1,0,0,1,0,0,0,1,0,0,0,1,0,1,1,0,0,2,2
0,-0.4474048350192824,0,1,0.17778330226030056,1,1.0,0,-1.4881979015266515,0,0,0,1,1,0,1,0,1,0,1,0,1,0,1,0,0,0,0,2,0
1,-0.4474048350192824,1,1,-0.7183844856899612,1,1.0,0,1.224183582619719,0,0,1,0,0,1,0,0,0,0,0,1,0,1,0,1,0,1,0,1,2
1,-0.4474048350192824,0,0,-1.0442636813082382,1,0.0,1,0.9566018308136123,0,1,1,0,0,0,0,0,0,0,0,0,0,1,0,1,0,1,0,0,2
0,-0.4474048350192824,0,0,-1.166468379665092,1,0.0,1,0.9748838138562659,0,0,1,0,0,1,0,0,0,1,0,1,0,0,0,1,0,0,0,0,2
0,-0.4474048350192824,1,1,-0.39250529007168417,1,0.0,0,0.6225401406705852,0,0,1,0,0,0,0,1,0,1,0,1,0,0,0,0,0,1,0,1,2
0,-0.4474048350192824,0,0,0.21851820171258518,1,0.0,0,0.10233462318417987,0,1,0,0,0,0,0,1,0,0,0,1,0,0,0,1,1,0,0,2,1
1,-0.4474048350192824,0,0,-1.288673078021946,1,0.0,1,0.5145102408730887,0,0,1,0,0,0,0,0,0,0,0,0,0,1,0,0,0,1,0,0,2
1,-0.4474048350192824,0,0,-0.3517703906193996,1,1.0,0,-0.34806695904845897,0,1,0,0,0,0,0,0,0,0,0,1,0,0,0,0,0,0,0,1,1
1,2.235112188621971,0,0,-1.0442636813082382,0,0.0,1,-0.6871146445667553,1,0,0,0,0,0,0,1,0,0,0,1,0,0,0,1,0,1,0,0,1
0,-0.4474048350192824,1,1,1.5220349841856933,1,2.0,1,1.5000753267179403,0,1,1,0,0,0,0,1,0,1,0,1,0,1,0,1,0,1,0,2,2
0,2.235112188621971,1,0,-0.5554448878808227,1,0.0,1,0.993165796898919,0,1,1,0,0,0,0,0,0,0,0,0,0,1,0,1,0,1,0,1,2
1,-0.4474048350192824,0,0,-0.31103549116711493,1,1.0,0,-1.5014938891940355,0,0,0,1,1,0,1,0,1,0,1,0,1,0,1,0,1,0,0,2,0
0,-0.4474048350192824,1,0,0.34072290006943906,1,1.0,1,0.7023160666748903,0,0,1,0,0,0,0,1,0,1,0,1,0,0,0,0,0,0,0,2,2
0,-0.4474048350192824,1,0,1.6035047830902625,1,2.0,1,1.4984133282595173,0,1,1,0,0,0,0,1,0,1,0,1,0,1,0,1,0,1,0,2,2
0,-0.4474048350192824,0,0,0.4221926989740083,1,2.0,1,-1.308702068016965,0,1,0,1,1,0,1,0,1,0,1,0,1,0,1,0,1,0,0,2,0
0,-0.4474048350192824,0,0,0.09631350335573131,1,0.0,1,-0.09876719028500582,0,0,0,0,0,0,0,0,0,1,0,0,0,0,0,1,0,1,0,2,1
1,-0.4474048350192824,1,1,0.09631350335573131,1,1.0,0,-1.4965078938187666,0,0,0,1,1,0,1,0,1,0,1,0,1,0,1,0,0,0,0,2,0
1,-0.4474048350192824,0,0,-0.9627938824036689,1,1.0,1,-1.5014938891940355,0,0,0,1,1,0,1,0,1,0,1,0,1,0,1,0,0,1,0,0,0
1,2.235112188621971,0,0,1.4405651852811239,1,2.0,1,-1.4981698922771896,0,0,0,1,1,0,1,0,1,0,1,0,1,0,1,0,1,0,0,2,0
0,-0.4474048350192824,1,0,0.2592531011648698,0,0.0,0,-0.3048549991294605,1,0,0,0,0,1,0,0,0,1,0,0,0,1,0,1,0,1,0,2,1
1,-0.4474048350192824,0,0,-0.9220589829513843,1,0.0,0,0.1688145615211007,0,0,1,0,0,0,0,0,0,0,0,0,0,0,0,0,0,0,1,0,2
1,-0.4474048350192824,0,0,0.13704840280801595,1,1.0,1,0.010924707970913713,0,0,0,0,0,0,0,1,0,0,0,1,0,0,0,1,0,0,1,2,1
0,-0.4474048350192824,0,0,-0.14809589335797643,0,0.0,1,-1.145826219091509,1,0,0,0,0,0,0,1,0,0,0,0,0,0,0,0,0,1,0,2,0
0,-0.4474048350192824,1,1,-0.5554448878808227,1,0.0,1,-0.514266804890761,0,0,0,0,0,0,0,0,0,1,0,0,0,0,0,0,0,0,0,1,1
0,2.235112188621971,0,0,-0.2703005917148303,1,0.0,1,0.9948277953573419,0,1,1,0,0,1,0,1,0,0,0,0,0,0,0,1,0,1,0,2,2
1,-0.4474048350192824,0,0,-0.4332401895239688,1,0.0,1,0.45800229328670594,0,1,1,0,0,0,0,1,0,0,0,0,0,0,0,0,0,0,1,1,2
0,-0.4474048350192824,1,1,-1.0442636813082382,1,0.0,1,0.13058859697737102,0,0,1,0,0,0,0,0,0,0,0,0,0,0,0,0,0,1,0,0,1
1,-0.4474048350192824,0,0,-1.0442636813082382,1,0.0,0,-1.523099869153535,0,0,0,1,1,0,1,0,1,0,1,0,1,0,1,0,0,1,0,0,0
0,-0.4474048350192824,0,0,-1.0035287818559535,1,2.0,0,-1.469915918483998,0,0,0,1,1,0,1,0,1,0,1,0,1,0,1,0,0,0,1,0,0
0,-0.4474048350192824,1,1,1.0739510902105622,1,2.0,1,0.3782263672824012,0,1,0,0,0,1,0,0,0,1,0,1,0,1,0,0,0,0,1,2,2
1,-0.4474048350192824,0,0,-1.166468379665092,1,0.0,1,0.32338041815444135,0,0,1,0,0,0,0,0,0,1,0,0,0,0,0,0,0,0,0,0,2
0,2.235112188621971,0,0,0.46292759842629294,1,1.0,0,0.3250424166128643,0,0,0,0,0,0,0,0,0,1,0,1,0,1,0,1,0,0,0,2,2
0,-0.4474048350192824,1,0,1.6035047830902625,1,2.0,1,1.4984133282595173,0,1,1,0,0,1,0,0,0,1,0,1,0,1,0,1,1,0,0,2,2
1,-0.4474048350192824,1,0,1.2368906880197008,1,2.0,1,-1.4998318907356125,0,0,0,1,1,0,1,0,1,0,1,0,1,0,1,0,0,0,0,2,0
1,2.235112188621971,1,0,0.46292759842629294,1,0.0,1,0.8020359741802716,0,1,1,0,0,0,0,0,0,1,0,0,0,1,0,0,0,1,0,2,2
0,-0.4474048350192824,1,1,-0.14809589335797643,1,2.0,0,-1.4915218984434973,0,0,0,1,1,0,1,0,1,0,1,0,1,0,1,0,0,0,1,2,0
1,2.235112188621971,1,1,1.6035047830902625,1,2.0,1,1.2973115147903316,0,0,1,0,0,1,0,0,0,1,0,1,0,1,0,1,1,0,0,2,2
0,-0.4474048350192824,0,1,-0.7998542845945305,1,2.0,0,0.7937259818881565,0,1,0,0,0,1,0,1,0,1,0,1,0,1,0,1,1,0,0,1,2
0,-0.4474048350192824,0,0,-1.0849985807605227,1,0.0,1,1.1593656427412211,0,0,1,0,0,0,0,0,0,1,0,1,0,1,0,1,0,0,1,0,2
1,2.235112188621971,0,0,-1.0035287818559535,1,0.0,1,0.31340842740390334,0,0,1,0,0,0,0,1,0,0,0,0,0,0,0,0,0,1,0,0,2
1,-0.4474048350192824,0,0,-0.840589184046815,1,0.0,0,-0.27992502225311516,0,0,0,0,0,1,0,0,0,0,0,1,0,0,0,0,0,0,1,0,1
0,-0.4474048350192824,1,1,0.17778330226030056,1,0.0,1,0.9998137907326111,0,1,1,0,0,0,0,1,0,1,0,0,0,0,0,1,0,1,0,2,2
1,-0.4474048350192824,0,0,-1.288673078021946,1,0.0,0,-1.4965078938187666,0,0,0,1,1,0,1,0,1,0,1,0,1,0,1,0,0,0,1,0,0
1,-0.4474048350192824,1,0,-1.2072032791173766,0,0.0,0,-1.3319700464348874,1,0,0,0,0,0,0,0,0,0,0,0,0,0,0,0,0,0,1,0,0
0,-0.4474048350192824,0,1,-1.0442636813082382,0,0.0,0,-1.1724181944262775,1,0,0,0,0,1,0,0,0,0,0,0,0,0,0,0,0,0,1,0,0
1,-0.4474048350192824,1,1,-0.06662609445340718,1,1.0,0,1.096209701321146,0,1,1,0,0,1,0,0,0,1,0,0,0,1,0,0,0,0,0,2,2
0,-0.4474048350192824,0,0,0.7073369951400007,1,2.0,1,0.8186559587645018,0,0,1,0,0,0,0,0,0,1,0,1,0,0,0,1,0,0,0,2,2
1,-0.4474048350192824,0,0,1.2368906880197008,1,1.0,0,-1.4815499076929592,0,0,0,1,1,0,1,0,1,0,1,0,1,0,1,0,0,0,1,2,0
1,-0.4474048350192824,1,1,-0.840589184046815,0,0.0,0,-0.982950370166053,1,0,0,0,0,0,0,1,0,0,0,1,0,0,0,0,0,0,1,0,1
0,-0.4474048350192824,1,1,0.014843704451162058,1,2.0,0,-1.5048178861108816,0,0,0,1,1,0,1,0,1,0,1,0,1,0,1,0,1,0,0,2,0
1,-0.4474048350192824,1,1,-0.5961797873331073,0,0.0,0,-1.3136880633922343,1,0,0,0,0,0,0,0,0,0,0,0,0,0,0,0,1,0,0,1,0
0,2.235112188621971,0,0,-0.2703005917148303,1,0.0,1,0.0325306879304127,0,1,0,0,0,0,0,0,0,0,0,1,0,0,0,1,0,1,0,2,1
0,-0.4474048350192824,1,1,-1.1257334802128074,1,0.0,1,0.5244822316236268,0,0,1,0,0,0,0,0,0,0,0,0,0,1,0,0,0,1,0,0,2
0,2.235112188621971,0,0,-0.636914686785392,1,1.0,0,-1.4765639123176904,0,0,0,1,1,0,1,0,1,0,1,0,1,0,1,0,0,0,1,1,0
1,-0.4474048350192824,0,0,-1.0442636813082382,1,0.0,1,0.8435859356408472,0,1,1,0,0,0,0,0,0,1,0,0,0,1,0,0,0,1,0,0,2
1,-0.4474048350192824,0,0,0.21851820171258518,1,1.0,1,1.322241491666677,0,1,1,0,0,1,0,1,0,0,0,0,0,1,0,1,0,1,0,2,2
1,-0.4474048350192824,1,1,0.9110114924014238,1,2.0,0,-1.4815499076929592,0,0,0,1,1,0,1,0,1,0,1,0,1,0,1,0,0,0,1,2,0
0,2.235112188621971,1,0,0.6258671962354314,1,0.0,1,0.18543454610533092,0,0,1,0,0,0,0,0,0,0,0,0,0,0,0,0,0,0,0,2,2
0,2.235112188621971,0,0,-0.2703005917148303,1,0.0,1,0.689020079007506,0,0,1,0,0,1,0,0,0,0,0,0,0,1,0,0,1,0,0,2,2
0,-0.4474048350192824,0,0,-0.8813240834990996,1,1.0,0,-1.4965078938187666,0,0,0,1,1,0,1,0,1,0,1,0,1,0,1,0,1,0,0,0,0
0,-0.4474048350192824,0,0,-0.8813240834990996,1,1.0,0,-1.3253220526011953,0,1,0,1,1,0,1,0,1,0,1,0,1,0,1,0,0,1,0,0,0
0,-0.4474048350192824,0,0,0.46292759842629294,1,0.0,1,0.7671340065533883,0,0,1,0,0,0,0,1,0,1,0,0,0,1,0,0,1,0,0,2,2
1,-0.4474048350192824,1,0,1.1554208891151316,1,1.0,1,0.4895802639967435,0,1,0,0,0,0,0,1,0,1,0,0,0,1,0,1,0,1,0,2,2
1,-0.4474048350192824,1,0,-1.1257334802128074,1,0.0,1,0.6757240913401221,0,1,1,0,0,0,0,1,0,0,0,1,0,0,0,0,0,1,0,0,2
1,-0.4474048350192824,1,1,-0.18883079281026105,1,1.0,0,0.9017558816856528,0,1,1,0,0,0,0,0,0,0,0,0,0,1,0,1,0,0,0,2,2
1,2.235112188621971,1,1,1.5627698836379778,1,1.0,1,0.7189360512591205,0,0,1,0,0,1,0,1,0,1,0,0,0,0,0,0,0,0,0,2,2
0,-0.4474048350192824,0,0,-1.288673078021946,1,0.0,0,-1.468253920025575,0,0,0,1,1,0,1,0,1,0,1,0,1,0,1,0,0,0,1,0,0
1,-0.4474048350192824,1,0,1.4813000847334086,1,1.0,1,1.4003554192125591,0,1,1,0,0,1,0,1,0,1,0,1,0,0,0,1,1,0,0,2,2
1,-0.4474048350192824,1,0,1.5627698836379778,1,1.0,1,1.4801313452168638,0,1,1,0,0,1,0,1,0,1,0,0,0,1,0,1,0,1,0,2,2
1,2.235112188621971,1,1,1.1554208891151316,1,1.0,0,1.1277876720311837,0,1,1,0,0,0,0,1,0,0,0,0,0,1,0,1,0,1,0,2,2
0,-0.4474048350192824,1,0,0.8295416934968546,1,1.0,1,1.553259277387477,0,1,1,0,0,0,0,1,0,1,0,1,0,1,0,1,0,0,0,2,2
0,-0.4474048350192824,1,1,1.6035047830902625,0,2.0,0,0.020896698721451744,1,0,0,0,0,1,0,1,0,1,0,1,0,1,0,1,0,0,0,2,1
1,-0.4474048350192824,1,0,1.31836048692427,1,0.0,1,1.3022975101656007,0,1,1,0,0,1,0,0,0,1,0,0,0,1,0,1,0,1,0,2,2
0,-0.4474048350192824,1,1,0.3814577995217237,1,2.0,0,-1.4981698922771896,0,0,0,1,1,0,1,0,1,0,1,0,1,0,1,0,0,0,1,2,0
0,2.235112188621971,0,0,-0.06662609445340718,1,0.0,1,1.1593656427412211,0,1,1,0,0,0,0,1,0,0,0,0,0,1,0,1,0,1,0,2,2
1,-0.4474048350192824,0,0,0.014843704451162058,1,2.0,0,-1.4865359030682284,0,0,0,1,1,0,1,0,1,0,1,0,1,0,1,0,0,0,1,2,0
1,-0.4474048350192824,0,0,1.1961557885674161,1,1.0,1,1.0529977414021476,0,1,1,0,0,0,0,0,0,1,0,0,0,1,0,1,0,1,0,2,2
0,-0.4474048350192824,1,0,1.6035047830902625,1,2.0,0,0.6657521005895836,0,0,0,0,0,1,0,1,0,1,0,1,0,1,0,1,0,0,1,2,2
0,-0.4474048350192824,0,0,-1.166468379665092,1,0.0,1,0.1688145615211007,0,0,1,0,0,0,0,0,0,0,0,0,0,0,0,0,0,1,0,0,2
1,-0.4474048350192824,0,0,-1.288673078021946,1,0.0,1,-0.5242387956412993,0,0,0,0,0,0,0,0,0,0,0,1,0,0,0,0,0,1,0,0,1
0,-0.4474048350192824,0,0,-0.47397508897625346,1,1.0,1,-0.16026113324665764,0,0,0,0,0,1,0,0,0,1,0,1,0,0,0,0,0,1,0,1,1
0,-0.4474048350192824,1,1,0.5851322967831468,1,2.0,0,-1.4965078938187666,0,0,0,1,1,0,1,0,1,0,1,0,1,0,1,0,1,0,0,2,0
1,-0.4474048350192824,0,0,-1.288673078021946,1,0.0,1,0.34498639811394083,0,1,1,0,0,0,0,0,0,0,0,0,0,0,0,0,0,1,0,0,2
0,-0.4474048350192824,0,0,0.13704840280801595,1,1.0,1,0.18709654456375382,0,1,0,0,0,0,0,1,0,0,0,1,0,0,0,1,0,0,1,2,2
1,-0.4474048350192824,0,0,-1.0442636813082382,1,0.0,0,-0.33975696675634387,0,0,0,0,0,0,0,0,0,0,0,0,0,1,0,0,0,0,1,0,1
0,-0.4474048350192824,0,0,-1.2479381785696613,1,0.0,0,0.5211582347067809,0,0,1,0,0,0,0,0,0,0,0,0,0,0,0,1,0,1,0,0,2
1,2.235112188621971,0,0,-1.2072032791173766,1,0.0,1,1.327227487041946,0,1,1,0,0,0,0,1,0,1,0,0,0,1,0,1,0,1,0,0,2
0,2.235112188621971,0,0,0.4221926989740083,0,0.0,1,-1.0510923069613967,1,0,0,0,0,1,0,1,0,0,0,0,0,0,0,0,1,0,0,2,0
1,-0.4474048350192824,1,1,1.4405651852811239,1,2.0,1,1.1460696550738367,0,0,1,0,0,1,0,0,0,0,0,1,0,1,0,1,0,1,0,2,2
0,-0.4474048350192824,1,1,1.6035047830902625,1,1.0,1,1.298973513248755,0,1,1,0,0,1,0,1,0,0,0,0,0,1,0,1,0,1,0,2,2
0,-0.4474048350192824,1,1,1.6035047830902625,0,2.0,1,0.0042767141372215345,1,0,0,0,0,1,0,1,0,1,0,1,0,1,0,1,1,0,0,2,1
1,-0.4474048350192824,1,1,-0.18883079281026105,1,0.0,0,0.677386089798545,0,0,1,0,0,0,0,0,0,1,0,0,0,1,0,0,0,1,0,2,2
0,-0.4474048350192824,1,0,-0.06662609445340718,1,0.0,1,0.624202139129008,0,0,1,0,0,0,0,1,0,0,0,0,0,0,0,1,0,0,0,2,2
0,-0.4474048350192824,1,0,-0.47397508897625346,1,0.0,1,0.7122880574254283,0,1,1,0,0,0,0,0,0,0,0,0,0,0,0,1,0,1,0,1,2
1,-0.4474048350192824,1,1,0.5036624978785775,1,1.0,0,0.4546782963698601,0,1,0,0,0,0,0,1,0,1,0,0,0,1,0,1,1,0,0,2,2
1,-0.4474048350192824,0,0,-1.288673078021946,1,0.0,0,-1.4898598999850743,0,0,0,1,1,0,1,0,1,0,1,0,1,0,1,0,0,0,1,0,0
0,-0.4474048350192824,1,1,1.6035047830902625,1,2.0,1,1.4485533745068269,0,0,1,0,0,1,0,1,0,1,0,1,0,1,0,1,0,0,0,2,2
0,-0.4474048350192824,1,0,0.9110114924014238,1,1.0,1,0.833613944890309,0,1,0,0,0,1,0,1,0,1,0,1,0,1,0,1,0,1,0,2,2
1,-0.4474048350192824,0,0,-0.3517703906193996,1,0.0,1,0.8236419541397706,0,1,1,0,0,0,0,0,0,1,0,0,0,1,0,0,0,0,1,1,2
0,-0.4474048350192824,0,0,-0.5961797873331073,1,0.0,1,1.0297297629842252,0,0,1,0,0,1,0,0,0,0,0,0,0,1,0,1,0,1,0,1,2
1,-0.4474048350192824,1,1,-0.8813240834990996,1,2.0,0,-1.5098038814861507,0,0,0,1,1,0,1,0,1,0,1,0,1,0,1,0,0,0,1,0,0
0,-0.4474048350192824,1,1,-0.9627938824036689,1,0.0,0,-0.0023712796964706438,0,0,0,0,0,1,0,1,0,1,0,1,0,0,0,0,0,0,1,0,1
0,-0.4474048350192824,1,0,1.5627698836379778,0,1.0,0,0.057460664806758016,1,0,0,0,0,1,0,1,0,1,0,1,0,1,0,1,0,0,0,2,1
1,-0.4474048350192824,1,0,-0.7998542845945305,0,0.0,1,-0.35305295442372797,1,0,0,0,0,1,0,0,0,0,0,1,0,1,0,1,0,1,0,1,1
1,2.235112188621971,0,0,0.992481291305993,1,2.0,0,0.9532778338967663,0,1,1,0,0,1,0,0,0,0,0,1,0,0,0,1,0,1,0,2,2
0,-0.4474048350192824,1,0,-0.39250529007168417,1,0.0,1,0.2851544536107122,0,1,0,0,0,0,0,0,0,0,0,1,0,1,0,1,1,0,0,1,2
0,-0.4474048350192824,1,0,0.7888067940445699,1,0.0,1,1.328889485500369,0,1,1,0,0,0,0,1,0,1,0,0,0,1,0,1,0,1,0,2,2
0,-0.4474048350192824,0,0,1.5220349841856933,1,1.0,0,1.1244636751143378,0,1,1,0,0,0,0,1,0,0,0,0,0,1,0,1,0,1,0,2,2
0,-0.4474048350192824,1,1,-1.166468379665092,1,0.0,0,-0.4727168434301855,0,1,0,0,0,0,0,0,0,0,0,0,0,0,0,0,0,0,1,0,1
0,-0.4474048350192824,0,0,-0.7183844856899612,1,0.0,0,1.330551483958792,0,0,1,0,0,1,0,0,0,1,0,1,0,1,0,1,0,1,0,1,2
0,-0.4474048350192824,1,1,-0.6776495862376766,1,0.0,0,0.2718584659433278,0,0,1,0,0,0,0,1,0,0,0,0,0,0,0,0,0,0,0,1,2
0,-0.4474048350192824,1,1,-0.4332401895239688,1,0.0,1,0.5012142532057049,0,0,1,0,0,0,0,0,0,0,0,0,0,0,0,1,0,1,0,1,2
1,-0.4474048350192824,1,1,1.2776255874719855,1,0.0,1,0.8884598940182685,0,1,1,0,0,1,0,1,0,1,0,0,0,0,0,0,0,1,0,2,2
1,-0.4474048350192824,0,0,-1.288673078021946,1,0.0,1,-0.17355712091404174,0,1,0,0,0,0,0,0,0,0,0,0,0,1,0,0,0,1,0,0,1
1,-0.4474048350192824,1,0,-0.7183844856899612,1,1.0,0,-1.538057855279342,0,0,0,1,1,0,1,0,1,0,1,0,1,0,1,0,0,0,1,1,0
1,2.235112188621971,0,0,-0.6776495862376766,1,0.0,0,0.1521945769368705,0,0,1,0,0,0,0,0,0,0,0,0,0,0,0,0,0,1,0,1,1
0,2.235112188621971,0,0,-1.2479381785696613,0,0.0,1,-1.1524742129252012,1,0,0,0,0,0,0,0,0,1,0,0,0,0,0,0,0,1,0,0,0
1,-0.4474048350192824,0,0,-0.3517703906193996,1,0.0,1,-0.5159288033491842,0,0,0,0,0,1,0,0,0,0,0,0,0,0,0,0,0,0,0,1,1
1,-0.4474048350192824,0,0,1.3998302858288394,1,2.0,0,-1.4998318907356125,0,0,0,1,1,0,1,0,1,0,1,0,1,0,1,0,0,0,0,2,0
0,-0.4474048350192824,0,0,-0.3517703906193996,1,0.0,1,1.298973513248755,0,1,1,0,0,0,0,1,0,1,0,0,0,1,0,1,0,1,0,1,2
1,2.235112188621971,0,1,0.21851820171258518,1,0.0,1,0.5111862439562429,0,1,1,0,0,1,0,0,0,0,0,0,0,0,0,0,0,0,1,2,2
0,-0.4474048350192824,0,0,-0.2703005917148303,1,1.0,1,0.7338940373849279,0,0,1,0,0,1,0,0,0,1,0,1,0,0,0,0,1,0,0,2,2
0,-0.4474048350192824,1,1,-0.10736099390569181,1,0.0,0,0.040840680222527806,0,0,0,0,0,1,0,0,0,0,0,1,0,0,0,1,0,0,0,2,1
0,-0.4474048350192824,0,0,-0.840589184046815,1,0.0,1,1.1660136365749132,0,1,1,0,0,0,0,0,0,1,0,0,0,1,0,1,0,0,0,0,2
0,2.235112188621971,0,0,-1.288673078021946,1,0.0,1,0.8053599710971174,0,0,1,0,0,0,0,0,0,0,0,0,0,1,0,1,0,1,0,0,2
1,-0.4474048350192824,0,0,1.0739510902105622,1,1.0,1,-0.12369716716135112,0,0,0,0,0,0,0,0,0,1,0,0,0,0,0,1,0,0,0,2,1
1,-0.4474048350192824,1,1,0.34072290006943906,1,0.0,1,0.31507042586232625,0,1,0,0,0,1,0,1,0,1,0,0,0,1,0,0,1,0,0,2,2
1,-0.4474048350192824,0,0,-0.5147099884285381,1,1.0,1,-1.5081418830277276,0,0,0,1,1,0,1,0,1,0,1,0,1,0,1,0,0,0,1,1,0
0,-0.4474048350192824,0,0,-1.166468379665092,1,0.0,0,0.3416624011970945,0,1,1,0,0,0,0,0,0,0,0,0,0,0,0,0,0,1,0,0,2
0,2.235112188621971,0,0,0.2999880006171544,1,0.0,1,0.8801499017261534,0,0,1,0,0,0,0,0,0,0,0,0,0,1,0,1,0,1,0,2,2
0,-0.4474048350192824,1,1,-1.0849985807605227,0,2.0,0,-0.815088525865328,1,0,0,0,0,0,0,1,0,1,0,1,0,0,0,0,0,0,1,0,1
0,-0.4474048350192824,1,1,-0.7591193851422458,1,0.0,0,0.5111862439562429,0,1,0,0,0,0,0,1,0,0,0,1,0,1,0,1,1,0,0,1,2
1,-0.4474048350192824,1,1,-0.5554448878808227,0,0.0,1,-1.0012323532087062,1,0,0,0,0,1,0,1,0,0,0,0,0,0,0,0,0,0,1,1,0
0,-0.4474048350192824,0,0,-1.2479381785696613,1,0.0,0,0.16382856614583144,0,0,1,0,0,0,0,0,0,0,0,0,0,0,0,0,0,0,0,0,1
0,-0.4474048350192824,0,1,-1.0035287818559535,1,0.0,0,-1.4965078938187666,0,0,0,1,1,0,1,0,1,0,1,0,1,0,1,0,0,0,1,0,0
1,-0.4474048350192824,1,1,-0.7591193851422458,1,0.0,0,0.1372365908110632,0,1,0,0,0,1,0,1,0,0,0,0,0,0,0,1,0,0,1,1,1
0,-0.4474048350192824,0,1,-0.31103549116711493,0,2.0,0,-0.9979083562918603,1,0,0,0,0,1,0,0,0,0,0,1,0,0,0,0,0,0,0,2,1
1,-0.4474048350192824,1,0,-0.7591193851422458,1,0.0,1,0.698992069758044,0,1,1,0,0,0,0,0,0,0,0,0,0,1,0,0,0,1,0,1,2
1,-0.4474048350192824,1,0,0.3814577995217237,1,0.0,1,1.1427456581569908,0,1,1,0,0,0,0,1,0,1,0,1,0,0,0,1,0,1,0,2,2
1,-0.4474048350192824,1,1,1.5220349841856933,1,2.0,1,1.1975916072849502,0,0,1,0,0,1,0,1,0,1,0,1,0,1,0,0,1,0,0,2,2
0,-0.4474048350192824,0,0,-1.166468379665092,1,0.0,0,-1.4832119061513822,0,0,0,1,1,0,1,0,1,0,1,0,1,0,1,0,1,0,0,0,0
0,-0.4474048350192824,0,0,-1.288673078021946,1,0.0,1,-1.4898598999850743,0,0,0,1,1,0,1,0,1,0,1,0,1,0,1,0,0,0,1,0,0
1,-0.4474048350192824,0,0,0.46292759842629294,0,1.0,1,-0.36967293900795817,1,0,0,0,0,0,0,1,0,1,0,0,0,1,0,1,0,0,1,2,1
0,-0.4474048350192824,0,0,0.13704840280801595,1,1.0,1,0.3749023703655549,0,0,0,0,0,1,0,1,0,1,0,1,0,1,0,0,0,0,1,2,2
0,-0.4474048350192824,1,1,-0.39250529007168417,1,0.0,1,0.14720858156160124,0,1,0,0,0,0,0,1,0,0,0,1,0,1,0,0,1,0,0,1,1
0,2.235112188621971,0,0,-0.6776495862376766,1,0.0,1,0.6541181113806226,0,1,1,0,0,0,0,0,0,0,0,0,0,1,0,0,0,1,0,1,2
0,-0.4474048350192824,0,0,-0.840589184046815,1,0.0,1,0.4812702717046283,0,1,1,0,0,0,0,0,0,0,0,1,0,0,0,0,1,0,0,0,2
1,-0.4474048350192824,0,1,1.3590953863765547,1,2.0,0,-1.4998318907356125,0,0,0,1,1,0,1,0,1,0,1,0,1,0,1,0,1,0,0,2,0
0,-0.4474048350192824,1,0,1.3998302858288394,1,1.0,1,1.3504954654598684,0,1,1,0,0,0,0,1,0,1,0,0,0,1,0,1,0,0,0,2,2
1,2.235112188621971,1,1,1.31836048692427,1,0.0,1,0.6873580805490831,0,1,1,0,0,1,0,1,0,0,0,0,0,0,0,0,0,1,0,2,2
1,2.235112188621971,1,0,0.09631350335573131,1,1.0,1,0.5494122084999721,0,1,1,0,0,0,0,0,0,1,0,0,0,0,0,0,0,0,0,2,2
1,-0.4474048350192824,1,0,1.6035047830902625,1,2.0,1,0.8951078878519607,0,1,0,0,0,1,0,1,0,1,0,1,0,1,0,1,1,0,0,2,2
1,2.235112188621971,1,0,-0.7183844856899612,1,0.0,1,1.0446877491100326,0,1,1,0,0,1,0,0,0,1,0,0,0,1,0,0,0,1,0,1,2
1,-0.4474048350192824,0,0,-1.2479381785696613,1,0.0,1,-0.35305295442372797,0,0,0,0,0,1,0,0,0,0,0,1,0,0,0,0,0,0,1,0,1
0,-0.4474048350192824,1,1,1.6035047830902625,1,2.0,1,0.4613262902035523,0,1,0,0,0,0,0,1,0,0,0,1,0,1,0,1,0,1,0,2,2
1,-0.4474048350192824,0,0,-1.2479381785696613,1,0.0,0,-1.4732399154008442,0,0,0,1,1,0,1,0,1,0,1,0,1,0,1,0,0,0,1,0,0
0,-0.4474048350192824,0,0,0.7888067940445699,1,1.0,1,0.5028762516641279,0,1,1,0,0,0,0,1,0,0,0,0,0,0,0,0,0,0,1,2,2
1,-0.4474048350192824,0,0,-1.166468379665092,1,0.0,1,-0.12535916561977428,0,0,0,0,0,0,0,0,0,0,0,1,0,1,0,0,0,1,0,0,1
1,-0.4474048350192824,0,0,0.8702765929491392,1,2.0,0,-1.4981698922771896,0,0,0,1,1,0,1,0,1,0,1,0,1,0,1,0,0,0,1,2,0
0,2.235112188621971,1,0,1.6035047830902625,1,1.0,1,1.3887214300035977,0,1,1,0,0,1,0,1,0,0,0,0,0,1,0,1,0,0,0,2,2
0,-0.4474048350192824,0,0,1.3998302858288394,1,1.0,0,-0.15195114095454254,0,0,0,0,0,1,0,1,0,0,0,1,0,0,0,0,1,0,0,2,1
1,-0.4474048350192824,1,1,1.0739510902105622,1,2.0,1,0.7205980497175435,0,0,0,0,0,1,0,1,0,1,0,1,0,1,0,1,0,1,0,2,2
0,-0.4474048350192824,0,1,-1.166468379665092,1,0.0,1,-1.31701206030908,0,1,0,1,1,0,1,0,1,0,1,0,1,0,1,0,0,0,1,0,0
1,-0.4474048350192824,0,0,-0.7998542845945305,1,0.0,0,1.0995336982379924,0,1,1,0,0,1,0,0,0,0,0,0,0,1,0,1,0,0,1,1,2
0,-0.4474048350192824,0,0,0.34072290006943906,1,2.0,0,-1.4981698922771896,0,0,0,1,1,0,1,0,1,0,1,0,1,0,1,0,0,0,1,2,0
0,-0.4474048350192824,0,0,-0.6776495862376766,1,1.0,0,-1.4948458953603434,0,0,0,1,1,0,1,0,1,0,1,0,1,0,1,0,0,0,1,1,0
0,-0.4474048350192824,0,0,-1.0849985807605227,1,2.0,0,-1.5131278784029967,0,0,0,1,1,0,1,0,1,0,1,0,1,0,1,0,0,0,1,0,0
1,-0.4474048350192824,0,0,0.21851820171258518,1,0.0,0,0.16216656768740853,0,1,0,0,0,1,0,1,0,1,0,1,0,0,0,0,0,1,0,2,1
0,-0.4474048350192824,0,1,0.46292759842629294,1,2.0,0,-1.5014938891940355,0,0,0,1,1,0,1,0,1,0,1,0,1,0,1,0,0,0,1,2,0
0,-0.4474048350192824,1,0,0.5443973973308622,1,2.0,1,-0.028963255031238883,0,0,0,0,0,0,0,1,0,0,0,1,0,1,0,0,1,0,0,2,1
1,-0.4474048350192824,0,0,0.34072290006943906,1,0.0,1,-1.3236600541427723,0,1,0,1,1,0,1,0,1,0,1,0,1,0,1,0,0,0,0,2,0
1,-0.4474048350192824,1,1,1.114685989662847,1,2.0,0,-1.5098038814861507,0,0,0,1,1,0,1,0,1,0,1,0,1,0,1,0,1,0,0,2,0
1,2.235112188621971,0,0,0.09631350335573131,1,0.0,1,1.0097857814831492,0,1,1,0,0,0,0,0,0,0,0,0,0,1,0,1,0,1,0,2,2
0,-0.4474048350192824,0,0,-0.7183844856899612,1,0.0,0,0.7023160666748903,0,0,1,0,0,1,0,0,0,0,0,0,0,1,0,0,0,1,0,1,2
1,-0.4474048350192824,0,1,-1.0035287818559535,0,2.0,1,-0.6821286491914863,1,0,0,0,0,1,0,0,0,0,0,1,0,0,0,1,0,0,1,0,1
0,-0.4474048350192824,0,0,-0.7183844856899612,1,0.0,1,0.9615878261888815,0,0,1,0,0,0,0,0,0,1,0,0,0,1,0,1,1,0,0,1,2
1,-0.4474048350192824,0,0,-0.5147099884285381,1,0.0,1,0.7854159895960414,0,1,1,0,0,0,0,0,0,1,0,0,0,1,0,0,0,1,0,1,2
0,-0.4474048350192824,0,0,1.0332161907582778,1,1.0,1,0.20039253223113773,0,1,0,0,0,1,0,1,0,1,0,1,0,0,0,0,1,0,0,2,2
1,-0.4474048350192824,0,0,-1.1257334802128074,1,0.0,0,1.0463497475684556,0,1,1,0,0,0,0,1,0,1,0,0,0,0,0,1,0,1,0,0,2
0,-0.4474048350192824,0,0,1.4813000847334086,1,2.0,1,0.5776661822931638,0,0,0,0,0,1,0,0,0,1,0,1,0,1,0,1,1,0,0,2,2
0,-0.4474048350192824,0,0,1.6035047830902625,1,2.0,1,1.4901033359674023,0,0,1,0,0,1,0,1,0,1,0,1,0,1,0,1,0,1,0,2,2
0,-0.4474048350192824,1,1,0.8295416934968546,1,2.0,0,-1.468253920025575,0,0,0,1,1,0,1,0,1,0,1,0,1,0,1,0,0,0,1,2,0
0,-0.4474048350192824,1,1,-1.0442636813082382,1,0.0,0,-1.4765639123176904,0,0,0,1,1,0,1,0,1,0,1,0,1,0,1,0,0,0,1,0,0
1,-0.4474048350192824,1,0,0.992481291305993,1,0.0,0,-0.3115029929631524,0,0,0,0,0,1,0,0,0,0,0,1,0,0,0,0,0,1,0,2,1
0,-0.4474048350192824,1,1,1.4813000847334086,1,0.0,1,1.2923255194150627,0,1,1,0,0,0,0,1,0,1,0,0,0,1,0,1,0,1,0,2,2
1,-0.4474048350192824,1,1,-0.10736099390569181,1,0.0,1,-0.35305295442372797,0,1,0,0,0,1,0,0,0,0,0,0,0,0,0,0,0,0,0,2,1
0,-0.4474048350192824,0,0,-1.288673078021946,1,0.0,1,-1.5114658799445737,0,0,0,1,1,0,1,0,1,0,1,0,1,0,1,0,0,0,1,0,0
0,-0.4474048350192824,1,0,1.6035047830902625,1,2.0,1,-1.298730077266427,0,1,0,1,1,0,1,0,1,0,1,0,1,0,1,0,0,0,1,2,0
0,2.235112188621971,0,0,-0.636914686785392,1,0.0,1,0.584314176126856,0,1,1,0,0,0,0,0,0,1,0,0,0,0,0,0,1,0,0,1,2
0,-0.4474048350192824,0,0,-1.2479381785696613,1,0.0,1,-0.6588606707735639,0,0,0,0,0,0,0,0,0,0,0,0,0,0,0,0,0,0,1,0,1
1,-0.4474048350192824,1,0,1.6035047830902625,1,2.0,1,1.6862191540613185,0,1,1,0,0,1,0,1,0,1,0,1,0,1,0,1,0,0,0,2,2
1,-0.4474048350192824,1,1,0.7073369951400007,0,0.0,1,-0.8516524919506342,1,0,0,0,0,1,0,0,0,0,0,0,0,1,0,0,1,0,0,2,1
1,-0.4474048350192824,1,1,-1.2072032791173766,1,0.0,1,-0.4959848218481079,0,0,0,0,0,0,0,0,0,1,0,0,0,0,0,0,0,1,0,0,1
0,-0.4474048350192824,1,1,-0.840589184046815,1,2.0,0,-1.4881979015266515,0,0,0,1,1,0,1,0,1,0,1,0,1,0,1,0,0,0,0,0,0
1,2.235112188621971,1,1,1.114685989662847,1,0.0,1,0.5278062285404731,0,1,1,0,0,1,0,0,0,0,0,0,0,0,0,0,0,1,0,2,2
1,-0.4474048350192824,1,0,1.3590953863765547,1,2.0,1,1.3621294546688294,0,1,1,0,0,1,0,0,0,1,0,0,0,1,0,1,1,0,0,2,2
1,-0.4474048350192824,1,1,-0.4332401895239688,1,1.0,0,-1.4898598999850743,0,0,0,1,1,0,1,0,1,0,1,0,1,0,1,0,0,0,0,1,0
1,-0.4474048350192824,1,0,1.6035047830902625,1,2.0,1,1.4817933436752873,0,1,1,0,0,1,0,1,0,1,0,0,0,1,0,1,0,1,0,2,2
0,-0.4474048350192824,0,0,-1.166468379665092,1,0.0,0,-1.466591921567152,0,0,0,1,1,0,1,0,1,0,1,0,1,0,1,0,0,0,0,0,0
1,-0.4474048350192824,1,1,-0.636914686785392,1,1.0,1,0.1754625553547924,0,1,0,0,0,1,0,0,0,1,0,0,0,1,0,0,0,0,0,1,2
0,-0.4474048350192824,0,0,-0.7998542845945305,1,1.0,0,-1.4915218984434973,0,0,0,1,1,0,1,0,1,0,1,0,1,0,1,0,0,0,1,1,0
0,-0.4474048350192824,1,0,1.0739510902105622,1,1.0,1,1.465173359091057,0,1,1,0,0,1,0,1,0,1,0,0,0,1,0,1,1,0,0,2,2
1,2.235112188621971,1,0,0.46292759842629294,0,0.0,1,-1.1541362113836242,1,0,0,0,0,0,0,1,0,0,0,0,0,0,0,0,0,1,0,2,0
1,-0.4474048350192824,0,0,0.09631350335573131,0,0.0,0,-0.5275627925581452,1,0,0,0,0,0,0,0,0,1,0,0,0,1,0,1,0,1,0,2,1
1,-0.4474048350192824,1,1,0.3814577995217237,1,0.0,1,0.1438845846447554,0,1,0,0,0,1,0,1,0,0,0,0,0,1,0,0,0,0,0,2,1
0,-0.4474048350192824,0,1,-0.3517703906193996,1,1.0,0,-1.4632679246503062,0,0,0,1,1,0,1,0,1,0,1,0,1,0,1,0,0,0,0,1,0
1,-0.4474048350192824,0,0,-0.840589184046815,1,0.0,1,-0.37632093284165036,0,0,0,0,0,0,0,1,0,0,0,1,0,0,0,0,0,0,1,0,1
1,-0.4474048350192824,0,1,-0.39250529007168417,0,1.0,0,-0.8117645289484818,1,0,0,0,0,1,0,1,0,0,0,1,0,0,0,0,0,0,0,1,1
1,-0.4474048350192824,0,0,-0.8813240834990996,1,0.0,1,-1.4832119061513822,0,0,0,1,1,0,1,0,1,0,1,0,1,0,1,0,1,0,0,0,0
1,-0.4474048350192824,0,0,-1.2072032791173766,1,1.0,1,-1.5164518753198426,0,0,0,1,1,0,1,0,1,0,1,0,1,0,1,0,0,0,1,0,0
0,-0.4474048350192824,1,0,0.666602095687716,1,1.0,1,-1.4965078938187666,0,0,0,1,1,0,1,0,1,0,1,0,1,0,1,0,0,0,0,2,0
0,-0.4474048350192824,1,1,1.4813000847334086,1,2.0,0,1.6014572326817447,0,1,1,0,0,1,0,1,0,1,0,1,0,1,0,1,1,0,0,2,2
1,-0.4474048350192824,0,0,-1.288673078021946,1,0.0,0,-1.5064798845693046,0,0,0,1,1,0,1,0,1,0,1,0,1,0,1,0,0,0,1,0,0
1,-0.4474048350192824,0,0,-0.4332401895239688,1,2.0,0,-1.3236600541427723,0,1,0,1,1,0,1,0,1,0,1,0,1,0,1,0,0,0,1,1,0
0,-0.4474048350192824,0,0,1.2368906880197008,1,1.0,0,-0.21676908083304045,0,0,0,0,0,0,0,0,0,1,0,0,0,0,0,1,1,0,0,2,1
0,-0.4474048350192824,1,1,1.6035047830902625,1,2.0,1,1.6862191540613185,0,1,1,0,0,1,0,1,0,1,0,1,0,1,0,1,0,0,0,2,2
0,-0.4474048350192824,0,0,0.05557860390344668,1,1.0,1,-0.022315261197546708,0,1,0,0,0,1,0,1,0,0,0,1,0,0,0,0,0,0,1,2,1
0,-0.4474048350192824,1,1,-0.18883079281026105,1,1.0,1,0.8319519464318856,0,0,1,0,0,0,0,0,0,0,0,0,0,1,0,1,0,0,0,2,2
1,-0.4474048350192824,1,0,-1.0035287818559535,1,0.0,1,-0.3430809636731899,0,0,0,0,0,0,0,1,0,1,0,0,0,0,0,0,0,0,1,0,1
0,-0.4474048350192824,1,0,-0.7183844856899612,1,0.0,0,-1.4832119061513822,0,0,0,1,1,0,1,0,1,0,1,0,1,0,1,0,1,0,0,1,0
1,-0.4474048350192824,0,0,-0.5147099884285381,1,0.0,1,0.8518959279329622,0,1,1,0,0,0,0,0,0,1,0,0,0,1,0,0,1,0,0,1,2
1,-0.4474048350192824,1,1,0.8295416934968546,1,2.0,0,0.15385657539529343,0,1,0,0,0,1,0,1,0,0,0,0,0,0,0,1,0,0,0,2,1
0,-0.4474048350192824,0,0,0.7888067940445699,1,1.0,0,-1.4765639123176904,0,0,0,1,1,0,1,0,1,0,1,0,1,0,1,0,0,0,1,2,0
0,-0.4474048350192824,0,0,-1.288673078021946,1,0.0,0,-1.5131278784029967,0,0,0,1,1,0,1,0,1,0,1,0,1,0,1,0,0,0,1,0,0
0,-0.4474048350192824,0,0,1.5220349841856933,1,2.0,1,1.6147532203491288,0,1,1,0,0,1,0,1,0,1,0,1,0,1,0,1,0,0,0,2,2
0,-0.4474048350192824,1,1,-0.7183844856899612,1,0.0,1,-1.3236600541427723,0,1,0,1,1,0,1,0,1,0,1,0,1,0,1,0,0,1,0,1,0
1,-0.4474048350192824,0,0,-0.47397508897625346,1,0.0,0,0.34000040273867155,0,1,1,0,0,0,0,0,0,0,0,0,0,0,0,0,0,0,1,1,2
1,-0.4474048350192824,1,1,0.5443973973308622,1,1.0,0,-1.3352940433517335,0,1,0,1,1,0,1,0,1,0,1,0,1,0,1,0,0,1,0,2,0
1,-0.4474048350192824,1,1,-0.636914686785392,0,1.0,0,-0.6854526461083321,1,0,0,0,0,1,0,0,0,1,0,0,0,1,0,0,1,0,0,1,1
0,2.235112188621971,0,0,-0.39250529007168417,1,0.0,1,0.3433243996555179,0,0,1,0,0,1,0,0,0,0,0,0,0,0,0,0,0,0,0,1,2
1,-0.4474048350192824,0,1,-0.47397508897625346,1,2.0,0,-1.5114658799445737,0,0,0,1,1,0,1,0,1,0,1,0,1,0,1,0,0,0,1,1,0
0,2.235112188621971,0,0,-1.2479381785696613,1,0.0,0,0.5460882115831263,0,0,1,0,0,0,0,0,0,0,0,0,0,1,0,0,0,0,1,0,2
0,-0.4474048350192824,1,1,-0.5961797873331073,1,0.0,0,-1.4832119061513822,0,0,0,1,1,0,1,0,1,0,1,0,1,0,1,0,0,0,1,1,0
1,-0.4474048350192824,0,0,-0.5147099884285381,1,0.0,1,-1.5114658799445737,0,0,0,1,1,0,1,0,1,0,1,0,1,0,1,0,1,0,0,1,0
0,-0.4474048350192824,1,0,0.8295416934968546,1,1.0,1,0.9433058431462283,0,0,1,0,0,0,0,0,0,0,0,1,0,1,0,1,0,1,0,2,2
1,-0.4474048350192824,0,0,-1.288673078021946,1,0.0,0,0.1438845846447554,0,0,1,0,0,0,0,0,0,0,0,0,0,0,0,0,0,0,1,0,1
0,-0.4474048350192824,1,1,-0.06662609445340718,1,2.0,0,0.5145102408730887,0,1,0,0,0,0,0,1,0,0,0,1,0,1,0,1,0,0,0,2,2
1,-0.4474048350192824,0,0,-0.47397508897625346,1,0.0,0,-1.4981698922771896,0,0,0,1,1,0,1,0,1,0,1,0,1,0,1,0,0,0,1,1,0
0,-0.4474048350192824,0,0,-0.6776495862376766,1,0.0,1,0.0042767141372215345,0,1,0,0,0,0,0,0,0,1,0,0,0,0,0,1,1,0,0,1,1
1,-0.4474048350192824,1,1,-0.06662609445340718,1,0.0,0,0.8053599710971174,0,1,1,0,0,1,0,0,0,1,0,1,0,0,0,0,0,1,0,2,2
0,-0.4474048350192824,0,0,-1.288673078021946,1,0.0,1,0.5028762516641279,0,1,1,0,0,0,0,1,0,0,0,0,0,0,0,0,0,0,1,0,2
0,-0.4474048350192824,0,0,1.0739510902105622,1,2.0,0,1.0214197706921102,0,0,1,0,0,0,0,0,0,1,0,0,0,1,0,1,0,1,0,2,2
0,-0.4474048350192824,0,0,-1.166468379665092,1,0.0,0,-0.47770283880545455,0,1,0,0,0,0,0,0,0,0,0,0,0,0,0,0,0,1,0,0,1
1,-0.4474048350192824,0,0,-0.025891195001122566,1,0.0,1,1.0347157583594946,0,0,1,0,0,0,0,0,0,0,0,1,0,1,0,1,0,1,0,2,2
1,2.235112188621971,1,0,-1.288673078021946,1,0.0,1,0.31008443048705747,0,1,1,0,0,0,0,0,0,0,0,0,0,0,0,0,0,1,0,0,2
1,-0.4474048350192824,1,0,-0.3517703906193996,1,2.0,0,-1.5064798845693046,0,0,0,1,1,0,1,0,1,0,1,0,1,0,1,0,0,0,1,1,0
0,-0.4474048350192824,0,0,-1.288673078021946,1,0.0,1,1.0230817691505332,0,0,1,0,0,0,0,0,0,0,0,1,0,1,0,1,0,1,0,0,2
1,-0.4474048350192824,1,1,1.3590953863765547,1,2.0,0,-1.4981698922771896,0,0,0,1,1,0,1,0,1,0,1,0,1,0,1,0,1,0,0,2,0
1,2.235112188621971,1,0,1.5627698836379778,0,0.0,1,-0.42451888813591804,1,0,0,0,0,0,0,1,0,1,0,0,0,1,0,1,0,0,0,2,1
1,-0.4474048350192824,0,1,0.2999880006171544,1,0.0,1,-0.3264609790889597,0,0,0,0,0,1,0,1,0,0,0,0,0,0,0,0,0,0,1,2,1
0,2.235112188621971,1,0,-0.31103549116711493,1,0.0,1,1.1111676874469534,0,0,1,0,0,0,0,1,0,1,0,0,0,1,0,1,0,1,0,2,2
0,-0.4474048350192824,0,0,1.5220349841856933,1,2.0,0,0.4829322701630513,0,0,0,0,0,1,0,0,0,1,0,1,0,1,0,1,0,0,0,2,2
0,-0.4474048350192824,0,0,-1.2479381785696613,1,0.0,1,0.5178342377899351,0,0,1,0,0,0,0,0,0,0,0,0,0,1,0,0,0,1,0,0,2
0,-0.4474048350192824,0,0,1.4405651852811239,1,2.0,0,-1.5114658799445737,0,0,0,1,1,0,1,0,1,0,1,0,1,0,1,0,1,0,0,2,0
0,-0.4474048350192824,1,1,0.014843704451162058,1,2.0,1,-1.3485900310191177,0,1,0,1,1,0,1,0,1,0,1,0,1,0,1,0,0,0,1,2,0
0,-0.4474048350192824,0,0,-1.288673078021946,1,0.0,1,0.16216656768740853,0,0,1,0,0,0,0,0,0,0,0,0,0,0,0,0,0,0,1,0,1
0,-0.4474048350192824,1,1,0.666602095687716,1,0.0,0,-0.11040117949396701,0,0,0,0,0,1,0,0,0,1,0,1,0,0,0,0,0,0,0,2,1
0,-0.4474048350192824,1,0,-0.4332401895239688,1,0.0,1,0.4696362824956674,0,1,0,0,0,1,0,0,0,0,0,1,0,1,0,1,0,1,0,1,2
1,-0.4474048350192824,1,1,1.114685989662847,1,2.0,0,-0.15195114095454254,0,0,0,0,0,1,0,1,0,1,0,0,0,0,0,0,0,0,0,2,1
0,2.235112188621971,0,0,-1.1257334802128074,1,0.0,1,0.6524561129221997,0,0,1,0,0,0,0,1,0,0,0,0,0,1,0,0,0,1,0,0,2
0,-0.4474048350192824,1,0,0.992481291305993,1,2.0,1,-1.5114658799445737,0,0,0,1,1,0,1,0,1,0,1,0,1,0,1,0,0,0,0,2,0
1,-0.4474048350192824,1,0,1.3998302858288394,1,1.0,1,0.8485719310161158,0,0,1,0,0,1,0,1,0,0,0,0,0,0,0,1,1,0,0,2,2
1,-0.4474048350192824,0,0,-0.2703005917148303,0,0.0,0,-0.9746403778739379,1,0,0,0,0,0,0,0,0,1,0,1,0,0,0,0,0,1,0,2,1
0,-0.4474048350192824,1,1,0.992481291305993,1,1.0,1,-0.19183910395669512,0,0,0,0,0,1,0,0,0,1,0,1,0,0,0,0,0,0,1,2,1
0,-0.4474048350192824,1,1,1.4813000847334086,1,2.0,1,0.9383198477709591,0,1,1,0,0,0,0,1,0,0,0,1,0,0,0,1,0,0,0,2,2
0,-0.4474048350192824,0,0,1.3590953863765547,1,2.0,1,-1.3269840510596185,0,1,0,1,1,0,1,0,1,0,1,0,1,0,1,0,1,0,0,2,0
1,-0.4474048350192824,0,0,-1.288673078021946,1,0.0,0,-1.4732399154008442,0,0,0,1,1,0,1,0,1,0,1,0,1,0,1,0,1,0,0,0,0
1,-0.4474048350192824,1,1,-1.0849985807605227,1,0.0,1,-0.3247989806305368,0,0,0,0,0,0,0,1,0,1,0,0,0,0,0,0,0,0,1,0,1
1,-0.4474048350192824,0,0,-0.636914686785392,1,2.0,0,-1.5164518753198426,0,0,0,1,1,0,1,0,1,0,1,0,1,0,1,0,1,0,0,1,0
1,-0.4474048350192824,0,0,0.2592531011648698,1,0.0,1,1.3737634438777908,0,1,1,0,0,1,0,1,0,0,0,0,0,1,0,1,0,1,0,2,2
1,-0.4474048350192824,0,1,0.4221926989740083,0,0.0,1,-0.8184125227821738,1,0,0,0,0,1,0,1,0,1,0,0,0,0,0,0,0,1,0,2,1
1,-0.4474048350192824,0,0,-0.06662609445340718,1,0.0,1,0.44470630561932206,0,0,1,0,0,0,0,1,0,0,0,1,0,0,0,0,0,1,0,2,2
0,-0.4474048350192824,1,1,-1.0442636813082382,1,0.0,0,-1.4832119061513822,0,0,0,1,1,0,1,0,1,0,1,0,1,0,1,0,0,0,1,0,0
0,-0.4474048350192824,0,1,-0.6776495862376766,1,1.0,1,0.4796082732462054,0,1,1,0,0,0,0,0,0,0,0,1,0,0,0,0,1,0,0,1,2
1,-0.4474048350192824,0,0,-0.7998542845945305,0,0.0,1,-0.6488886800230259,1,0,0,0,0,1,0,0,0,0,0,1,0,1,0,0,1,0,0,1,1
0,-0.4474048350192824,0,1,0.7480718945922853,0,1.0,0,-0.16358513016350373,1,0,0,0,0,1,0,0,0,1,0,1,0,1,0,1,0,0,0,2,1
0,2.235112188621971,1,0,1.31836048692427,1,1.0,1,1.3687774485025217,0,1,1,0,0,0,0,1,0,1,0,0,0,1,0,1,0,1,0,2,2
0,2.235112188621971,0,0,-0.5961797873331073,1,0.0,1,1.2806915302061013,0,1,1,0,0,0,0,1,0,0,0,1,0,1,0,1,1,0,0,1,2
0,-0.4474048350192824,1,1,1.6035047830902625,1,2.0,1,0.6192161437537392,0,0,0,0,0,1,0,1,0,1,0,1,0,1,0,1,0,0,0,2,2
0,2.235112188621971,1,0,-0.2295656922625457,1,0.0,1,1.3039595086240237,0,1,1,0,0,1,0,0,0,0,0,1,0,1,0,1,0,0,0,2,2
1,2.235112188621971,1,0,1.3590953863765547,1,1.0,1,1.4053414145878278,0,1,1,0,0,0,0,1,0,1,0,1,0,1,0,1,0,0,0,2,2
0,-0.4474048350192824,0,0,-0.2295656922625457,1,1.0,0,-1.5264238660703808,0,0,0,1,1,0,1,0,1,0,1,0,1,0,1,0,0,0,1,2,0
1,-0.4474048350192824,0,1,-0.14809589335797643,1,1.0,0,-1.5031558876524584,0,0,0,1,1,0,1,0,1,0,1,0,1,0,1,0,0,0,1,2,0
1,-0.4474048350192824,1,1,1.6035047830902625,0,2.0,1,-0.3198129852552675,1,0,0,0,0,1,0,1,0,1,0,1,0,0,0,1,1,0,0,2,1
1,-0.4474048350192824,1,1,0.7888067940445699,1,1.0,1,0.12227860468525592,0,0,0,0,0,0,0,1,0,1,0,1,0,1,0,0,0,1,0,2,1
0,-0.4474048350192824,1,0,-0.47397508897625346,1,0.0,1,1.29066352095664,0,1,1,0,0,1,0,0,0,1,0,0,0,1,0,1,0,1,0,1,2
0,-0.4474048350192824,1,1,1.5220349841856933,1,2.0,1,0.5095242454978199,0,0,0,0,0,0,0,1,0,1,0,1,0,1,0,1,0,0,0,2,2
1,-0.4474048350192824,1,0,-0.31103549116711493,1,0.0,1,1.0180957737752643,0,0,1,0,0,0,0,0,0,0,0,1,0,1,0,1,1,0,0,2,2
0,2.235112188621971,0,0,0.992481291305993,1,2.0,0,1.2042396011186425,0,1,1,0,0,1,0,0,0,1,0,1,0,0,0,1,1,0,0,2,2
1,-0.4474048350192824,1,1,0.014843704451162058,1,2.0,0,0.5660321930842023,0,0,0,0,0,0,0,1,0,1,0,1,0,1,0,1,1,0,0,2,2
0,-0.4474048350192824,1,0,-0.18883079281026105,1,0.0,1,1.320579493208254,0,1,1,0,0,0,0,0,0,1,0,1,0,1,0,1,0,1,0,2,2
1,-0.4474048350192824,1,1,0.4221926989740083,1,2.0,0,-1.3569000233112327,0,1,0,1,1,0,1,0,1,0,1,0,1,0,1,0,0,0,1,2,0
0,-0.4474048350192824,1,1,1.5627698836379778,1,2.0,0,0.7372180343017737,0,0,0,0,0,1,0,1,0,1,0,1,0,1,0,1,1,0,0,2,2
1,-0.4474048350192824,0,0,-1.288673078021946,1,0.0,1,-1.5363958568209188,0,0,0,1,1,0,1,0,1,0,1,0,1,0,1,0,0,0,1,0,0
0,-0.4474048350192824,0,0,-0.9627938824036689,0,0.0,0,-0.21843107929146335,1,0,0,0,0,1,0,0,0,1,0,1,0,1,0,1,0,0,1,0,1
0,-0.4474048350192824,0,1,0.6258671962354314,1,1.0,0,-1.4998318907356125,0,0,0,1,1,0,1,0,1,0,1,0,1,0,1,0,0,0,1,2,0
1,-0.4474048350192824,0,0,-1.2072032791173766,1,0.0,1,0.142222586186332,0,0,0,0,0,0,0,0,0,0,0,1,0,1,0,1,0,1,0,0,1
0,-0.4474048350192824,0,0,1.1554208891151316,1,1.0,1,1.7792910677330076,0,1,1,0,0,1,0,1,0,1,0,1,0,1,0,1,0,1,0,2,2
1,-0.4474048350192824,0,0,-0.47397508897625346,1,2.0,0,-1.5114658799445737,0,0,0,1,1,0,1,0,1,0,1,0,1,0,1,0,0,0,1,1,0
1,-0.4474048350192824,0,0,-1.2479381785696613,1,0.0,1,0.4779462747877825,0,1,1,0,0,0,0,1,0,0,0,0,0,0,0,0,0,1,0,0,2
0,2.235112188621971,1,0,-0.8813240834990996,1,0.0,1,1.1460696550738367,0,1,1,0,0,0,0,0,0,1,0,0,0,1,0,1,0,1,0,0,2
1,2.235112188621971,0,0,-1.2479381785696613,1,0.0,1,-0.5259007940997222,0,0,0,0,0,1,0,0,0,0,0,0,0,0,0,0,0,1,0,0,1
1,-0.4474048350192824,1,1,-0.10736099390569181,1,0.0,0,0.677386089798545,0,1,1,0,0,0,0,0,0,0,0,0,0,1,0,0,0,1,0,2,2
0,-0.4474048350192824,0,0,0.5851322967831468,1,1.0,0,0.9915037984404961,0,1,1,0,0,1,0,0,0,1,0,0,0,1,0,0,1,0,0,2,2
1,-0.4474048350192824,1,1,-0.5147099884285381,1,0.0,1,0.17878655227163873,0,0,1,0,0,0,0,0,0,0,0,0,0,0,0,0,0,1,0,1,2
0,-0.4474048350192824,1,1,-1.1257334802128074,1,0.0,1,-1.3552380248528098,0,1,0,1,1,0,1,0,1,0,1,0,1,0,1,0,0,0,1,0,0
1,-0.4474048350192824,1,1,-0.636914686785392,1,0.0,1,0.9133898708946138,0,1,1,0,0,0,0,0,0,0,0,0,0,1,0,1,0,1,0,1,2
1,-0.4474048350192824,0,0,0.2592531011648698,1,1.0,0,-1.5014938891940355,0,0,0,1,1,0,1,0,1,0,1,0,1,0,1,0,0,0,1,2,0
1,-0.4474048350192824,1,1,-0.5554448878808227,1,0.0,0,1.2707195394555633,0,1,1,0,0,0,0,0,0,1,0,1,0,1,0,1,0,1,0,1,2
0,2.235112188621971,0,0,-0.6776495862376766,1,0.0,1,-0.36468694363268916,0,1,0,0,0,1,0,0,0,0,0,0,0,0,0,0,0,1,0,1,1
1,-0.4474048350192824,0,0,-1.288673078021946,1,0.0,1,-0.4843508326391467,0,0,0,0,0,0,0,0,0,1,0,0,0,0,0,0,0,1,0,0,1
0,-0.4474048350192824,0,0,1.4405651852811239,1,2.0,0,-1.4815499076929592,0,0,0,1,1,0,1,0,1,0,1,0,1,0,1,0,1,0,0,2,0
1,-0.4474048350192824,0,0,0.5851322967831468,1,0.0,0,1.1859576180759894,0,1,1,0,0,1,0,1,0,0,0,1,0,1,0,0,0,0,1,2,2
0,-0.4474048350192824,1,1,-0.5961797873331073,1,2.0,0,-1.5197758722366888,0,0,0,1,1,0,1,0,1,0,1,0,1,0,1,0,0,0,1,1,0
1,-0.4474048350192824,0,0,-0.9627938824036689,1,0.0,0,0.7039780651333133,0,0,1,0,0,0,0,0,0,0,0,1,0,1,0,0,0,1,0,0,2
0,-0.4474048350192824,1,0,-1.0442636813082382,1,0.0,1,0.7122880574254283,0,1,1,0,0,0,0,0,0,0,0,0,0,1,0,0,0,1,0,0,2
1,-0.4474048350192824,0,0,-1.0442636813082382,1,2.0,0,-1.5164518753198426,0,0,0,1,1,0,1,0,1,0,1,0,1,0,1,0,0,0,1,0,0
0,-0.4474048350192824,1,1,1.4405651852811239,1,1.0,1,0.6175541452953164,0,1,1,0,0,0,0,1,0,0,0,1,0,0,0,0,0,0,0,2,2
1,-0.4474048350192824,0,0,-1.0849985807605227,1,0.0,1,0.5128482424146659,0,0,1,0,0,0,0,0,0,0,0,0,0,1,0,0,1,0,0,0,2
1,-0.4474048350192824,1,0,-1.2072032791173766,1,0.0,1,0.4845942686214747,0,1,1,0,0,0,0,0,0,0,0,1,0,0,0,0,0,0,0,0,2
1,-0.4474048350192824,0,0,-1.166468379665092,1,0.0,0,0.44470630561932206,0,1,1,0,0,0,0,1,0,0,0,0,0,0,0,0,0,1,0,0,2
1,-0.4474048350192824,1,1,-0.3517703906193996,1,2.0,0,-1.3585620217696557,0,1,0,1,1,0,1,0,1,0,1,0,1,0,1,0,0,0,1,1,0
1,-0.4474048350192824,1,0,0.9110114924014238,1,1.0,1,1.298973513248755,0,1,1,0,0,0,0,0,0,1,0,1,0,1,0,1,0,1,0,2,2
1,-0.4474048350192824,1,0,1.5627698836379778,1,2.0,0,-1.3502520294775406,0,1,0,1,1,0,1,0,1,0,1,0,1,0,1,0,0,0,0,2,0
1,-0.4474048350192824,0,0,0.8295416934968546,1,2.0,0,-1.5098038814861507,0,0,0,1,1,0,1,0,1,0,1,0,1,0,1,0,0,0,0,2,0
0,-0.4474048350192824,1,1,-1.0442636813082382,1,1.0,0,0.1455465831031783,0,0,0,0,0,1,0,1,0,1,0,0,0,1,0,0,0,1,0,0,1
0,-0.4474048350192824,0,0,-1.1257334802128074,1,0.0,1,0.855219924849808,0,1,1,0,0,0,0,1,0,0,0,0,0,1,0,0,0,1,0,0,2
1,-0.4474048350192824,0,0,-0.5147099884285381,1,0.0,0,-0.19516310087354097,0,1,0,0,0,1,0,0,0,0,0,1,0,0,0,0,0,0,0,1,1
0,-0.4474048350192824,1,1,1.4405651852811239,1,1.0,1,0.5959481653358168,0,1,1,0,0,0,0,0,0,0,0,0,0,1,0,0,0,1,0,2,2
1,-0.4474048350192824,0,0,1.5627698836379778,1,2.0,0,-1.3136880633922343,0,1,0,1,1,0,1,0,1,0,1,0,1,0,1,0,0,0,0,2,0
0,-0.4474048350192824,0,0,0.7888067940445699,1,0.0,1,-0.509280809515492,0,0,0,0,0,1,0,0,0,0,0,0,0,0,0,0,0,0,0,2,1
0,-0.4474048350192824,0,0,0.5036624978785775,1,0.0,1,1.6812331586860498,0,1,1,0,0,1,0,1,0,1,0,1,0,1,0,1,0,1,0,2,2
1,-0.4474048350192824,0,0,-0.7591193851422458,0,0.0,1,-1.1292062345072789,1,0,0,0,0,0,0,1,0,0,0,0,0,0,0,0,0,0,1,1,0
0,-0.4474048350192824,1,1,1.0332161907582778,1,2.0,0,-1.3269840510596185,0,1,0,1,1,0,1,0,1,0,1,0,1,0,1,0,1,0,0,2,0
0,-0.4474048350192824,1,1,0.3814577995217237,1,1.0,1,0.9765458123146887,0,1,1,0,0,1,0,1,0,0,0,0,0,1,0,0,1,0,0,2,2
0,-0.4474048350192824,0,0,-0.840589184046815,1,1.0,0,0.29845044127809606,0,1,0,0,0,0,0,0,0,0,0,1,0,1,0,1,0,0,1,0,2
1,-0.4474048350192824,0,0,-0.9220589829513843,1,0.0,1,-0.4461248680954173,0,0,0,0,0,1,0,0,0,0,0,0,0,0,0,0,0,0,1,0,1
0,-0.4474048350192824,0,0,-0.840589184046815,1,0.0,0,-0.7070586260678317,0,0,0,0,0,0,0,0,0,0,0,0,0,0,0,0,0,0,0,0,1
1,2.235112188621971,1,0,-0.31103549116711493,1,1.0,1,0.7970499788050023,0,1,1,0,0,1,0,0,0,0,0,0,0,0,0,1,0,1,0,2,2
0,-0.4474048350192824,1,0,-0.39250529007168417,1,0.0,0,-0.35970094825742016,0,0,0,0,0,0,0,0,0,1,0,1,0,0,0,0,0,1,0,1,1
1,-0.4474048350192824,0,0,0.5036624978785775,1,0.0,1,0.361606382698171,0,0,0,0,0,1,0,0,0,1,0,0,0,1,0,1,0,1,0,2,2
0,-0.4474048350192824,1,1,0.5036624978785775,1,1.0,1,-0.36302494517426626,0,0,0,0,0,0,0,1,0,0,0,1,0,0,0,0,1,0,0,2,1
1,-0.4474048350192824,1,0,0.9517463918537085,1,1.0,1,0.5261442300820502,0,0,1,0,0,0,0,0,0,0,0,0,0,0,0,1,0,1,0,2,2
1,-0.4474048350192824,0,0,0.5851322967831468,1,1.0,1,0.7272460435512357,0,0,0,0,0,1,0,1,0,1,0,1,0,1,0,1,0,0,0,2,2
0,-0.4474048350192824,1,1,1.4405651852811239,1,2.0,1,-1.5197758722366888,0,0,0,1,1,0,1,0,1,0,1,0,1,0,1,0,0,0,0,2,0
0,-0.4474048350192824,0,0,-0.7591193851422458,1,0.0,0,-0.48601283109756965,0,0,0,0,0,0,0,1,0,0,0,0,0,0,0,0,0,1,0,1,1
1,-0.4474048350192824,0,1,-0.18883079281026105,1,0.0,1,0.32670441507128767,0,0,1,0,0,1,0,0,0,0,0,0,0,0,0,0,0,0,0,2,2
0,-0.4474048350192824,0,0,0.34072290006943906,1,0.0,0,0.17213855843794656,0,0,1,0,0,0,0,0,0,0,0,0,0,0,0,0,0,0,0,2,2
0,-0.4474048350192824,0,0,-1.2072032791173766,1,0.0,0,-1.3452660341022715,0,1,0,1,1,0,1,0,1,0,1,0,1,0,1,0,0,0,1,0,0
0,2.235112188621971,0,0,-1.288673078021946,1,0.0,0,0.44470630561932206,0,0,1,0,0,0,0,0,0,0,0,0,0,1,0,0,0,1,0,0,2
0,-0.4474048350192824,0,0,0.3814577995217237,1,2.0,0,0.04748867405621998,0,0,0,0,0,0,0,0,0,1,0,1,0,0,0,1,1,0,0,2,1
1,2.235112188621971,1,0,-0.14809589335797643,1,0.0,1,0.6391601252548154,0,1,1,0,0,0,0,0,0,0,0,0,0,0,0,1,0,1,0,2,2
0,-0.4474048350192824,1,1,-1.0442636813082382,1,0.0,1,0.3532963904060559,0,0,0,0,0,1,0,1,0,1,0,1,0,1,0,0,0,1,0,0,2
0,-0.4474048350192824,1,0,-1.0442636813082382,1,0.0,1,0.5327922239157419,0,0,1,0,0,0,0,0,0,0,0,0,0,1,0,0,0,1,0,0,2
1,-0.4474048350192824,0,0,-0.2295656922625457,1,0.0,0,-0.18685310858142587,0,1,0,0,0,0,0,0,0,1,0,1,0,0,0,0,0,1,0,2,1
0,2.235112188621971,0,0,-1.288673078021946,1,0.0,1,0.8718399094340383,0,0,1,0,0,0,0,0,0,0,0,0,0,1,0,1,0,1,0,0,2
1,-0.4474048350192824,1,1,0.6258671962354314,1,2.0,0,1.553259277387477,0,1,1,0,0,1,0,1,0,1,0,1,0,1,0,1,1,0,0,2,2
1,-0.4474048350192824,1,1,0.5036624978785775,1,2.0,1,0.6408221237132383,0,0,0,0,0,1,0,1,0,1,0,1,0,1,0,1,0,0,1,2,2
1,-0.4474048350192824,0,0,0.9517463918537085,1,1.0,1,0.35495838886447884,0,0,0,0,0,0,0,1,0,0,0,1,0,1,0,1,0,0,0,2,2
1,2.235112188621971,0,0,-0.840589184046815,0,0.0,1,-0.7120446214431007,1,0,0,0,0,0,0,0,0,1,0,1,0,0,0,1,0,1,0,0,1
1,-0.4474048350192824,0,0,-1.2479381785696613,1,0.0,0,0.993165796898919,0,0,1,0,0,0,0,0,0,1,0,0,0,1,0,1,0,1,0,0,2
1,-0.4474048350192824,1,1,0.4221926989740083,1,1.0,1,0.8701779109756154,0,1,1,0,0,1,0,0,0,1,0,1,0,0,0,0,1,0,0,2,2
1,2.235112188621971,1,0,1.1961557885674161,1,0.0,1,0.7987119772634252,0,1,1,0,0,1,0,1,0,1,0,0,0,0,0,0,0,1,0,2,2
0,-0.4474048350192824,1,0,0.8295416934968546,1,1.0,1,1.4585253652573649,0,1,1,0,0,0,0,1,0,1,0,1,0,1,0,1,0,0,0,2,2
0,-0.4474048350192824,0,1,0.05557860390344668,1,2.0,1,1.69785314327028,0,1,1,0,0,1,0,1,0,1,0,1,0,1,0,1,1,0,0,2,2
1,-0.4474048350192824,1,0,-0.9220589829513843,1,0.0,1,1.1111676874469534,0,1,1,0,0,0,0,0,0,1,0,0,0,1,0,1,0,1,0,0,2
0,-0.4474048350192824,1,1,-1.166468379665092,1,0.0,1,-0.21843107929146335,0,1,0,0,0,0,0,1,0,0,0,1,0,0,0,0,0,0,1,0,1
0,2.235112188621971,0,0,-1.1257334802128074,1,0.0,1,0.13225059543579396,0,0,1,0,0,0,0,0,0,0,0,0,0,0,0,0,0,0,1,0,1
0,-0.4474048350192824,0,0,-0.2295656922625457,1,1.0,0,0.43639631332720696,0,0,0,0,0,0,0,1,0,1,0,1,0,1,0,1,0,0,1,2,2
0,-0.4474048350192824,0,0,-0.840589184046815,1,0.0,0,-1.4848739046098054,0,0,0,1,1,0,1,0,1,0,1,0,1,0,1,0,0,0,1,0,0
1,-0.4474048350192824,1,0,0.34072290006943906,1,2.0,1,-1.5064798845693046,0,0,0,1,1,0,1,0,1,0,1,0,1,0,1,0,0,1,0,2,0
1,-0.4474048350192824,1,0,-0.4332401895239688,1,0.0,1,0.7289080420096585,0,0,1,0,0,0,0,0,0,1,0,0,0,1,0,0,0,0,0,1,2
1,-0.4474048350192824,0,0,-1.288673078021946,1,0.0,1,-0.4760408403470316,0,0,0,0,0,0,0,1,0,0,0,0,0,0,0,0,0,1,0,0,1
1,-0.4474048350192824,1,0,1.5220349841856933,1,2.0,1,1.1394216612401447,0,1,1,0,0,1,0,1,0,1,0,0,0,1,0,0,1,0,0,2,2
1,-0.4474048350192824,1,1,-1.1257334802128074,1,0.0,1,-1.3020540741832731,0,1,0,1,1,0,1,0,1,0,1,0,1,0,1,0,0,0,0,0,0
0,-0.4474048350192824,0,0,-0.7183844856899612,1,0.0,1,0.4879182655383205,0,1,1,0,0,0,0,1,0,0,0,0,0,0,0,0,0,1,0,1,2
1,2.235112188621971,1,1,1.4405651852811239,1,1.0,0,-1.5147898768614196,0,0,0,1,1,0,1,0,1,0,1,0,1,0,1,0,0,0,0,2,0
0,2.235112188621971,1,0,0.7073369951400007,1,1.0,0,-1.3253220526011953,0,1,0,1,1,0,1,0,1,0,1,0,1,0,1,0,0,1,0,2,0
1,-0.4474048350192824,0,0,-0.9627938824036689,1,1.0,1,-1.4931838969019204,0,0,0,1,1,0,1,0,1,0,1,0,1,0,1,0,0,0,1,0,0
1,-0.4474048350192824,0,0,-0.47397508897625346,1,0.0,0,-0.11372517641081309,0,0,0,0,0,0,0,0,0,1,0,0,0,0,0,1,0,0,1,1,1
0,-0.4474048350192824,0,0,-1.0849985807605227,1,0.0,0,0.8053599710971174,0,0,1,0,0,0,0,0,0,0,0,0,0,1,0,1,0,1,0,0,2
0,-0.4474048350192824,0,0,-1.288673078021946,1,0.0,0,0.5012142532057049,0,0,1,0,0,0,0,0,0,0,0,0,0,0,0,1,1,0,0,0,2
0,-0.4474048350192824,0,1,0.8295416934968546,1,1.0,1,0.6491321160053534,0,1,0,0,0,0,0,1,0,1,0,1,0,1,0,1,0,1,0,2,2
0,-0.4474048350192824,0,0,-1.288673078021946,1,0.0,0,0.3566203873229018,0,0,1,0,0,0,0,1,0,0,0,0,0,0,0,0,0,1,0,0,2
1,-0.4474048350192824,0,0,0.992481291305993,1,2.0,0,-1.538057855279342,0,0,0,1,1,0,1,0,1,0,1,0,1,0,1,0,1,0,0,2,0
0,-0.4474048350192824,0,0,-0.7591193851422458,1,1.0,1,-0.35970094825742016,0,1,0,0,0,0,0,1,0,0,0,0,0,0,0,0,0,0,1,1,1
1,-0.4474048350192824,0,0,-1.0035287818559535,1,0.0,0,0.6458081190885075,0,1,1,0,0,0,0,0,0,0,0,0,0,0,0,1,0,0,0,0,2
1,-0.4474048350192824,1,1,1.3998302858288394,1,0.0,1,0.8136699633892326,0,1,1,0,0,0,0,1,0,0,0,0,0,0,0,1,0,0,0,2,2
0,-0.4474048350192824,1,1,1.3998302858288394,1,2.0,1,1.4518773714236726,0,1,1,0,0,1,0,0,0,1,0,1,0,1,0,1,1,0,0,2,2
0,-0.4474048350192824,0,0,-0.7998542845945305,0,0.0,1,-1.368534012520194,1,0,0,0,0,0,0,0,0,0,0,0,0,0,0,0,0,1,0,1,0
1,-0.4474048350192824,0,0,-0.636914686785392,1,0.0,0,-1.461605926191883,0,0,0,1,1,0,1,0,1,0,1,0,1,0,1,0,1,0,0,1,0
0,2.235112188621971,1,0,0.21851820171258518,1,0.0,1,0.6109061514616242,0,0,1,0,0,1,0,0,0,0,0,0,0,0,0,1,0,1,0,2,2
1,-0.4474048350192824,1,0,-1.166468379665092,1,0.0,0,0.01757270180460542,0,1,0,0,0,0,0,0,0,1,0,0,0,1,0,0,0,1,0,0,1
1,-0.4474048350192824,1,1,-0.39250529007168417,1,1.0,0,-1.5098038814861507,0,0,0,1,1,0,1,0,1,0,1,0,1,0,1,0,0,0,1,1,0
0,-0.4474048350192824,1,1,1.0332161907582778,1,1.0,1,1.3338754808756383,0,1,1,0,0,0,0,1,0,1,0,0,0,1,0,1,1,0,0,2,2
0,-0.4474048350192824,0,0,-0.39250529007168417,1,0.0,0,0.3499723934892096,0,1,1,0,0,0,0,0,0,0,0,0,0,0,0,0,0,0,0,1,2
0,-0.4474048350192824,1,1,0.5851322967831468,1,2.0,1,0.6724000944232758,0,1,0,0,0,1,0,1,0,0,0,1,0,1,0,1,1,0,0,2,2
1,-0.4474048350192824,0,0,0.7480718945922853,1,2.0,0,-1.3402800387270024,0,1,0,1,1,0,1,0,1,0,1,0,1,0,1,0,0,0,1,2,0
1,-0.4474048350192824,0,0,-1.1257334802128074,1,0.0,1,-0.3098409945047295,0,0,0,0,0,1,0,0,0,0,0,1,0,0,0,0,0,0,1,0,1
0,2.235112188621971,0,0,-1.2479381785696613,1,0.0,1,0.6807100867153909,0,1,1,0,0,0,0,0,0,0,0,0,0,1,0,0,0,1,0,0,2
1,-0.4474048350192824,1,1,1.5627698836379778,1,2.0,1,0.8701779109756154,0,1,0,0,0,1,0,1,0,1,0,1,0,1,0,1,0,0,1,2,2
0,-0.4474048350192824,1,1,0.014843704451162058,1,1.0,0,-1.4948458953603434,0,0,0,1,1,0,1,0,1,0,1,0,1,0,1,0,0,0,1,2,0
1,-0.4474048350192824,1,0,1.6035047830902625,1,2.0,0,-1.3386180402685797,0,1,0,1,1,0,1,0,1,0,1,0,1,0,1,0,1,0,0,2,0
1,-0.4474048350192824,1,0,1.5627698836379778,1,2.0,0,0.5095242454978199,0,1,0,0,0,1,0,1,0,1,0,1,0,0,0,1,1,0,0,2,2
0,-0.4474048350192824,0,0,-0.9220589829513843,1,0.0,1,0.4978902562888586,0,1,1,0,0,0,0,1,0,0,0,0,0,0,0,0,0,0,0,0,2
1,-0.4474048350192824,1,1,-0.5961797873331073,0,1.0,0,-0.6206347062298345,1,0,0,0,0,0,0,1,0,1,0,0,0,1,0,0,1,0,0,1,1
0,2.235112188621971,1,0,1.1961557885674161,1,2.0,1,0.4945662593720127,0,0,0,0,0,1,0,0,0,1,0,1,0,1,0,1,1,0,0,2,2
1,2.235112188621971,1,0,-0.636914686785392,1,0.0,1,0.3782263672824012,0,0,1,0,0,0,0,1,0,0,0,0,0,0,0,0,0,1,0,1,2
1,-0.4474048350192824,0,0,-1.2072032791173766,1,0.0,1,-0.5292247910165683,0,0,0,0,0,0,0,0,0,1,0,0,0,0,0,0,0,1,0,0,1
1,-0.4474048350192824,1,0,0.3814577995217237,1,1.0,0,-0.2982070052957683,0,1,0,0,0,1,0,0,0,0,0,0,0,0,0,0,1,0,0,2,1
0,-0.4474048350192824,1,0,0.05557860390344668,1,0.0,1,-0.14031715174558135,0,1,0,0,0,1,0,0,0,0,0,1,0,0,0,0,0,0,0,2,1
0,-0.4474048350192824,0,0,-1.0442636813082382,1,0.0,0,0.34498639811394083,0,1,1,0,0,0,0,0,0,0,0,0,0,0,0,0,0,0,1,0,2
1,-0.4474048350192824,0,0,0.09631350335573131,1,0.0,1,1.0529977414021476,0,1,1,0,0,1,0,1,0,1,0,1,0,0,0,0,0,0,1,2,2
1,2.235112188621971,0,0,-0.9627938824036689,1,0.0,1,1.1427456581569908,0,1,1,0,0,0,0,1,0,0,0,0,0,1,0,1,1,0,0,0,2
0,-0.4474048350192824,1,1,-0.7998542845945305,1,2.0,1,-1.3319700464348874,0,1,0,1,1,0,1,0,1,0,1,0,1,0,1,0,0,0,0,1,0
1,2.235112188621971,1,0,1.6035047830902625,1,2.0,1,1.6945291463534335,0,1,1,0,0,1,0,1,0,1,0,1,0,1,0,1,0,0,0,2,2
1,-0.4474048350192824,0,0,-0.4332401895239688,1,0.0,1,0.9349958508541133,0,0,1,0,0,0,0,1,0,0,0,0,0,1,0,1,0,0,1,1,2
1,2.235112188621971,0,0,-0.5147099884285381,1,0.0,0,0.2070405260648299,0,0,1,0,0,0,0,0,0,0,0,0,0,0,0,0,1,0,0,1,2
0,-0.4474048350192824,0,0,-0.10736099390569181,0,1.0,1,-0.82173651969902,1,0,0,0,0,0,0,0,0,0,0,1,0,0,0,1,1,0,0,2,1
0,-0.4474048350192824,1,0,1.0332161907582778,1,2.0,1,-0.17189512245561883,0,1,0,0,0,0,0,1,0,0,0,1,0,0,0,0,1,0,0,2,1
0,-0.4474048350192824,1,1,0.014843704451162058,1,1.0,1,0.9549398323551893,0,0,1,0,0,0,0,0,0,1,0,0,0,1,0,1,0,1,0,2,2
0,-0.4474048350192824,1,1,0.9517463918537085,1,1.0,0,0.7920639834297335,0,0,1,0,0,0,0,0,0,0,0,0,0,1,0,1,0,0,0,2,2
0,-0.4474048350192824,1,1,-0.2703005917148303,1,0.0,1,-1.4898598999850743,0,0,0,1,1,0,1,0,1,0,1,0,1,0,1,0,1,0,0,2,0
1,-0.4474048350192824,1,0,0.8295416934968546,1,1.0,0,1.086237710570608,0,1,1,0,0,0,0,1,0,0,0,1,0,0,0,1,0,0,0,2,2
1,-0.4474048350192824,1,1,-1.288673078021946,1,0.0,1,0.16216656768740853,0,0,1,0,0,0,0,0,0,0,0,0,0,0,0,0,1,0,0,0,1
1,2.235112188621971,1,0,-1.166468379665092,1,0.0,1,0.17047655997952363,0,0,1,0,0,0,0,0,0,0,0,0,0,0,0,0,0,1,0,0,2
0,-0.4474048350192824,1,1,1.0739510902105622,1,2.0,0,-1.31701206030908,0,1,0,1,1,0,1,0,1,0,1,0,1,0,1,0,0,0,1,2,0
0,-0.4474048350192824,1,1,1.1554208891151316,1,2.0,1,-1.3585620217696557,0,1,0,1,1,0,1,0,1,0,1,0,1,0,1,0,0,0,1,2,0
0,2.235112188621971,1,0,-0.7591193851422458,1,0.0,1,1.1676756350333362,0,1,1,0,0,0,0,1,0,0,0,0,0,1,0,1,0,1,0,1,2
1,2.235112188621971,1,0,1.0332161907582778,1,0.0,1,1.1178156812806455,0,1,1,0,0,0,0,0,0,1,0,0,0,1,0,1,0,1,0,2,2
1,-0.4474048350192824,1,0,-0.7591193851422458,1,2.0,0,0.5610461977089336,0,0,0,0,0,0,0,1,0,1,0,1,0,1,0,1,0,0,1,1,2
1,-0.4474048350192824,0,0,-1.2072032791173766,0,0.0,0,-0.7884965505305594,1,0,0,0,0,1,0,0,0,1,0,1,0,0,0,0,0,0,1,0,1
1,-0.4474048350192824,1,1,0.8295416934968546,1,0.0,0,0.22532250910748303,0,1,0,0,0,1,0,0,0,0,0,1,0,0,0,1,0,1,0,2,2
0,-0.4474048350192824,0,0,-0.31103549116711493,1,0.0,1,0.44138230870247575,0,1,0,0,0,1,0,1,0,1,0,1,0,1,0,0,0,0,0,2,2
1,-0.4474048350192824,0,0,-0.5961797873331073,0,0.0,1,-1.049430308502974,1,0,0,0,0,0,0,1,0,1,0,0,0,0,0,0,1,0,0,1,0
0,-0.4474048350192824,0,1,0.666602095687716,1,2.0,0,-1.4832119061513822,0,0,0,1,1,0,1,0,1,0,1,0,1,0,1,0,1,0,0,2,0
1,-0.4474048350192824,0,0,1.6035047830902625,1,2.0,1,1.2823535286645247,0,1,1,0,0,0,0,1,0,1,0,0,0,1,0,1,0,1,0,2,2
1,-0.4474048350192824,1,1,0.5036624978785775,1,0.0,1,1.0264057660673793,0,1,1,0,0,0,0,1,0,1,0,0,0,0,0,1,0,0,0,2,2
1,2.235112188621971,1,0,1.5220349841856933,1,2.0,1,0.7804299942207721,0,1,0,0,0,1,0,1,0,1,0,1,0,1,0,1,1,0,0,2,2
1,-0.4474048350192824,1,0,-1.0035287818559535,1,0.0,1,0.6840340836322372,0,1,1,0,0,0,0,0,0,0,0,0,0,0,0,1,0,0,0,0,2
1,-0.4474048350192824,1,1,1.114685989662847,1,0.0,0,0.30842243202863406,0,1,1,0,0,0,0,0,0,0,0,0,0,0,0,0,0,0,0,2,2
0,-0.4474048350192824,0,0,-1.2072032791173766,1,2.0,0,0.20039253223113773,0,0,0,0,0,1,0,1,0,0,0,1,0,0,0,1,0,0,1,0,2
0,-0.4474048350192824,0,0,-0.840589184046815,1,0.0,1,0.6491321160053534,0,0,1,0,0,0,0,1,0,0,0,0,0,0,0,1,0,1,0,0,2
1,-0.4474048350192824,0,0,-0.5961797873331073,1,0.0,0,-1.523099869153535,0,0,0,1,1,0,1,0,1,0,1,0,1,0,1,0,0,0,1,1,0
1,2.235112188621971,0,0,0.9110114924014238,1,0.0,1,1.1211396781974914,0,1,1,0,0,1,0,0,0,0,0,0,0,1,0,1,0,1,0,2,2
1,-0.4474048350192824,0,0,-0.31103549116711493,1,0.0,1,0.6557801098390456,0,1,1,0,0,0,0,0,0,0,0,0,0,0,0,1,0,1,0,2,2
0,-0.4474048350192824,0,0,0.8295416934968546,1,1.0,0,1.1144916843637993,0,1,1,0,0,1,0,1,0,1,0,0,0,1,0,0,0,0,1,2,2
0,-0.4474048350192824,0,0,-0.3517703906193996,1,2.0,0,-1.3269840510596185,0,1,0,1,1,0,1,0,1,0,1,0,1,0,1,0,1,0,0,1,0
0,-0.4474048350192824,1,0,1.2368906880197008,1,1.0,1,1.0280677645258023,0,0,1,0,0,0,0,1,0,0,0,0,0,1,0,1,0,1,0,2,2
0,-0.4474048350192824,1,1,0.9110114924014238,1,1.0,0,-1.5264238660703808,0,0,0,1,1,0,1,0,1,0,1,0,1,0,1,0,1,0,0,2,0
0,-0.4474048350192824,1,1,-0.18883079281026105,1,1.0,1,0.5909621699605476,0,0,1,0,0,1,0,0,0,0,0,0,0,0,0,1,0,0,0,2,2
0,-0.4474048350192824,1,0,-1.2072032791173766,1,0.0,1,0.3582823857813247,0,1,1,0,0,0,0,0,0,0,0,0,0,0,0,0,0,1,0,0,2
0,2.235112188621971,0,0,-0.18883079281026105,1,0.0,1,1.3654534515856758,0,1,1,0,0,0,0,1,0,1,0,0,0,1,0,1,0,1,0,2,2
1,-0.4474048350192824,1,0,-0.14809589335797643,1,0.0,1,0.5012142532057049,0,1,1,0,0,0,0,1,0,0,0,0,0,0,0,0,0,0,0,2,2
1,-0.4474048350192824,0,0,-0.7998542845945305,1,0.0,1,0.602596159169509,0,0,1,0,0,0,0,0,0,1,0,0,0,1,0,0,0,1,0,1,2
0,-0.4474048350192824,1,1,-0.7183844856899612,1,0.0,0,-1.4965078938187666,0,0,0,1,1,0,1,0,1,0,1,0,1,0,1,0,0,0,1,1,0
0,-0.4474048350192824,0,0,0.3814577995217237,1,0.0,1,-0.5159288033491842,0,0,0,0,0,0,0,1,0,0,0,0,0,0,0,0,0,1,0,2,1
0,-0.4474048350192824,0,1,-1.166468379665092,1,1.0,1,-1.4848739046098054,0,0,0,1,1,0,1,0,1,0,1,0,1,0,1,0,0,0,1,0,0
0,2.235112188621971,0,0,-0.9220589829513843,1,0.0,1,0.6491321160053534,0,0,1,0,0,0,0,0,0,1,0,0,0,0,0,1,1,0,0,0,2
1,-0.4474048350192824,1,0,1.6035047830902625,1,2.0,1,1.320579493208254,0,1,1,0,0,0,0,1,0,1,0,0,0,1,0,1,0,0,0,2,2
1,-0.4474048350192824,1,0,-0.9220589829513843,1,0.0,1,-0.3364329698394978,0,0,0,0,0,1,0,0,0,0,0,1,0,0,0,0,1,0,0,0,1
1,-0.4474048350192824,1,1,-0.47397508897625346,1,1.0,1,0.3599443842397481,0,1,0,0,0,1,0,0,0,0,0,0,0,1,0,1,0,0,0,1,2
1,-0.4474048350192824,0,0,-1.0442636813082382,1,0.0,0,0.13557459235264027,0,0,1,0,0,0,0,0,0,0,0,0,0,0,0,0,0,0,0,0,1
0,-0.4474048350192824,0,0,1.1961557885674161,1,1.0,1,1.6612891771849732,0,1,1,0,0,1,0,1,0,1,0,1,0,1,0,1,1,0,0,2,2
0,2.235112188621971,0,0,-1.288673078021946,1,0.0,1,0.1821105491884846,0,0,1,0,0,0,0,0,0,0,0,0,0,0,0,0,0,1,0,0,2
1,-0.4474048350192824,0,0,1.0739510902105622,1,0.0,1,1.5383012912616696,0,1,1,0,0,0,0,1,0,1,0,1,0,1,0,1,0,1,0,2,2
1,-0.4474048350192824,0,0,-1.0442636813082382,1,0.0,0,0.31839442277917257,0,0,1,0,0,0,0,0,0,1,0,0,0,0,0,0,0,0,1,0,2
1,-0.4474048350192824,0,0,-1.2479381785696613,1,0.0,0,-0.6887766430251783,0,0,0,0,0,0,0,0,0,0,0,0,0,0,0,0,0,1,0,0,1
1,-0.4474048350192824,1,1,1.2368906880197008,1,2.0,1,-1.5264238660703808,0,0,0,1,1,0,1,0,1,0,1,0,1,0,1,0,0,0,1,2,0
0,-0.4474048350192824,0,0,-0.8813240834990996,1,0.0,1,1.089561707487454,0,1,1,0,0,0,0,0,0,1,0,0,0,1,0,1,0,0,0,0,2
0,-0.4474048350192824,1,0,-0.2703005917148303,1,0.0,0,0.5593841992505106,0,0,0,0,0,0,0,1,0,1,0,1,0,1,0,1,0,0,0,2,2
0,2.235112188621971,0,0,0.5851322967831468,1,0.0,1,0.6690760975064299,0,1,1,0,0,0,0,1,0,1,0,0,0,0,0,0,0,0,0,2,2
1,-0.4474048350192824,1,0,1.5627698836379778,1,1.0,1,1.1161536828222227,0,1,1,0,0,0,0,0,0,1,0,0,0,1,0,1,1,0,0,2,2
1,-0.4474048350192824,1,0,0.13704840280801595,1,0.0,1,1.0081237830247263,0,1,1,0,0,0,0,0,0,0,0,0,0,1,0,1,0,1,0,2,2
1,-0.4474048350192824,1,1,-1.2479381785696613,1,0.0,1,-0.6837906476499093,0,0,0,0,0,0,0,0,0,0,0,0,0,0,0,0,0,1,0,0,1
1,-0.4474048350192824,1,0,-1.1257334802128074,0,0.0,1,-1.3336320448933103,1,0,0,0,0,0,0,0,0,0,0,0,0,0,0,0,0,1,0,0,0
0,-0.4474048350192824,1,1,-0.3517703906193996,1,2.0,0,-0.023977259655970105,0,1,0,0,0,1,0,1,0,1,0,0,0,0,0,0,0,1,0,1,1
1,2.235112188621971,0,0,-0.3517703906193996,1,0.0,1,1.2590855502466023,0,1,1,0,0,0,0,1,0,1,0,0,0,1,0,1,1,0,0,1,2
1,-0.4474048350192824,0,0,0.8295416934968546,0,1.0,0,-0.3380949682979209,1,0,0,0,0,0,0,0,0,1,0,1,0,1,0,1,1,0,0,2,1
1,2.235112188621971,0,0,-1.0035287818559535,1,0.0,1,1.18097162270072,0,1,1,0,0,0,0,0,0,1,0,0,0,1,0,1,0,1,0,0,2
1,-0.4474048350192824,1,1,0.7480718945922853,1,2.0,0,-0.15195114095454254,0,0,0,0,0,1,0,1,0,0,0,1,0,0,0,0,1,0,0,2,1
1,-0.4474048350192824,1,0,1.5627698836379778,1,2.0,1,1.6961911448118565,0,1,1,0,0,1,0,1,0,1,0,1,0,1,0,1,0,0,0,2,2
0,-0.4474048350192824,1,1,-0.47397508897625346,1,0.0,1,-0.6688326615241019,0,0,0,0,0,0,0,0,0,0,0,0,0,0,0,0,0,1,0,1,1
0,-0.4474048350192824,1,0,1.31836048692427,1,1.0,1,1.1660136365749132,0,1,1,0,0,1,0,1,0,0,0,1,0,1,0,0,0,0,0,2,2
1,2.235112188621971,1,1,1.6035047830902625,1,2.0,1,1.6845571556028955,0,1,1,0,0,1,0,1,0,1,0,1,0,1,0,1,1,0,0,2,2
1,-0.4474048350192824,0,0,0.17778330226030056,1,0.0,1,0.1754625553547924,0,0,1,0,0,0,0,0,0,0,0,0,0,0,0,0,0,0,1,2,2
0,-0.4474048350192824,1,1,-0.7998542845945305,1,0.0,1,-0.06386522265812247,0,0,0,0,0,1,0,0,0,1,0,0,0,0,0,1,0,0,1,1,1
0,-0.4474048350192824,0,0,-0.9627938824036689,1,0.0,0,0.19706853531429186,0,0,1,0,0,0,0,0,0,0,0,0,0,0,0,0,0,1,0,0,2
0,-0.4474048350192824,0,0,-0.47397508897625346,1,0.0,1,1.1327736674064528,0,0,1,0,0,0,0,1,0,0,0,1,0,1,0,1,0,0,0,1,2
0,-0.4474048350192824,1,0,-1.2479381785696613,1,0.0,1,-0.09710519182658288,0,0,0,0,0,1,0,0,0,0,0,0,0,0,0,1,0,0,1,0,1
1,-0.4474048350192824,0,0,-1.2479381785696613,1,0.0,0,-0.5259007940997222,0,0,0,0,0,0,0,1,0,0,0,0,0,0,0,0,0,0,1,0,1
0,-0.4474048350192824,1,0,1.5220349841856933,1,1.0,1,1.0829137136537623,0,1,1,0,0,0,0,0,0,1,0,0,0,1,0,1,0,1,0,2,2
0,-0.4474048350192824,0,0,-1.288673078021946,0,1.0,0,-1.303716072641696,1,0,0,0,0,0,0,0,0,0,0,0,0,0,0,0,0,0,1,0,0
1,-0.4474048350192824,1,1,1.3590953863765547,0,2.0,0,-0.346404960590036,1,0,0,0,0,0,0,0,0,1,0,1,0,1,0,1,0,0,0,2,1
1,-0.4474048350192824,0,0,-0.025891195001122566,1,1.0,1,-0.007357275071739895,0,0,0,0,0,0,0,0,0,0,0,0,0,1,0,1,0,0,0,2,1
1,-0.4474048350192824,0,0,-1.288673078021946,1,0.0,0,-1.534733858362496,0,0,0,1,1,0,1,0,1,0,1,0,1,0,1,0,0,0,1,0,0
1,-0.4474048350192824,0,0,0.7480718945922853,1,1.0,0,-0.17189512245561883,0,1,0,0,0,1,0,0,0,0,0,1,0,0,0,0,1,0,0,2,1
1,-0.4474048350192824,1,0,1.6035047830902625,1,2.0,1,0.6707380959648528,0,1,0,0,0,1,0,1,0,1,0,0,0,1,0,1,0,1,0,2,2
1,2.235112188621971,0,0,-1.288673078021946,0,0.0,1,-1.3286460495180412,1,0,0,0,0,0,0,0,0,0,0,0,0,0,0,0,0,1,0,0,0
0,-0.4474048350192824,1,1,-1.166468379665092,1,0.0,0,0.5244822316236268,0,0,1,0,0,0,0,0,0,0,0,0,0,0,0,1,0,1,0,0,2
1,-0.4474048350192824,0,1,-0.31103549116711493,0,1.0,1,-0.8117645289484818,1,0,0,0,0,1,0,0,0,0,0,0,0,1,0,0,1,0,0,2,1
1,2.235112188621971,0,0,1.31836048692427,1,0.0,1,1.1311116689480294,0,0,1,0,0,0,0,1,0,1,0,0,0,1,0,1,0,0,0,2,2
0,-0.4474048350192824,0,0,0.17778330226030056,0,0.0,1,-0.826722515074289,1,0,0,0,0,0,0,0,0,1,0,0,0,0,0,1,1,0,0,2,1
1,-0.4474048350192824,1,1,1.6035047830902625,1,2.0,0,0.23363250139959815,0,1,0,0,0,1,0,1,0,1,0,1,0,0,0,0,1,0,0,2,2
0,-0.4474048350192824,0,0,0.666602095687716,1,0.0,1,0.6458081190885075,0,1,1,0,0,0,0,0,0,0,0,0,0,0,0,1,0,1,0,2,2
0,-0.4474048350192824,0,0,-0.7998542845945305,0,0.0,1,-1.137516226799394,1,0,0,0,0,1,0,0,0,0,0,0,0,0,0,0,0,0,0,1,0
1,2.235112188621971,0,0,0.13704840280801595,1,0.0,1,0.856881923308231,0,1,1,0,0,1,0,0,0,0,0,0,0,1,0,0,0,1,0,2,2
0,-0.4474048350192824,0,1,-1.288673078021946,1,0.0,0,-0.504294814140223,0,0,0,0,0,1,0,0,0,0,0,0,0,0,0,0,0,0,1,0,1
0,-0.4474048350192824,1,1,1.5220349841856933,1,1.0,1,1.4319333899225966,0,1,1,0,0,1,0,1,0,1,0,0,0,1,0,1,1,0,0,2,2
1,-0.4474048350192824,0,0,-1.288673078021946,1,0.0,0,-0.4594208557628014,0,0,0,0,0,1,0,0,0,0,0,0,0,0,0,0,0,0,1,0,1
1,-0.4474048350192824,1,1,-1.0442636813082382,1,0.0,1,0.20870252452325283,0,0,0,0,0,1,0,0,0,1,0,1,0,0,0,1,1,0,0,0,2
1,-0.4474048350192824,1,1,-0.3517703906193996,1,0.0,1,0.17380055689636947,0,0,0,0,0,1,0,1,0,0,0,1,0,0,0,1,1,0,0,1,2
1,-0.4474048350192824,1,1,-0.2295656922625457,1,0.0,0,1.1859576180759894,0,1,1,0,0,1,0,1,0,0,0,1,0,1,0,0,0,1,0,2,2
0,2.235112188621971,0,0,-0.7998542845945305,1,0.0,1,1.0563217383189936,0,0,1,0,0,0,0,0,0,1,0,0,0,1,0,1,0,1,0,1,2
1,-0.4474048350192824,0,1,0.8295416934968546,1,1.0,0,-0.0738372134086605,0,0,0,0,0,1,0,1,0,0,0,1,0,0,0,0,1,0,0,2,1
1,-0.4474048350192824,1,0,0.09631350335573131,1,0.0,1,0.8236419541397706,0,1,1,0,0,0,0,0,0,0,0,1,0,0,0,1,0,0,0,2,2
0,-0.4474048350192824,1,1,1.5220349841856933,1,2.0,1,1.5948092388480524,0,1,1,0,0,1,0,1,0,1,0,1,0,1,0,1,1,0,0,2,2
1,2.235112188621971,1,0,-0.3517703906193996,1,0.0,1,0.45800229328670594,0,1,1,0,0,1,0,0,0,0,0,0,0,0,0,0,0,1,0,1,2
0,-0.4474048350192824,0,0,-1.0849985807605227,1,0.0,0,-1.4749019138592672,0,0,0,1,1,0,1,0,1,0,1,0,1,0,1,0,0,0,1,0,0
1,-0.4474048350192824,0,0,1.1961557885674161,1,0.0,1,0.5095242454978199,0,0,0,0,0,0,0,1,0,1,0,1,0,1,0,1,0,0,0,2,2
1,-0.4474048350192824,0,0,-0.14809589335797643,1,0.0,0,0.8169939603060788,0,0,1,0,0,0,0,1,0,0,0,1,0,1,0,0,0,0,1,2,2
0,-0.4474048350192824,1,0,-1.2479381785696613,1,0.0,1,0.1754625553547924,0,0,1,0,0,0,0,0,0,0,0,0,0,0,0,0,0,1,0,0,2
1,-0.4474048350192824,0,0,-0.840589184046815,1,0.0,1,1.3837354346283288,0,1,1,0,0,0,0,1,0,1,0,0,0,1,0,1,0,1,0,0,2
1,-0.4474048350192824,0,0,1.0332161907582778,1,1.0,1,1.315593497832985,0,1,1,0,0,0,0,0,0,1,0,1,0,1,0,1,0,1,0,2,2
1,2.235112188621971,1,1,-0.9220589829513843,0,0.0,1,-1.0145283408760906,1,0,0,0,0,0,0,0,0,0,0,0,0,0,0,1,0,0,0,0,0
0,-0.4474048350192824,1,1,-0.10736099390569181,1,1.0,0,-1.5131278784029967,0,0,0,1,1,0,1,0,1,0,1,0,1,0,1,0,0,0,0,2,0
0,-0.4474048350192824,0,0,-1.288673078021946,1,0.0,1,-0.6704946599825251,0,0,0,0,0,0,0,0,0,0,0,0,0,0,0,0,0,0,0,0,1
0,-0.4474048350192824,1,0,0.17778330226030056,1,1.0,1,1.1344356658648758,0,1,1,0,0,1,0,0,0,1,0,1,0,0,0,1,0,1,0,2,2
1,-0.4474048350192824,1,1,1.5220349841856933,1,2.0,0,1.1045196936132613,0,1,1,0,0,0,0,1,0,0,0,0,0,1,0,1,0,0,0,2,2
0,-0.4474048350192824,1,1,1.3998302858288394,1,1.0,1,1.4734833513831722,0,1,1,0,0,1,0,0,0,1,0,1,0,1,0,1,0,1,0,2,2
0,-0.4474048350192824,0,0,-1.2072032791173766,1,1.0,1,0.16216656768740853,0,0,0,0,0,0,0,0,0,1,0,0,0,1,0,1,0,1,0,0,1
1,2.235112188621971,1,0,0.7888067940445699,1,1.0,1,1.308945503999293,0,0,1,0,0,1,0,0,0,1,0,1,0,1,0,1,0,0,0,2,2
0,-0.4474048350192824,0,0,0.6258671962354314,1,0.0,1,1.2890015224982165,0,1,1,0,0,0,0,0,0,1,0,1,0,1,0,1,0,1,0,2,2
0,-0.4474048350192824,0,0,0.2592531011648698,0,1.0,1,-0.823398518157443,1,0,0,0,0,1,0,1,0,0,0,1,0,0,0,0,0,0,0,2,1
0,2.235112188621971,1,0,1.5220349841856933,1,2.0,1,1.5931472403896294,0,1,1,0,0,1,0,1,0,1,0,1,0,1,0,1,1,0,0,2,2
1,-0.4474048350192824,1,0,0.2999880006171544,1,0.0,1,-0.4959848218481079,0,0,0,0,0,0,0,1,0,0,0,0,0,0,0,0,0,0,1,2,1
1,2.235112188621971,1,0,0.8295416934968546,1,1.0,1,-0.1669091270803498,0,1,0,0,0,1,0,0,0,0,0,1,0,0,0,0,0,1,0,2,1
0,-0.4474048350192824,1,0,-0.5554448878808227,1,0.0,1,0.2701964674849049,0,0,1,0,0,1,0,0,0,0,0,0,0,0,0,0,0,1,0,1,2
1,2.235112188621971,0,0,-0.39250529007168417,0,0.0,1,-1.0112043439592444,1,0,0,0,0,0,0,0,0,0,0,0,0,0,0,1,0,0,0,1,0
0,-0.4474048350192824,1,0,-0.2703005917148303,1,0.0,0,0.6923440759243523,0,0,1,0,0,0,0,0,0,0,0,1,0,0,0,1,1,0,0,2,2
1,-0.4474048350192824,0,0,-0.5554448878808227,1,0.0,1,0.43805831178562993,0,0,1,0,0,0,0,1,0,1,0,0,0,0,0,0,0,1,0,1,2
0,-0.4474048350192824,0,0,0.09631350335573131,1,0.0,1,1.1693376334917591,0,1,1,0,0,0,0,0,0,1,0,0,0,1,0,1,0,1,0,2,2
1,-0.4474048350192824,1,1,1.114685989662847,1,2.0,0,-1.4798879092345363,0,0,0,1,1,0,1,0,1,0,1,0,1,0,1,0,0,0,1,2,0
1,-0.4474048350192824,1,1,0.13704840280801595,1,1.0,1,-0.0455832396154691,0,0,0,0,0,1,0,0,0,1,0,0,0,0,0,1,1,0,0,2,1
0,-0.4474048350192824,1,0,1.2776255874719855,1,1.0,0,-0.22341707466673238,0,1,0,0,0,0,0,0,0,1,0,1,0,0,0,0,0,0,0,2,1
1,2.235112188621971,1,0,-0.6776495862376766,1,0.0,1,0.30676043357021116,0,0,1,0,0,0,0,1,0,0,0,0,0,0,0,0,1,0,0,1,2
1,-0.4474048350192824,1,0,0.7480718945922853,1,1.0,1,0.8402619387240008,0,1,1,0,0,0,0,1,0,0,0,0,0,0,0,1,1,0,0,2,2
0,-0.4474048350192824,1,0,0.9517463918537085,1,2.0,0,0.5062002485809737,0,0,1,0,0,1,0,0,0,1,0,0,0,0,0,0,0,0,0,2,2
0,-0.4474048350192824,1,1,0.17778330226030056,1,0.0,1,0.7887399865128872,0,1,1,0,0,0,0,1,0,0,0,0,0,1,0,0,0,1,0,2,2
1,-0.4474048350192824,0,0,-1.288673078021946,1,0.0,1,0.4796082732462054,0,0,1,0,0,0,0,0,0,0,0,0,0,1,0,0,0,1,0,0,2
1,-0.4474048350192824,0,0,-1.0035287818559535,0,0.0,1,-1.150812214466778,1,0,0,0,0,1,0,0,0,0,0,0,0,0,0,0,0,1,0,0,0
1,-0.4474048350192824,0,0,0.6258671962354314,1,2.0,0,-1.4931838969019204,0,0,0,1,1,0,1,0,1,0,1,0,1,0,1,0,1,0,0,2,0
0,-0.4474048350192824,1,0,-0.2295656922625457,1,0.0,0,0.9948277953573419,0,1,1,0,0,0,0,0,0,0,0,0,0,1,0,1,1,0,0,2,2
1,-0.4474048350192824,0,0,-1.1257334802128074,1,0.0,1,-1.523099869153535,0,0,0,1,1,0,1,0,1,0,1,0,1,0,1,0,0,0,1,0,0
1,-0.4474048350192824,1,1,1.31836048692427,1,2.0,1,0.32338041815444135,0,0,0,0,0,1,0,0,0,0,0,1,0,1,0,1,0,0,0,2,2
1,-0.4474048350192824,0,0,1.4813000847334086,1,2.0,1,1.3770874407946367,0,1,1,0,0,0,0,0,0,1,0,1,0,1,0,1,0,0,0,2,2
1,-0.4474048350192824,0,0,0.09631350335573131,1,0.0,0,-1.4732399154008442,0,0,0,1,1,0,1,0,1,0,1,0,1,0,1,0,0,0,0,2,0
1,-0.4474048350192824,0,0,-1.2479381785696613,1,0.0,1,1.0230817691505332,0,0,1,0,0,0,0,0,0,1,0,0,0,1,0,1,0,1,0,0,2
0,-0.4474048350192824,1,1,-0.6776495862376766,1,2.0,0,0.10565862010102571,0,0,0,0,0,1,0,1,0,0,0,1,0,0,0,1,0,0,0,1,1
0,-0.4474048350192824,1,0,0.7480718945922853,1,0.0,0,0.13557459235264027,0,0,1,0,0,0,0,0,0,0,0,0,0,0,0,0,0,0,1,2,1
0,-0.4474048350192824,0,1,-1.288673078021946,1,0.0,0,-0.35139095596530506,0,0,0,0,0,1,0,0,0,0,0,1,0,0,0,0,0,1,0,0,1
0,-0.4474048350192824,1,1,0.8295416934968546,1,1.0,0,-1.5131278784029967,0,0,0,1,1,0,1,0,1,0,1,0,1,0,1,0,0,0,0,2,0
1,-0.4474048350192824,1,1,0.21851820171258518,1,1.0,0,0.4613262902035523,0,1,0,0,0,0,0,1,0,1,0,0,0,1,0,1,1,0,0,2,2
0,-0.4474048350192824,0,1,-0.5554448878808227,1,0.0,1,0.3599443842397481,0,1,0,0,0,1,0,1,0,0,0,1,0,1,0,0,0,0,1,1,2
1,-0.4474048350192824,0,0,-0.2295656922625457,1,0.0,1,-1.5181138737782658,0,0,0,1,1,0,1,0,1,0,1,0,1,0,1,0,0,1,0,2,0
0,-0.4474048350192824,0,0,-0.6776495862376766,1,0.0,1,-0.06718921957496855,0,1,0,0,0,0,0,0,0,0,0,0,0,0,0,1,0,0,0,1,1
0,2.235112188621971,0,0,0.666602095687716,1,0.0,1,0.856881923308231,0,1,1,0,0,0,0,0,0,1,0,0,0,0,0,1,1,0,0,2,2
1,2.235112188621971,1,1,-1.288673078021946,1,0.0,1,-0.5259007940997222,0,0,0,0,0,0,0,0,0,0,0,1,0,0,0,0,1,0,0,0,1
0,-0.4474048350192824,0,0,0.2592531011648698,0,1.0,0,-0.7951445443642516,1,0,0,0,0,1,0,1,0,0,0,1,0,0,0,0,0,0,0,2,1
0,-0.4474048350192824,1,0,-0.5147099884285381,1,0.0,0,0.5760041838347408,0,1,1,0,0,1,0,0,0,0,0,0,0,0,0,0,0,1,0,1,2
1,-0.4474048350192824,1,1,-0.31103549116711493,1,0.0,1,-1.3186740587675032,0,1,0,1,1,0,1,0,1,0,1,0,1,0,1,0,0,0,0,2,0
0,-0.4474048350192824,0,0,1.114685989662847,1,1.0,1,0.1688145615211007,0,0,0,0,0,0,0,1,0,1,0,1,0,1,0,0,1,0,0,2,2
0,-0.4474048350192824,1,0,1.2368906880197008,1,1.0,1,0.5344542223741653,0,0,1,0,0,1,0,0,0,1,0,0,0,0,0,0,1,0,0,2,2
0,-0.4474048350192824,0,0,-0.7998542845945305,1,0.0,1,0.6441461206300846,0,1,1,0,0,0,0,1,0,1,0,0,0,0,0,0,0,1,0,1,2
1,2.235112188621971,1,0,1.6035047830902625,1,1.0,1,1.069617725986378,0,1,1,0,0,0,0,1,0,0,0,0,0,1,0,1,1,0,0,2,2
0,-0.4474048350192824,1,1,1.5627698836379778,1,2.0,0,-1.5031558876524584,0,0,0,1,1,0,1,0,1,0,1,0,1,0,1,0,0,0,0,2,0
0,-0.4474048350192824,0,0,-0.840589184046815,1,0.0,1,-0.5209147987244532,0,0,0,0,0,0,0,1,0,0,0,0,0,0,0,0,0,1,0,0,1
1,2.235112188621971,1,0,1.0739510902105622,1,0.0,1,0.9566018308136123,0,1,1,0,0,0,0,0,0,0,0,0,0,1,0,1,0,0,0,2,2
0,-0.4474048350192824,1,0,-0.8813240834990996,1,0.0,1,1.0347157583594946,0,1,1,0,0,1,0,0,0,0,0,1,0,1,0,0,1,0,0,0,2
1,-0.4474048350192824,1,0,1.114685989662847,1,1.0,0,-1.3602240202280789,0,1,0,1,1,0,1,0,1,0,1,0,1,0,1,0,0,0,0,2,0
1,-0.4474048350192824,1,0,1.4405651852811239,1,2.0,1,0.855219924849808,0,1,0,0,0,1,0,1,0,1,0,1,0,1,0,1,1,0,0,2,2
0,-0.4474048350192824,1,1,0.17778330226030056,1,0.0,0,-1.5197758722366888,0,0,0,1,1,0,1,0,1,0,1,0,1,0,1,0,0,1,0,2,0
1,-0.4474048350192824,1,1,0.5851322967831468,1,0.0,0,0.8302899479734628,0,0,1,0,0,1,0,0,0,1,0,0,0,0,0,1,0,1,0,2,2
0,-0.4474048350192824,1,0,-1.0035287818559535,1,0.0,0,1.1992536057433736,0,0,1,0,0,0,0,1,0,1,0,0,0,1,0,1,0,1,0,0,2
0,2.235112188621971,0,0,-1.288673078021946,1,0.0,1,0.4696362824956674,0,0,1,0,0,0,0,0,0,0,0,0,0,1,0,0,0,1,0,0,2
1,-0.4474048350192824,1,1,-1.0035287818559535,1,1.0,0,-1.3519140279359636,0,1,0,1,1,0,1,0,1,0,1,0,1,0,1,0,0,0,1,0,0
0,-0.4474048350192824,1,0,1.0332161907582778,0,1.0,1,-0.6555366738567179,1,0,0,0,0,1,0,1,0,0,0,0,0,1,0,0,0,1,0,2,1
1,-0.4474048350192824,0,0,-0.5147099884285381,1,0.0,0,-0.022315261197546708,0,0,0,0,0,1,0,0,0,1,0,0,0,0,0,1,1,0,0,1,1
0,-0.4474048350192824,0,0,-1.0849985807605227,1,0.0,1,0.13889858926948614,0,0,1,0,0,0,0,0,0,0,0,0,0,0,0,0,0,0,1,0,1
1,-0.4474048350192824,0,0,1.3590953863765547,1,1.0,1,1.3022975101656007,0,1,1,0,0,0,0,1,0,0,0,1,0,1,0,1,0,1,0,2,2
1,-0.4474048350192824,1,1,1.31836048692427,1,2.0,0,-1.5014938891940355,0,0,0,1,1,0,1,0,1,0,1,0,1,0,1,0,0,0,1,2,0
1,-0.4474048350192824,1,1,-0.5554448878808227,1,1.0,1,-0.5358727848502602,0,0,0,0,0,1,0,0,0,0,0,0,0,0,0,0,0,0,0,1,1
1,-0.4474048350192824,0,0,1.3590953863765547,1,0.0,0,0.8086839680139638,0,1,1,0,0,0,0,1,0,0,0,0,0,0,0,1,1,0,0,2,2
0,-0.4474048350192824,0,0,-1.0035287818559535,1,0.0,0,-1.5247618676119576,0,0,0,1,1,0,1,0,1,0,1,0,1,0,1,0,0,0,1,0,0
0,-0.4474048350192824,1,1,-0.5147099884285381,1,0.0,0,-1.4965078938187666,0,0,0,1,1,0,1,0,1,0,1,0,1,0,1,0,0,0,1,1,0
1,-0.4474048350192824,0,0,1.1961557885674161,1,2.0,0,0.1438845846447554,0,1,0,0,0,1,0,1,0,1,0,1,0,0,0,0,0,0,0,2,1
0,-0.4474048350192824,1,1,-0.18883079281026105,1,1.0,0,-1.5014938891940355,0,0,0,1,1,0,1,0,1,0,1,0,1,0,1,0,0,0,1,2,0
0,-0.4474048350192824,1,1,1.3998302858288394,0,2.0,1,-0.18352911166458002,1,0,0,0,0,0,0,1,0,1,0,1,0,1,0,1,0,1,0,2,1
0,-0.4474048350192824,0,0,-0.636914686785392,1,1.0,0,-1.4931838969019204,0,0,0,1,1,0,1,0,1,0,1,0,1,0,1,0,0,0,1,1,0
1,-0.4474048350192824,0,0,-1.166468379665092,1,0.0,0,0.6973300712996211,0,0,1,0,0,0,0,0,0,1,0,0,0,0,0,1,0,1,0,0,2
0,-0.4474048350192824,1,1,-0.8813240834990996,1,0.0,0,-0.4677308480549165,0,0,0,0,0,1,0,0,0,0,0,0,0,0,0,0,0,0,0,0,1
0,-0.4474048350192824,1,0,0.09631350335573131,1,0.0,0,-0.27327702841942303,0,0,0,0,0,0,0,1,0,0,0,1,0,0,0,0,0,1,0,2,1
0,-0.4474048350192824,1,0,0.7888067940445699,0,2.0,0,0.039178681764104877,1,0,0,0,0,1,0,1,0,1,0,1,0,1,0,1,1,0,0,2,1
0,-0.4474048350192824,0,0,0.46292759842629294,1,0.0,1,0.6557801098390456,0,1,1,0,0,0,0,1,0,1,0,0,0,0,0,0,0,0,0,2,2
0,2.235112188621971,1,0,-1.0442636813082382,1,0.0,1,0.6474701175469304,0,1,1,0,0,0,0,0,0,0,0,0,0,0,0,1,0,1,0,0,2
1,-0.4474048350192824,0,0,-0.3517703906193996,1,0.0,1,0.8402619387240008,0,0,1,0,0,0,0,0,0,0,0,0,0,1,0,1,0,1,0,1,2
0,2.235112188621971,0,0,-0.4332401895239688,1,0.0,1,0.31008443048705747,0,1,1,0,0,0,0,0,0,0,0,0,0,0,0,0,0,0,0,1,2
0,-0.4474048350192824,0,0,0.8295416934968546,1,1.0,1,1.170999631950182,0,0,1,0,0,0,0,1,0,1,0,0,0,1,0,1,0,0,1,2,2
1,-0.4474048350192824,0,1,1.2368906880197008,0,1.0,1,-0.8134265274069048,1,0,0,0,0,1,0,1,0,0,0,1,0,0,0,0,0,0,0,2,1
1,-0.4474048350192824,1,1,-0.10736099390569181,1,0.0,1,0.61423014837847,0,1,1,0,0,0,0,1,0,0,0,1,0,0,0,0,0,0,0,2,2
1,-0.4474048350192824,0,0,-0.7998542845945305,1,0.0,1,-1.4848739046098054,0,0,0,1,1,0,1,0,1,0,1,0,1,0,1,0,0,1,0,1,0
0,-0.4474048350192824,1,0,0.3814577995217237,0,1.0,0,-1.047768310044551,1,0,0,0,0,0,0,1,0,0,0,1,0,0,0,0,0,0,1,2,0
0,2.235112188621971,1,0,-1.288673078021946,1,0.0,1,-0.5159288033491842,0,0,0,0,0,1,0,0,0,0,0,0,0,0,0,0,0,1,0,0,1
1,-0.4474048350192824,0,0,-0.4332401895239688,1,0.0,1,0.15385657539529343,0,0,1,0,0,0,0,0,0,0,0,0,0,0,0,0,0,0,1,1,1
1,-0.4474048350192824,1,1,-0.4332401895239688,1,0.0,1,-0.4644068511380704,0,0,0,0,0,0,0,0,0,0,0,1,0,0,0,0,0,1,0,1,1
1,-0.4474048350192824,1,1,1.4405651852811239,1,2.0,1,-1.3652100156033478,0,1,0,1,1,0,1,0,1,0,1,0,1,0,1,0,0,0,0,2,0
0,-0.4474048350192824,1,1,-1.166468379665092,1,0.0,0,-0.4909988264728389,0,0,0,0,0,1,0,0,0,0,0,0,0,0,0,0,0,1,0,0,1
0,-0.4474048350192824,0,0,0.21851820171258518,1,1.0,0,0.6325121314211232,0,1,0,0,0,1,0,1,0,1,0,0,0,1,0,1,0,0,0,2,2
0,-0.4474048350192824,0,0,-0.5554448878808227,0,0.0,1,-0.8433424996585192,1,0,0,0,0,0,0,1,0,0,0,0,0,0,0,1,0,1,0,1,1
1,-0.4474048350192824,1,1,0.5851322967831468,1,0.0,0,-0.35970094825742016,0,1,0,0,0,0,0,1,0,0,0,0,0,0,0,0,0,1,0,2,1
1,-0.4474048350192824,1,0,-1.1257334802128074,1,0.0,1,0.9765458123146887,0,0,1,0,0,0,0,0,0,1,0,0,0,1,0,1,0,1,0,0,2
0,-0.4474048350192824,0,0,-1.288673078021946,1,0.0,0,0.14887058002002418,0,0,1,0,0,0,0,0,0,0,0,0,0,0,0,0,0,0,1,0,1
0,-0.4474048350192824,0,0,0.7073369951400007,1,2.0,1,1.1676756350333362,0,0,1,0,0,0,0,1,0,0,0,1,0,1,0,1,0,0,1,2,2
0,-0.4474048350192824,1,0,1.5220349841856933,1,2.0,0,-1.5164518753198426,0,0,0,1,1,0,1,0,1,0,1,0,1,0,1,0,0,0,0,2,0
1,-0.4474048350192824,0,0,-1.288673078021946,0,0.0,1,-1.3569000233112327,1,0,0,0,0,0,0,0,0,0,0,0,0,0,0,0,0,1,0,0,0
1,-0.4474048350192824,1,0,1.3998302858288394,1,1.0,1,1.1909436134512585,0,0,1,0,0,1,0,1,0,0,0,0,0,1,0,1,1,0,0,2,2
1,-0.4474048350192824,0,1,-1.288673078021946,1,0.0,1,-0.504294814140223,0,0,0,0,0,0,0,0,0,0,0,1,0,0,0,0,0,0,1,0,1
0,-0.4474048350192824,0,0,-0.14809589335797643,1,0.0,1,0.45966429174512935,0,0,1,0,0,0,0,0,0,0,0,0,0,1,0,0,0,1,0,2,2
1,-0.4474048350192824,0,0,-1.2479381785696613,1,0.0,1,0.4945662593720127,0,0,1,0,0,0,0,0,0,0,0,0,0,1,0,0,0,1,0,0,2
0,2.235112188621971,0,0,-0.4332401895239688,1,0.0,1,0.15551857385371634,0,0,0,0,0,1,0,0,0,1,0,1,0,0,0,1,0,0,1,1,1
0,-0.4474048350192824,1,0,-1.166468379665092,1,1.0,0,-1.4815499076929592,0,0,0,1,1,0,1,0,1,0,1,0,1,0,1,0,0,0,0,0,0
1,-0.4474048350192824,1,1,1.3998302858288394,1,1.0,0,0.7422040296770429,0,1,1,0,0,0,0,1,0,1,0,0,0,0,0,0,0,1,0,2,2
1,-0.4474048350192824,1,1,0.34072290006943906,1,2.0,1,-1.4981698922771896,0,0,0,1,1,0,1,0,1,0,1,0,1,0,1,0,0,0,1,2,0
1,-0.4474048350192824,0,0,-1.288673078021946,1,0.0,1,0.5527362054168184,0,1,1,0,0,1,0,0,0,0,0,0,0,0,0,0,0,1,0,0,2
0,-0.4474048350192824,0,0,1.0739510902105622,1,2.0,0,-1.3502520294775406,0,1,0,1,1,0,1,0,1,0,1,0,1,0,1,0,0,1,0,2,0
0,-0.4474048350192824,0,0,0.8295416934968546,0,1.0,1,-0.38130692821691936,1,0,0,0,0,1,0,1,0,1,0,1,0,1,0,0,0,1,0,2,1
1,-0.4474048350192824,1,0,0.8295416934968546,1,1.0,0,0.40980433799243876,0,1,0,0,0,1,0,0,0,1,0,1,0,1,0,0,0,0,0,2,2
1,-0.4474048350192824,0,0,-1.288673078021946,1,0.0,1,-0.5076188110570691,0,0,0,0,0,1,0,0,0,0,0,0,0,0,0,0,1,0,0,0,1
1,-0.4474048350192824,0,0,0.5036624978785775,1,1.0,0,-1.5363958568209188,0,0,0,1,1,0,1,0,1,0,1,0,1,0,1,0,0,0,0,2,0
1,-0.4474048350192824,1,0,1.0739510902105622,0,0.0,1,-0.7984685412810978,1,0,0,0,0,0,0,1,0,0,0,0,0,0,0,1,0,0,0,2,1
0,-0.4474048350192824,1,1,1.4405651852811239,1,2.0,1,1.2856775255813706,0,1,1,0,0,0,0,1,0,0,0,1,0,1,0,1,1,0,0,2,2
1,-0.4474048350192824,0,0,-1.288673078021946,1,0.0,0,-1.5081418830277276,0,0,0,1,1,0,1,0,1,0,1,0,1,0,1,0,0,0,1,0,0
0,2.235112188621971,0,0,-0.10736099390569181,1,0.0,1,1.151055650449106,0,1,1,0,0,0,0,1,0,0,0,0,0,1,0,1,0,1,0,2,2
1,-0.4474048350192824,1,1,1.4405651852811239,1,2.0,0,0.5909621699605476,0,0,0,0,0,1,0,1,0,0,0,1,0,1,0,1,0,0,0,2,2
1,-0.4474048350192824,1,0,0.34072290006943906,1,1.0,1,0.2635484736512127,0,1,0,0,0,0,0,0,0,1,0,0,0,1,0,1,0,1,0,2,2
1,-0.4474048350192824,0,0,-0.06662609445340718,1,2.0,0,1.1427456581569908,0,0,1,0,0,0,0,0,0,1,0,1,0,1,0,1,0,0,0,2,2
0,-0.4474048350192824,0,0,-0.840589184046815,1,1.0,1,-1.5197758722366888,0,0,0,1,1,0,1,0,1,0,1,0,1,0,1,0,0,0,0,0,0
1,-0.4474048350192824,0,0,-0.3517703906193996,1,0.0,1,0.4912422624551664,0,0,1,0,0,0,0,0,0,0,0,0,0,0,0,1,1,0,0,1,2
1,-0.4474048350192824,0,0,0.05557860390344668,1,0.0,0,-1.5081418830277276,0,0,0,1,1,0,1,0,1,0,1,0,1,0,1,0,0,0,1,2,0
1,-0.4474048350192824,0,0,0.8702765929491392,1,1.0,0,0.6424841221716616,0,0,1,0,0,1,0,0,0,1,0,1,0,0,0,0,0,1,0,2,2
1,2.235112188621971,1,0,1.4813000847334086,1,2.0,1,1.4917653344258253,0,1,1,0,0,0,0,1,0,1,0,1,0,1,0,1,0,1,0,2,2
0,-0.4474048350192824,0,0,0.17778330226030056,1,0.0,0,0.8685159125171924,0,1,1,0,0,1,0,1,0,1,0,0,0,0,0,0,0,0,0,2,2
0,-0.4474048350192824,0,0,1.31836048692427,1,2.0,1,-0.18186711320615687,0,0,0,0,0,1,0,1,0,0,0,1,0,0,0,0,0,0,1,2,1
1,-0.4474048350192824,0,0,-1.0849985807605227,1,0.0,1,0.6740620928816987,0,0,1,0,0,0,0,1,0,0,0,0,0,1,0,0,0,1,0,0,2
1,-0.4474048350192824,1,0,0.09631350335573131,0,1.0,0,-0.39626491434272665,1,0,0,0,0,1,0,0,0,1,0,0,0,1,0,1,1,0,0,2,1
0,-0.4474048350192824,1,1,-1.2479381785696613,1,0.0,0,0.17712455381321582,0,0,1,0,0,0,0,0,0,0,0,0,0,0,0,0,0,1,0,0,2
0,-0.4474048350192824,1,1,-0.7998542845945305,1,2.0,0,-1.469915918483998,0,0,0,1,1,0,1,0,1,0,1,0,1,0,1,0,0,0,1,1,0
1,-0.4474048350192824,0,0,-0.9627938824036689,0,0.0,1,-1.3452660341022715,1,0,0,0,0,0,0,0,0,0,0,0,0,0,0,0,0,0,1,0,0
0,-0.4474048350192824,1,1,1.1961557885674161,1,1.0,1,1.5200193082190165,0,1,1,0,0,0,0,1,0,1,0,1,0,1,0,1,0,1,0,2,2
0,-0.4474048350192824,1,1,1.0332161907582778,1,2.0,1,-1.5031558876524584,0,0,0,1,1,0,1,0,1,0,1,0,1,0,1,0,0,0,1,2,0
1,-0.4474048350192824,0,0,-1.0442636813082382,0,1.0,1,-0.982950370166053,1,0,0,0,0,0,0,0,0,1,0,1,0,0,0,0,1,0,0,0,1
0,-0.4474048350192824,0,0,-1.288673078021946,1,0.0,1,0.1372365908110632,0,0,1,0,0,0,0,0,0,0,0,0,0,0,0,0,0,1,0,0,1
1,-0.4474048350192824,1,1,-1.0442636813082382,1,0.0,1,0.8203179572229247,0,0,1,0,0,0,0,1,0,0,0,1,0,1,0,0,0,1,0,0,2
0,2.235112188621971,0,0,-0.2703005917148303,1,0.0,1,0.8003739757218487,0,1,1,0,0,0,0,1,0,0,0,0,0,1,0,0,0,1,0,2,2
1,-0.4474048350192824,0,0,0.992481291305993,1,1.0,1,0.7255840450928127,0,1,1,0,0,0,0,0,0,0,0,0,0,1,0,0,0,1,0,2,2
0,-0.4474048350192824,0,0,-1.288673078021946,1,0.0,1,0.17380055689636947,0,0,1,0,0,0,0,0,0,0,0,0,0,0,0,0,0,1,0,0,2
1,-0.4474048350192824,0,0,-0.7998542845945305,1,0.0,1,0.288478450527558,0,0,1,0,0,1,0,0,0,0,0,0,0,0,0,0,1,0,0,1,2
1,2.235112188621971,1,0,0.13704840280801595,1,0.0,1,1.0446877491100326,0,1,1,0,0,0,0,1,0,0,0,0,0,1,0,1,0,1,0,2,2
1,-0.4474048350192824,0,0,1.2776255874719855,1,2.0,0,0.7139500558838513,0,1,0,0,0,0,0,1,0,1,0,1,0,1,0,1,1,0,0,2,2
0,-0.4474048350192824,0,0,-0.47397508897625346,1,2.0,0,0.1987305337727148,0,0,0,0,0,1,0,1,0,0,0,1,0,1,0,0,1,0,0,1,2
1,-0.4474048350192824,1,1,1.5627698836379778,1,2.0,0,1.3455094700845993,0,1,1,0,0,1,0,0,0,1,0,0,0,1,0,1,0,1,0,2,2
1,-0.4474048350192824,1,1,1.6035047830902625,1,2.0,0,1.558245272762746,0,0,1,0,0,1,0,1,0,1,0,1,0,1,0,1,0,0,0,2,2
0,2.235112188621971,1,0,1.31836048692427,1,0.0,1,1.4734833513831722,0,1,1,0,0,1,0,1,0,1,0,0,0,1,0,1,1,0,0,2,2
0,2.235112188621971,1,0,-0.7998542845945305,0,0.0,0,-0.657198672315141,1,0,0,0,0,0,0,0,0,0,0,0,0,1,0,1,0,1,0,1,1
0,-0.4474048350192824,0,0,-0.2295656922625457,1,0.0,1,0.9798698092315347,0,1,1,0,0,0,0,0,0,0,0,0,0,1,0,1,0,0,1,2,2
0,-0.4474048350192824,0,0,-1.2072032791173766,0,0.0,0,-1.0245003316266286,1,0,0,0,0,1,0,0,0,0,0,1,0,0,0,0,0,0,1,0,0
1,2.235112188621971,0,0,1.1961557885674161,1,1.0,1,1.5183573097605936,0,1,1,0,0,0,0,1,0,1,0,1,0,1,0,1,0,0,0,2,2
1,-0.4474048350192824,0,0,-1.2072032791173766,1,0.0,1,0.40980433799243876,0,0,0,0,0,1,0,0,0,1,0,0,0,1,0,1,0,1,0,0,2
0,2.235112188621971,1,0,0.7888067940445699,1,0.0,1,1.4635113606326335,0,1,1,0,0,1,0,1,0,1,0,0,0,1,0,1,0,1,0,2,2
1,-0.4474048350192824,0,1,1.114685989662847,1,2.0,1,0.6607661052143148,0,1,0,0,0,1,0,0,0,1,0,1,0,1,0,1,0,1,0,2,2
0,-0.4474048350192824,1,1,-1.0035287818559535,1,0.0,0,-1.4632679246503062,0,0,0,1,1,0,1,0,1,0,1,0,1,0,1,0,1,0,0,0,0
1,-0.4474048350192824,1,1,0.2999880006171544,0,1.0,0,-0.1585991347882347,1,0,0,0,0,0,0,1,0,1,0,1,0,1,0,1,0,0,1,2,1
0,-0.4474048350192824,0,0,-0.8813240834990996,1,1.0,0,-0.0056952766133164965,0,0,0,0,0,0,0,0,0,1,0,1,0,0,0,1,1,0,0,0,1
0,-0.4474048350192824,1,1,-0.3517703906193996,1,1.0,0,0.44304430716089915,0,1,0,0,0,1,0,1,0,0,0,0,0,1,0,1,0,1,0,1,2
0,-0.4474048350192824,0,0,-0.4332401895239688,0,0.0,1,-0.48102683572230065,1,0,0,0,0,0,0,0,0,1,0,0,0,1,0,1,0,1,0,1,1
1,-0.4474048350192824,0,0,1.6035047830902625,1,2.0,0,1.6064432280570138,0,1,1,0,0,1,0,1,0,1,0,1,0,1,0,1,0,0,0,2,2
1,-0.4474048350192824,0,0,1.31836048692427,1,1.0,0,-1.3386180402685797,0,1,0,1,1,0,1,0,1,0,1,0,1,0,1,0,1,0,0,2,0
0,-0.4474048350192824,0,0,0.8295416934968546,1,2.0,0,-1.541381852196188,0,0,0,1,1,0,1,0,1,0,1,0,1,0,1,0,0,0,1,2,0
0,-0.4474048350192824,0,0,0.8702765929491392,1,2.0,0,0.5161722393315117,0,0,0,0,0,1,0,0,0,1,0,1,0,1,0,1,0,1,0,2,2
1,-0.4474048350192824,1,1,-0.4332401895239688,1,1.0,0,-1.4998318907356125,0,0,0,1,1,0,1,0,1,0,1,0,1,0,1,0,0,0,1,1,0
1,-0.4474048350192824,1,1,1.4405651852811239,1,2.0,1,1.3355374793340613,0,0,1,0,0,1,0,1,0,1,0,0,0,1,0,1,0,0,0,2,2
1,-0.4474048350192824,1,0,0.21851820171258518,1,2.0,0,-1.4848739046098054,0,0,0,1,1,0,1,0,1,0,1,0,1,0,1,0,0,0,0,2,0
1,-0.4474048350192824,1,1,-1.0035287818559535,1,0.0,1,-1.5197758722366888,0,0,0,1,1,0,1,0,1,0,1,0,1,0,1,0,0,0,1,0,0
1,-0.4474048350192824,0,0,1.114685989662847,1,1.0,1,1.7128111293960868,0,1,1,0,0,1,0,1,0,1,0,1,0,1,0,1,1,0,0,2,2
0,2.235112188621971,0,0,-1.1257334802128074,1,0.0,1,0.6574421082974685,0,0,1,0,0,0,0,0,0,1,0,0,0,1,0,0,0,0,1,0,2
0,-0.4474048350192824,0,0,-0.9220589829513843,1,0.0,0,-0.4610828542212243,0,0,0,0,0,0,0,1,0,0,0,0,0,0,0,0,0,1,0,0,1
1,-0.4474048350192824,0,0,1.0332161907582778,1,2.0,0,0.1671525630626773,0,0,0,0,0,0,0,1,0,1,0,1,0,1,0,0,0,0,0,2,2
1,-0.4474048350192824,1,0,1.1554208891151316,1,2.0,1,0.531130225457319,0,0,0,0,0,1,0,1,0,0,0,1,0,1,0,1,0,0,1,2,2
1,-0.4474048350192824,0,0,0.992481291305993,1,2.0,0,-1.4732399154008442,0,0,0,1,1,0,1,0,1,0,1,0,1,0,1,0,0,0,1,2,0
1,2.235112188621971,1,0,1.3998302858288394,1,1.0,1,-0.13699315482873525,0,0,0,0,0,1,0,1,0,0,0,1,0,0,0,0,0,0,0,2,1
0,-0.4474048350192824,1,1,-1.288673078021946,0,0.0,0,-1.149150216008355,1,0,0,0,0,1,0,0,0,0,0,0,0,0,0,0,0,0,0,0,0
1,-0.4474048350192824,0,0,-0.9220589829513843,1,0.0,0,0.4912422624551664,0,1,1,0,0,0,0,1,0,0,0,0,0,0,0,0,0,1,0,0,2
0,-0.4474048350192824,1,1,-1.1257334802128074,1,0.0,1,0.615892146836893,0,0,1,0,0,0,0,1,0,0,0,0,0,0,0,1,0,1,0,0,2
0,-0.4474048350192824,1,1,-1.288673078021946,0,0.0,0,-0.830046511991135,1,0,0,0,0,0,0,0,0,0,0,1,0,1,0,0,0,1,0,0,1
0,-0.4474048350192824,1,0,-0.7998542845945305,1,0.0,0,0.9649118231057273,0,1,1,0,0,0,0,1,0,1,0,0,0,1,0,0,0,1,0,1,2
0,-0.4474048350192824,0,0,-0.39250529007168417,1,0.0,0,0.602596159169509,0,0,1,0,0,0,0,1,0,1,0,1,0,0,0,0,0,0,0,1,2
1,2.235112188621971,1,0,-0.2295656922625457,1,1.0,1,0.6923440759243523,0,1,1,0,0,1,0,0,0,1,0,0,0,0,0,0,0,1,0,2,2
1,-0.4474048350192824,0,1,-0.5554448878808227,0,0.0,1,-1.3203360572259262,1,0,0,0,0,0,0,0,0,0,0,0,0,0,0,0,1,0,0,1,0
0,-0.4474048350192824,0,0,-1.0442636813082382,1,0.0,1,0.3333524089049794,0,1,1,0,0,0,0,0,0,0,0,0,0,0,0,0,0,0,0,0,2
0,2.235112188621971,0,0,-0.9627938824036689,1,0.0,0,0.34664839657236374,0,0,1,0,0,0,0,0,0,1,0,0,0,0,0,0,1,0,0,0,2
0,2.235112188621971,1,1,0.6258671962354314,1,0.0,1,1.310607502457716,0,0,1,0,0,1,0,0,0,1,0,1,0,1,0,1,0,1,0,2,2
0,-0.4474048350192824,0,0,0.7888067940445699,1,1.0,1,1.5349772943448237,0,1,1,0,0,1,0,1,0,0,0,1,0,1,0,1,1,0,0,2,2
0,-0.4474048350192824,1,0,0.5443973973308622,1,2.0,1,1.456863366798942,0,1,1,0,0,0,0,1,0,1,0,1,0,1,0,1,1,0,0,2,2
1,2.235112188621971,0,0,-0.4332401895239688,1,0.0,1,0.84524793409927,0,1,1,0,0,0,0,0,0,0,0,1,0,1,0,0,0,0,0,1,2
0,2.235112188621971,0,0,0.5036624978785775,0,1.0,0,-1.0261623300850515,1,0,0,0,0,0,0,0,0,0,0,0,0,0,0,1,0,1,0,2,0
0,-0.4474048350192824,0,0,-1.288673078021946,1,0.0,1,-0.5475067740592214,0,0,0,0,0,1,0,0,0,0,0,0,0,0,0,0,1,0,0,0,1
0,2.235112188621971,0,0,-1.1257334802128074,1,0.0,0,-0.17189512245561883,0,0,0,0,0,1,0,1,0,0,0,1,0,0,0,0,1,0,0,0,1
0,-0.4474048350192824,1,0,1.3998302858288394,1,2.0,0,0.7006540682164674,0,1,0,0,0,0,0,1,0,1,0,1,0,1,0,1,0,0,0,2,2
0,2.235112188621971,0,0,-0.7591193851422458,1,0.0,1,0.4613262902035523,0,1,1,0,0,0,0,1,0,0,0,0,0,0,0,0,0,1,0,1,2
1,-0.4474048350192824,0,0,-1.288673078021946,1,0.0,0,-1.4815499076929592,0,0,0,1,1,0,1,0,1,0,1,0,1,0,1,0,0,0,1,0,0
1,-0.4474048350192824,0,0,-0.47397508897625346,0,0.0,1,-0.9663303855818228,1,0,0,0,0,0,0,1,0,0,0,1,0,0,0,0,0,0,1,1,1
0,-0.4474048350192824,0,0,0.7073369951400007,1,1.0,0,-1.5064798845693046,0,0,0,1,1,0,1,0,1,0,1,0,1,0,1,0,0,0,0,2,0
0,-0.4474048350192824,0,0,-1.166468379665092,1,0.0,1,0.5062002485809737,0,1,1,0,0,0,0,1,0,0,0,0,0,0,0,0,0,0,1,0,2
1,2.235112188621971,1,0,-0.39250529007168417,1,0.0,1,1.308945503999293,0,1,1,0,0,0,0,1,0,1,0,0,0,1,0,1,0,1,0,1,2
0,-0.4474048350192824,0,0,-1.2479381785696613,1,0.0,1,0.7023160666748903,0,0,1,0,0,0,0,0,0,1,0,0,0,0,0,1,0,0,1,0,2
0,-0.4474048350192824,1,1,-1.2072032791173766,1,0.0,1,0.6541181113806226,0,1,1,0,0,0,0,0,0,0,0,0,0,0,0,1,0,0,0,0,2
0,-0.4474048350192824,1,0,0.9517463918537085,1,1.0,0,-1.3552380248528098,0,1,0,1,1,0,1,0,1,0,1,0,1,0,1,0,0,1,0,2,0
0,-0.4474048350192824,1,0,0.4221926989740083,1,0.0,0,0.5111862439562429,0,1,1,0,0,0,0,1,0,0,0,0,0,0,0,0,0,1,0,2,2
1,-0.4474048350192824,0,0,-1.0035287818559535,1,0.0,1,0.3250424166128643,0,1,1,0,0,0,0,0,0,0,0,0,0,0,0,0,0,1,0,0,2
1,-0.4474048350192824,1,0,-1.288673078021946,1,0.0,1,0.8535579263913852,0,0,1,0,0,0,0,0,0,0,0,0,0,1,0,1,0,1,0,0,2
0,-0.4474048350192824,0,0,-0.18883079281026105,1,0.0,1,-0.3380949682979209,0,1,0,0,0,0,0,0,0,0,0,1,0,0,0,0,1,0,0,2,1
0,2.235112188621971,1,1,1.31836048692427,1,1.0,1,1.4086654115046742,0,1,1,0,0,0,0,1,0,1,0,0,0,1,0,1,0,1,0,2,2
0,-0.4474048350192824,1,1,0.17778330226030056,1,0.0,1,1.003137787649457,0,1,1,0,0,0,0,0,0,0,0,0,0,1,0,1,0,1,0,2,2
1,-0.4474048350192824,0,0,-1.1257334802128074,1,0.0,1,-0.03727324732335399,0,0,0,0,0,0,0,0,0,1,0,1,0,1,0,0,1,0,0,0,1
1,-0.4474048350192824,0,0,-0.39250529007168417,1,0.0,0,1.00479978610788,0,0,1,0,0,0,0,1,0,0,0,0,0,1,0,1,0,0,1,1,2
1,-0.4474048350192824,0,1,0.8702765929491392,1,0.0,1,-0.3347709713810748,0,1,0,0,0,0,0,1,0,0,0,0,0,0,0,0,1,0,0,2,1
1,-0.4474048350192824,0,0,1.4405651852811239,1,1.0,1,1.7327551108971633,0,1,1,0,0,1,0,1,0,1,0,1,0,1,0,1,1,0,0,2,2
1,-0.4474048350192824,1,1,-1.1257334802128074,1,0.0,1,0.5012142532057049,0,1,1,0,0,0,0,1,0,0,0,0,0,0,0,0,0,1,0,0,2
0,-0.4474048350192824,1,1,1.0739510902105622,1,1.0,0,0.014248704887759566,0,1,0,0,0,1,0,1,0,0,0,1,0,0,0,0,0,0,1,2,1
0,2.235112188621971,1,0,0.05557860390344668,1,1.0,0,-0.028963255031238883,0,0,0,0,0,0,0,0,0,1,0,1,0,1,0,0,0,0,0,2,1
0,-0.4474048350192824,0,0,1.0332161907582778,1,2.0,0,-1.3535760263943866,0,1,0,1,1,0,1,0,1,0,1,0,1,0,1,0,1,0,0,2,0
0,-0.4474048350192824,1,1,1.2368906880197008,1,2.0,0,-1.4981698922771896,0,0,0,1,1,0,1,0,1,0,1,0,1,0,1,0,1,0,0,2,0
0,-0.4474048350192824,0,1,-0.7591193851422458,1,0.0,1,-0.17521911937246493,0,0,0,0,0,0,0,0,0,1,0,0,0,1,0,0,1,0,0,1,1
0,-0.4474048350192824,0,0,1.3590953863765547,1,1.0,1,0.9000938832272299,0,1,1,0,0,0,0,0,0,1,0,0,0,1,0,0,0,0,0,2,2
0,-0.4474048350192824,1,0,1.5627698836379778,1,2.0,1,-1.468253920025575,0,0,0,1,1,0,1,0,1,0,1,0,1,0,1,0,0,0,0,2,0
1,-0.4474048350192824,0,0,-0.840589184046815,1,0.0,0,-1.4832119061513822,0,0,0,1,1,0,1,0,1,0,1,0,1,0,1,0,0,0,1,0,0
1,2.235112188621971,0,0,-1.1257334802128074,0,0.0,0,-0.6538746753982949,1,0,0,0,0,0,0,0,0,1,0,1,0,1,0,0,1,0,0,0,1
0,-0.4474048350192824,0,0,-0.14809589335797643,1,1.0,1,-0.3264609790889597,0,1,0,0,0,0,0,1,0,0,0,0,0,0,0,0,0,1,0,2,1
0,2.235112188621971,1,0,-0.7998542845945305,1,0.0,1,0.1688145615211007,0,0,1,0,0,0,0,0,0,0,0,0,0,0,0,0,0,1,0,1,2
1,-0.4474048350192824,0,0,0.46292759842629294,1,1.0,0,-1.5147898768614196,0,0,0,1,1,0,1,0,1,0,1,0,1,0,1,0,1,0,0,2,0
1,-0.4474048350192824,1,0,0.7480718945922853,1,0.0,1,0.9831938061483809,0,1,1,0,0,0,0,0,0,0,0,0,0,1,0,1,0,1,0,2,2
0,-0.4474048350192824,0,0,-1.166468379665092,1,0.0,1,0.5012142532057049,0,1,1,0,0,1,0,0,0,0,0,0,0,0,0,0,0,1,0,0,2
1,-0.4474048350192824,0,0,-0.9627938824036689,1,0.0,1,-1.533071859904073,0,0,0,1,1,0,1,0,1,0,1,0,1,0,1,0,0,0,1,0,0
1,2.235112188621971,1,0,1.1961557885674161,1,1.0,1,1.2856775255813706,0,1,1,0,0,0,0,1,0,1,0,0,0,1,0,1,0,1,0,2,2
0,-0.4474048350192824,1,0,-0.5147099884285381,1,1.0,0,-1.4865359030682284,0,0,0,1,1,0,1,0,1,0,1,0,1,0,1,0,0,0,1,1,0
0,-0.4474048350192824,0,1,-1.2479381785696613,1,0.0,1,0.9682358200225737,0,1,1,0,0,0,0,0,0,0,0,0,0,1,0,1,0,0,0,0,2
0,-0.4474048350192824,0,0,-1.0442636813082382,1,0.0,1,0.47296027941251323,0,0,1,0,0,0,0,0,0,0,0,0,0,0,0,1,0,1,0,0,2
1,-0.4474048350192824,0,0,-1.0035287818559535,0,0.0,1,-1.3236600541427723,1,0,0,0,0,0,0,0,0,0,0,0,0,0,0,0,1,0,0,0,0
0,2.235112188621971,1,0,-0.06662609445340718,0,1.0,1,-0.4876748295559928,1,0,0,0,0,1,0,1,0,1,0,0,0,0,0,1,1,0,0,2,1
0,2.235112188621971,1,0,-1.288673078021946,1,0.0,1,-1.469915918483998,0,0,0,1,1,0,1,0,1,0,1,0,1,0,1,0,0,0,1,0,0
0,-0.4474048350192824,0,0,-1.166468379665092,0,0.0,1,-1.3502520294775406,1,0,0,0,0,0,0,0,0,0,0,0,0,0,0,0,0,1,0,0,0
0,-0.4474048350192824,0,0,-0.5147099884285381,1,2.0,0,-1.5081418830277276,0,0,0,1,1,0,1,0,1,0,1,0,1,0,1,0,0,0,1,1,0
1,2.235112188621971,1,0,1.2368906880197008,1,2.0,0,1.4435673791315575,0,1,1,0,0,1,0,1,0,1,0,0,0,1,0,1,1,0,0,2,2
0,-0.4474048350192824,1,0,-0.31103549116711493,1,0.0,1,0.31673242432074916,0,0,1,0,0,0,0,0,0,1,0,0,0,0,0,0,0,1,0,2,2
1,2.235112188621971,1,0,0.7480718945922853,0,0.0,1,-1.1840521836352385,1,0,0,0,0,0,0,1,0,0,0,0,0,0,0,0,1,0,0,2,0
0,-0.4474048350192824,0,0,-0.18883079281026105,1,1.0,0,-0.3580389497989972,0,0,0,0,0,1,0,0,0,0,0,1,0,0,0,0,0,0,1,2,1
0,2.235112188621971,1,0,-1.1257334802128074,1,0.0,1,0.30842243202863406,0,1,1,0,0,0,0,0,0,0,0,0,0,0,0,0,0,1,0,0,2
0,-0.4474048350192824,1,0,1.5627698836379778,0,2.0,0,-0.22674107158357848,1,0,0,0,0,0,0,1,0,1,0,1,0,1,0,1,0,0,0,2,1
0,2.235112188621971,0,0,-1.288673078021946,1,0.0,1,0.3117464289454804,0,1,1,0,0,0,0,0,0,0,0,0,0,0,0,0,0,0,1,0,2
0,2.235112188621971,0,0,0.2999880006171544,1,0.0,1,0.4696362824956674,0,0,1,0,0,1,0,1,0,0,0,0,0,0,0,0,1,0,0,2,2
1,-0.4474048350192824,1,0,1.5220349841856933,0,2.0,1,-0.8616244827011725,1,0,0,0,0,1,0,0,0,1,0,1,0,0,0,0,1,0,0,2,1
1,2.235112188621971,1,0,1.5627698836379778,1,1.0,1,0.8951078878519607,0,1,1,0,0,1,0,1,0,1,0,1,0,0,0,0,0,1,0,2,2
1,2.235112188621971,1,0,-0.6776495862376766,1,0.0,1,0.22366051064906012,0,0,1,0,0,0,0,0,0,0,0,0,0,0,0,0,0,0,0,1,2
0,-0.4474048350192824,1,0,1.6035047830902625,1,2.0,1,0.584314176126856,0,1,0,0,0,1,0,1,0,1,0,0,0,1,0,1,1,0,0,2,2
0,-0.4474048350192824,1,1,0.2999880006171544,1,2.0,1,-1.3386180402685797,0,1,0,1,1,0,1,0,1,0,1,0,1,0,1,0,0,0,1,2,0
1,-0.4474048350192824,0,0,0.014843704451162058,1,0.0,0,0.10565862010102571,0,0,1,0,0,0,0,0,0,0,0,0,0,0,0,0,0,1,0,2,1
1,2.235112188621971,1,1,-0.8813240834990996,1,0.0,1,0.33667640582182573,0,1,1,0,0,0,0,0,0,0,0,0,0,0,0,0,1,0,0,0,2
0,-0.4474048350192824,0,0,-1.288673078021946,1,0.0,1,0.677386089798545,0,1,1,0,0,0,0,0,0,0,0,0,0,0,0,1,0,0,1,0,2
0,-0.4474048350192824,0,0,-0.5961797873331073,1,0.0,1,0.3017744381949424,0,1,1,0,0,0,0,0,0,0,0,0,0,0,0,0,0,1,0,1,2
0,-0.4474048350192824,1,0,1.4813000847334086,1,2.0,1,-1.3336320448933103,0,1,0,1,1,0,1,0,1,0,1,0,1,0,1,0,1,0,0,2,0
0,-0.4474048350192824,1,0,1.5627698836379778,1,2.0,1,0.605920156086355,0,1,0,0,0,0,0,1,0,1,0,1,0,1,0,1,1,0,0,2,2
1,-0.4474048350192824,0,0,-0.2703005917148303,1,0.0,1,-1.4881979015266515,0,0,0,1,1,0,1,0,1,0,1,0,1,0,1,0,0,1,0,2,0
1,-0.4474048350192824,0,0,-1.288673078021946,0,0.0,1,-0.6788046522746403,1,0,0,0,0,0,0,1,0,0,0,1,0,0,0,1,0,0,1,0,1
1,-0.4474048350192824,0,0,-1.288673078021946,1,0.0,1,0.30509843511178825,0,1,1,0,0,0,0,0,0,0,0,0,0,0,0,0,0,0,1,0,2
1,-0.4474048350192824,0,0,-1.1257334802128074,1,0.0,1,0.31839442277917257,0,0,1,0,0,0,0,1,0,0,0,0,0,0,0,0,0,1,0,0,2
0,-0.4474048350192824,1,1,-0.2703005917148303,1,0.0,1,-0.1669091270803498,0,1,0,0,0,0,0,1,0,0,0,1,0,0,0,0,0,1,0,2,1
0,-0.4474048350192824,1,0,-0.2703005917148303,1,1.0,1,0.8319519464318856,0,1,0,0,0,1,0,1,0,1,0,1,0,1,0,1,1,0,0,2,2
0,-0.4474048350192824,1,1,0.6258671962354314,1,2.0,0,-1.4915218984434973,0,0,0,1,1,0,1,0,1,0,1,0,1,0,1,0,0,0,0,2,0
0,-0.4474048350192824,1,1,-0.4332401895239688,0,0.0,0,-0.8599624842427493,1,0,0,0,0,0,0,1,0,0,0,0,0,1,0,0,0,1,0,1,1
1,-0.4474048350192824,0,0,1.114685989662847,1,0.0,1,0.825303952598194,0,1,1,0,0,0,0,1,0,0,0,0,0,1,0,0,0,0,0,2,2
0,-0.4474048350192824,1,1,1.1554208891151316,1,1.0,1,0.4762842763293596,0,1,0,0,0,1,0,1,0,1,0,1,0,0,0,1,0,1,0,2,2
1,2.235112188621971,1,0,-1.0849985807605227,1,0.0,1,0.5228202331652039,0,1,1,0,0,0,0,0,0,1,0,0,0,0,0,0,0,1,0,0,2
0,-0.4474048350192824,1,1,0.17778330226030056,1,1.0,0,0.3333524089049794,0,0,0,0,0,1,0,1,0,0,0,0,0,1,0,1,0,0,0,2,2
0,-0.4474048350192824,0,0,0.13704840280801595,1,0.0,1,0.7471900250523117,0,0,1,0,0,0,0,0,0,1,0,1,0,0,0,1,0,1,0,2,2
1,-0.4474048350192824,1,0,0.014843704451162058,1,0.0,1,0.2552384813590976,0,1,0,0,0,1,0,1,0,1,0,0,0,1,0,0,0,0,0,2,2
1,-0.4474048350192824,0,1,-1.288673078021946,1,0.0,1,-1.4632679246503062,0,0,0,1,1,0,1,0,1,0,1,0,1,0,1,0,0,0,1,0,0
0,-0.4474048350192824,0,0,-0.39250529007168417,1,0.0,1,0.9449678416046513,0,1,1,0,0,0,0,0,0,0,0,0,0,1,0,1,0,1,0,1,2
0,-0.4474048350192824,1,1,1.6035047830902625,1,2.0,0,-1.5081418830277276,0,0,0,1,1,0,1,0,1,0,1,0,1,0,1,0,1,0,0,2,0
0,-0.4474048350192824,1,1,1.3998302858288394,1,1.0,1,0.9732218153978425,0,1,1,0,0,1,0,0,0,0,0,1,0,0,0,1,1,0,0,2,2
0,-0.4474048350192824,1,1,1.0332161907582778,1,2.0,0,-1.5131278784029967,0,0,0,1,1,0,1,0,1,0,1,0,1,0,1,0,1,0,0,2,0
1,-0.4474048350192824,0,0,-1.2479381785696613,0,0.0,0,-1.3552380248528098,1,0,0,0,0,0,0,0,0,0,0,0,0,0,0,0,0,0,1,0,0
1,-0.4474048350192824,1,0,0.8702765929491392,1,2.0,1,0.31507042586232625,0,0,0,0,0,1,0,1,0,0,0,0,0,1,0,1,0,0,0,2,2
0,-0.4474048350192824,1,1,1.4813000847334086,1,1.0,1,1.4518773714236726,0,1,1,0,0,0,0,1,0,1,0,1,0,1,0,1,0,0,0,2,2
0,-0.4474048350192824,1,0,0.9517463918537085,1,1.0,1,1.1028576951548383,0,1,1,0,0,0,0,1,0,0,0,0,0,1,0,1,0,1,0,2,2
1,-0.4474048350192824,0,0,-0.840589184046815,0,0.0,0,-1.0328103239187436,1,0,0,0,0,0,0,1,0,0,0,1,0,0,0,0,0,0,1,0,0
0,-0.4474048350192824,0,0,0.014843704451162058,1,0.0,0,1.41198940842152,0,1,1,0,0,0,0,1,0,1,0,0,0,1,0,1,0,1,0,2,2
1,-0.4474048350192824,0,0,-0.9220589829513843,1,0.0,0,0.33169041044655645,0,1,1,0,0,0,0,0,0,0,0,0,0,0,0,0,0,1,0,0,2
0,-0.4474048350192824,1,1,-0.7591193851422458,1,0.0,1,0.8834738986429997,0,1,1,0,0,0,0,0,0,0,0,1,0,1,0,0,0,1,0,1,2
0,2.235112188621971,0,0,0.5036624978785775,1,0.0,1,0.16549056460425438,0,1,0,0,0,1,0,0,0,0,0,1,0,0,0,1,0,1,0,2,2
0,-0.4474048350192824,1,0,0.5851322967831468,1,0.0,1,1.1776476257838742,0,1,1,0,0,0,0,0,0,1,0,0,0,1,0,1,0,1,0,2,2
0,-0.4474048350192824,1,1,0.9110114924014238,1,0.0,0,-1.4981698922771896,0,0,0,1,1,0,1,0,1,0,1,0,1,0,1,0,1,0,0,2,0
1,2.235112188621971,1,0,-0.5147099884285381,1,0.0,1,0.2851544536107122,0,0,1,0,0,0,0,1,0,0,0,0,0,0,0,0,0,1,0,1,2
1,-0.4474048350192824,0,0,-1.1257334802128074,1,0.0,0,1.337199477792484,0,1,1,0,0,0,0,1,0,1,0,0,0,1,0,1,0,1,0,0,2
1,2.235112188621971,0,0,-1.288673078021946,1,0.0,1,0.9615878261888815,0,1,1,0,0,0,0,0,0,0,0,0,0,1,0,1,0,1,0,0,2
1,-0.4474048350192824,1,1,0.7888067940445699,1,2.0,0,0.4696362824956674,0,0,0,0,0,1,0,1,0,1,0,0,0,1,0,1,0,1,0,2,2
0,-0.4474048350192824,1,1,1.3590953863765547,1,2.0,0,0.825303952598194,0,1,0,0,0,1,0,1,0,1,0,1,0,1,0,1,1,0,0,2,2
1,2.235112188621971,0,0,-0.5147099884285381,1,0.0,1,1.1128296859053763,0,1,1,0,0,0,0,0,0,1,0,0,0,1,0,1,0,1,0,1,2
1,-0.4474048350192824,1,0,1.114685989662847,1,2.0,1,-0.12369716716135112,0,0,0,0,0,1,0,1,0,0,0,1,0,0,0,0,0,0,1,2,1
0,-0.4474048350192824,0,0,-0.7998542845945305,1,0.0,0,0.09070063397521844,0,0,0,0,0,1,0,1,0,0,0,1,0,0,0,1,0,0,0,1,1
1,-0.4474048350192824,1,1,-0.06662609445340718,1,0.0,0,-0.35637695134057407,0,0,0,0,0,0,0,0,0,1,0,1,0,0,0,0,0,0,1,2,1
0,-0.4474048350192824,0,0,-0.3517703906193996,1,0.0,1,0.8136699633892326,0,1,1,0,0,0,0,0,0,0,0,1,0,0,0,1,0,1,0,1,2
0,-0.4474048350192824,0,0,0.9517463918537085,1,1.0,1,1.3870594315451747,0,1,1,0,0,0,0,1,0,1,0,0,0,1,0,1,0,1,0,2,2
0,-0.4474048350192824,0,0,-0.7998542845945305,1,0.0,1,1.172661630408605,0,1,1,0,0,1,0,0,0,0,0,0,0,1,0,1,0,1,0,1,2
1,-0.4474048350192824,0,1,-1.288673078021946,1,0.0,1,0.21867451527379134,0,0,1,0,0,0,0,0,0,0,0,0,0,0,0,0,0,1,0,0,2
0,2.235112188621971,1,1,1.31836048692427,1,1.0,1,1.29066352095664,0,1,1,0,0,0,0,0,0,1,0,1,0,1,0,1,0,0,0,2,2
0,-0.4474048350192824,0,0,-0.5147099884285381,1,0.0,1,-0.6887766430251783,0,0,0,0,0,0,0,0,0,0,0,0,0,0,0,0,0,1,0,1,1
0,-0.4474048350192824,1,1,-0.9220589829513843,1,0.0,1,-1.5048178861108816,0,0,0,1,1,0,1,0,1,0,1,0,1,0,1,0,0,0,0,0,0
0,-0.4474048350192824,0,0,-0.39250529007168417,1,0.0,1,-1.4881979015266515,0,0,0,1,1,0,1,0,1,0,1,0,1,0,1,0,0,0,0,1,0
1,-0.4474048350192824,1,1,-0.4332401895239688,1,1.0,1,0.0807286432246804,0,0,0,0,0,1,0,0,0,1,0,1,0,1,0,0,0,0,0,1,1
1,-0.4474048350192824,1,1,1.5220349841856933,1,0.0,1,1.079589716736916,0,1,1,0,0,1,0,1,0,0,0,0,0,1,0,0,1,0,0,2,2
1,-0.4474048350192824,1,1,-1.166468379665092,1,0.0,0,-0.6588606707735639,0,0,0,0,0,0,0,0,0,0,0,0,0,0,0,0,0,0,1,0,1
0,-0.4474048350192824,1,1,1.6035047830902625,1,2.0,0,0.6524561129221997,0,1,0,0,0,1,0,0,0,1,0,1,0,1,0,1,1,0,0,2,2
0,-0.4474048350192824,1,0,0.8295416934968546,1,1.0,0,0.30011243973651897,0,1,0,0,0,1,0,1,0,1,0,0,0,0,0,1,0,0,0,2,2
0,-0.4474048350192824,1,0,1.1554208891151316,1,1.0,0,1.1992536057433736,0,1,1,0,0,0,0,0,0,0,0,1,0,1,0,1,0,0,0,2,2
1,-0.4474048350192824,0,0,-0.2703005917148303,1,0.0,0,-1.468253920025575,0,0,0,1,1,0,1,0,1,0,1,0,1,0,1,0,0,0,1,2,0
1,-0.4474048350192824,0,0,-1.288673078021946,1,0.0,0,-1.466591921567152,0,0,0,1,1,0,1,0,1,0,1,0,1,0,1,0,0,0,0,0,0
0,-0.4474048350192824,0,0,-0.47397508897625346,1,2.0,1,-1.469915918483998,0,0,0,1,1,0,1,0,1,0,1,0,1,0,1,0,1,0,0,1,0
0,-0.4474048350192824,0,0,-0.6776495862376766,1,0.0,1,0.32171841969601844,0,1,1,0,0,0,0,0,0,0,0,0,0,0,0,0,1,0,0,1,2
0,-0.4474048350192824,1,1,-0.7183844856899612,1,0.0,0,0.3798883657408242,0,0,0,0,0,0,0,1,0,1,0,1,0,1,0,1,0,0,0,1,2
0,2.235112188621971,0,0,-0.840589184046815,1,0.0,1,0.8718399094340383,0,1,1,0,0,0,0,1,0,0,0,0,0,1,0,0,0,1,0,0,2
1,-0.4474048350192824,1,1,1.3590953863765547,1,1.0,1,-1.308702068016965,0,1,0,1,1,0,1,0,1,0,1,0,1,0,1,0,1,0,0,2,0
0,-0.4474048350192824,0,0,0.7073369951400007,1,2.0,1,0.4829322701630513,0,1,0,0,0,0,0,1,0,0,0,1,0,1,0,1,0,0,1,2,2
1,-0.4474048350192824,1,1,-0.39250529007168417,1,2.0,0,-0.17854311628931077,0,1,0,0,0,0,0,1,0,0,0,1,0,0,0,0,0,0,1,1,1
1,-0.4474048350192824,1,1,0.992481291305993,1,2.0,0,-1.4732399154008442,0,0,0,1,1,0,1,0,1,0,1,0,1,0,1,0,0,0,1,2,0
0,-0.4474048350192824,1,0,1.0739510902105622,1,2.0,1,1.162689639658067,0,0,1,0,0,0,0,1,0,0,0,1,0,1,0,1,0,0,1,2,2
1,-0.4474048350192824,0,0,-0.9627938824036689,1,0.0,1,0.5344542223741653,0,1,1,0,0,1,0,0,0,0,0,0,0,0,0,0,0,1,0,0,2
1,2.235112188621971,0,0,-0.636914686785392,1,0.0,1,1.2208595857028726,0,0,1,0,0,0,0,1,0,1,0,0,0,1,0,1,0,1,0,1,2
1,-0.4474048350192824,0,0,1.4813000847334086,1,1.0,1,1.317255496291408,0,1,1,0,0,0,0,1,0,0,0,1,0,1,0,1,0,0,0,2,2
0,-0.4474048350192824,0,0,-1.1257334802128074,1,0.0,0,-1.4998318907356125,0,0,0,1,1,0,1,0,1,0,1,0,1,0,1,0,0,0,1,0,0
0,-0.4474048350192824,0,0,-1.288673078021946,1,0.0,0,-0.6405786877309108,0,0,0,0,0,0,0,0,0,0,0,0,0,0,0,0,0,1,0,0,1
1,-0.4474048350192824,0,0,-1.166468379665092,0,0.0,1,-0.8317085104495582,1,0,0,0,0,0,0,0,0,0,0,1,0,0,0,1,0,1,0,0,1
0,-0.4474048350192824,1,0,1.6035047830902625,1,2.0,0,-1.3436040356438486,0,1,0,1,1,0,1,0,1,0,1,0,1,0,1,0,0,0,0,2,0
0,-0.4474048350192824,0,0,-1.166468379665092,1,0.0,1,-0.4826888341807238,0,0,0,0,0,1,0,0,0,0,0,0,0,0,0,0,0,0,0,0,1
0,-0.4474048350192824,0,1,-1.0035287818559535,1,0.0,0,-1.4998318907356125,0,0,0,1,1,0,1,0,1,0,1,0,1,0,1,0,0,0,1,0,0
1,-0.4474048350192824,1,0,1.31836048692427,1,1.0,0,0.8203179572229247,0,1,1,0,0,1,0,1,0,1,0,0,0,0,0,0,0,1,0,2,2
0,-0.4474048350192824,1,1,-0.636914686785392,1,0.0,1,1.300635511707178,0,1,1,0,0,1,0,0,0,1,0,0,0,1,0,1,0,1,0,1,2
0,-0.4474048350192824,1,0,-0.5961797873331073,1,0.0,1,0.7904019849713102,0,1,1,0,0,0,0,0,0,0,0,1,0,1,0,0,0,1,0,1,2
1,-0.4474048350192824,1,1,-0.31103549116711493,1,0.0,0,-0.15693713632981154,0,1,0,0,0,0,0,0,0,0,0,0,0,1,0,0,0,1,0,2,1
0,-0.4474048350192824,0,0,-1.2479381785696613,0,0.0,0,-1.3485900310191177,1,0,0,0,0,0,0,0,0,0,0,0,0,0,0,0,0,1,0,0,0
0,-0.4474048350192824,1,0,0.3814577995217237,1,2.0,0,-1.3236600541427723,0,1,0,1,1,0,1,0,1,0,1,0,1,0,1,0,0,1,0,2,0
0,2.235112188621971,1,0,0.21851820171258518,1,0.0,1,0.32836641352971063,0,1,1,0,0,0,0,0,0,0,0,0,0,0,0,0,0,0,0,2,2
0,-0.4474048350192824,1,0,0.666602095687716,1,1.0,0,-1.4749019138592672,0,0,0,1,1,0,1,0,1,0,1,0,1,0,1,0,1,0,0,2,0
0,-0.4474048350192824,1,0,-0.840589184046815,1,1.0,0,0.45800229328670594,0,1,0,0,0,1,0,0,0,1,0,0,0,1,0,1,0,1,0,0,2
1,-0.4474048350192824,1,1,-0.025891195001122566,1,0.0,1,1.1460696550738367,0,1,1,0,0,1,0,0,0,0,0,0,0,1,0,1,1,0,0,2,2
0,2.235112188621971,0,0,0.4221926989740083,1,0.0,1,0.836937941807155,0,1,1,0,0,0,0,1,0,0,0,0,0,1,0,0,0,1,0,2,2
0,-0.4474048350192824,0,0,-1.0442636813082382,1,0.0,1,0.15884257077056219,0,0,1,0,0,0,0,0,0,0,0,0,0,0,0,0,0,0,0,0,1
0,-0.4474048350192824,0,0,0.7888067940445699,0,2.0,0,-0.8632864811595954,1,0,0,0,0,1,0,1,0,0,0,1,0,0,0,0,0,0,1,2,1
0,-0.4474048350192824,1,0,-0.18883079281026105,1,0.0,0,0.825303952598194,0,0,1,0,0,0,0,1,0,1,0,0,0,0,0,1,1,0,0,2,2
0,-0.4474048350192824,1,0,1.1961557885674161,1,0.0,1,1.2059015995770654,0,1,1,0,0,0,0,0,0,1,0,0,0,1,0,1,0,1,0,2,2
0,-0.4474048350192824,0,0,-1.288673078021946,1,0.0,0,-1.4848739046098054,0,0,0,1,1,0,1,0,1,0,1,0,1,0,1,0,0,0,1,0,0
0,-0.4474048350192824,1,0,0.9110114924014238,1,0.0,1,0.4214383272013997,0,1,1,0,0,0,0,0,0,1,0,0,0,0,0,0,0,1,0,2,2
1,-0.4474048350192824,0,0,-0.10736099390569181,1,1.0,0,0.17712455381321582,0,0,0,0,0,1,0,1,0,0,0,1,0,1,0,0,0,1,0,2,2
0,-0.4474048350192824,1,1,1.6035047830902625,1,2.0,1,1.6795711602276264,0,1,1,0,0,1,0,1,0,1,0,1,0,1,0,1,0,0,0,2,2
0,-0.4474048350192824,1,0,1.4813000847334086,1,2.0,0,-1.3569000233112327,0,1,0,1,1,0,1,0,1,0,1,0,1,0,1,0,0,0,0,2,0
1,-0.4474048350192824,1,0,-1.2072032791173766,1,0.0,1,0.17380055689636947,0,0,1,0,0,0,0,0,0,0,0,0,0,0,0,0,0,1,0,0,2
1,-0.4474048350192824,1,0,1.6035047830902625,1,2.0,0,1.6413451956838971,0,1,1,0,0,1,0,1,0,1,0,1,0,1,0,1,1,0,0,2,2
0,-0.4474048350192824,0,0,-1.2072032791173766,1,0.0,0,-0.25000905000150087,0,0,0,0,0,0,0,0,0,1,0,0,0,1,0,0,0,1,0,0,1
0,-0.4474048350192824,1,0,-0.4332401895239688,1,0.0,1,0.13889858926948614,0,0,1,0,0,0,0,0,0,0,0,0,0,0,0,0,0,1,0,1,1
1,2.235112188621971,1,0,-0.840589184046815,1,0.0,1,1.2059015995770654,0,1,1,0,0,0,0,1,0,0,0,0,0,1,0,1,0,1,0,0,2
1,-0.4474048350192824,1,1,1.3998302858288394,1,2.0,1,1.5333152958864007,0,1,1,0,0,0,0,1,0,1,0,1,0,1,0,1,0,0,0,2,2
1,2.235112188621971,1,1,1.3590953863765547,1,1.0,1,1.4419053806731346,0,1,1,0,0,0,0,1,0,1,0,1,0,1,0,1,0,1,0,2,2
1,-0.4474048350192824,0,1,1.1961557885674161,1,2.0,0,-1.4981698922771896,0,0,0,1,1,0,1,0,1,0,1,0,1,0,1,0,0,0,0,2,0
1,-0.4474048350192824,1,1,-0.7998542845945305,1,1.0,0,-1.3485900310191177,0,1,0,1,1,0,1,0,1,0,1,0,1,0,1,0,0,0,0,1,0
0,-0.4474048350192824,1,1,-1.2479381785696613,0,0.0,1,-1.1574602083004701,1,0,0,0,0,0,0,1,0,0,0,0,0,0,0,0,0,0,1,0,0
0,-0.4474048350192824,1,1,-0.8813240834990996,1,2.0,0,-1.468253920025575,0,0,0,1,1,0,1,0,1,0,1,0,1,0,1,0,1,0,0,0,0
0,2.235112188621971,1,0,1.6035047830902625,1,2.0,1,1.717797124771356,0,1,1,0,0,1,0,1,0,1,0,1,0,1,0,1,1,0,0,2,2
0,2.235112188621971,0,0,-1.2479381785696613,1,0.0,1,0.6225401406705852,0,0,1,0,0,0,0,1,0,0,0,0,0,1,0,0,0,0,0,0,2
0,2.235112188621971,0,0,0.09631350335573131,1,1.0,1,1.4385813837562884,0,1,1,0,0,1,0,1,0,1,0,0,0,1,0,1,0,1,0,2,2
1,-0.4474048350192824,0,0,-1.288673078021946,0,0.0,0,-1.3386180402685797,1,0,0,0,0,0,0,0,0,0,0,0,0,0,0,0,0,0,0,0,0
1,-0.4474048350192824,0,0,-1.2072032791173766,1,0.0,1,1.1926056119096815,0,1,1,0,0,0,0,0,0,1,0,0,0,1,0,1,0,1,0,0,2
1,-0.4474048350192824,0,0,1.2776255874719855,1,1.0,0,0.5377782192910111,0,1,0,0,0,1,0,1,0,1,0,1,0,1,0,0,0,1,0,2,2
1,-0.4474048350192824,1,1,-0.5961797873331073,1,0.0,1,0.6823720851738138,0,0,1,0,0,0,0,0,0,0,0,1,0,0,0,1,0,1,0,1,2
0,-0.4474048350192824,1,0,1.6035047830902625,1,2.0,1,-1.3236600541427723,0,1,0,1,1,0,1,0,1,0,1,0,1,0,1,0,0,0,0,2,0
1,-0.4474048350192824,0,0,-0.2703005917148303,1,0.0,0,0.8219799556813476,0,0,1,0,0,0,0,1,0,1,0,0,0,1,0,0,0,1,0,2,2
1,-0.4474048350192824,1,1,-0.840589184046815,1,1.0,0,-1.2854340895990428,0,1,0,1,1,0,1,0,1,0,1,0,1,0,1,0,0,0,1,0,0
1,-0.4474048350192824,0,0,1.3590953863765547,1,1.0,1,1.6363592003086278,0,1,1,0,0,1,0,1,0,1,0,1,0,1,0,1,0,0,0,2,2
0,-0.4474048350192824,1,1,1.0332161907582778,1,1.0,0,1.1360976643232987,0,0,1,0,0,1,0,1,0,0,0,0,0,1,0,1,1,0,0,2,2
1,-0.4474048350192824,0,0,-1.288673078021946,1,0.0,0,-0.6472266815646027,0,0,0,0,0,0,0,0,0,0,0,0,0,0,0,0,0,0,1,0,1
0,2.235112188621971,1,0,-1.1257334802128074,1,0.0,1,0.5294682269988961,0,1,1,0,0,0,0,1,0,0,0,0,0,0,0,0,0,1,0,0,2
1,-0.4474048350192824,1,0,0.17778330226030056,1,0.0,1,-0.3331089729226519,0,1,0,0,0,1,0,0,0,0,0,0,0,0,0,0,0,0,1,2,1
0,-0.4474048350192824,1,0,1.3998302858288394,1,1.0,1,1.4834553421337102,0,1,1,0,0,0,0,1,0,1,0,1,0,1,0,1,1,0,0,2,2
1,-0.4474048350192824,0,0,-0.5961797873331073,1,0.0,0,-0.2932210099204993,0,1,0,0,0,1,0,0,0,0,0,0,0,0,0,0,0,0,1,1,1
1,-0.4474048350192824,0,1,0.992481291305993,1,2.0,1,-1.5114658799445737,0,0,0,1,1,0,1,0,1,0,1,0,1,0,1,0,0,0,1,2,0
1,2.235112188621971,1,1,1.4405651852811239,1,0.0,1,0.6507941144637768,0,1,1,0,0,0,0,1,0,1,0,0,0,0,0,0,0,1,0,2,2
0,-0.4474048350192824,1,0,1.31836048692427,1,0.0,1,-0.3297849760058058,0,0,0,0,0,1,0,0,0,1,0,0,0,0,0,0,0,0,1,2,1
1,-0.4474048350192824,0,1,-1.288673078021946,1,0.0,1,-0.18352911166458002,0,0,0,0,0,0,0,0,0,0,0,1,0,0,0,1,0,0,1,0,1
0,-0.4474048350192824,1,0,0.8295416934968546,1,1.0,1,0.8668539140587695,0,1,1,0,0,0,0,0,0,0,0,1,0,0,0,1,0,1,0,2,2
1,-0.4474048350192824,1,1,-1.2479381785696613,1,0.0,1,0.8136699633892326,0,0,1,0,0,0,0,0,0,0,0,0,0,1,0,1,0,0,0,0,2
0,-0.4474048350192824,1,0,0.9517463918537085,1,0.0,0,0.846909932557693,0,1,1,0,0,0,0,1,0,1,0,1,0,0,0,0,0,1,0,2,2
0,-0.4474048350192824,1,0,1.2776255874719855,1,2.0,1,0.10732061855944865,0,0,0,0,0,0,0,1,0,1,0,1,0,0,0,1,0,0,1,2,1
1,-0.4474048350192824,0,0,-1.1257334802128074,1,0.0,0,-1.4632679246503062,0,0,0,1,1,0,1,0,1,0,1,0,1,0,1,0,0,0,1,0,0
1,-0.4474048350192824,0,0,-0.10736099390569181,1,0.0,1,0.9948277953573419,0,1,1,0,0,1,0,1,0,1,0,1,0,0,0,0,1,0,0,2,2
0,-0.4474048350192824,0,0,-0.840589184046815,1,1.0,0,1.0114477799415722,0,0,1,0,0,0,0,0,0,1,0,0,0,1,0,1,0,0,1,0,2
0,-0.4474048350192824,0,0,-1.288673078021946,1,0.0,1,-0.48601283109756965,0,0,0,0,0,0,0,0,0,1,0,0,0,0,0,0,0,0,1,0,1
0,-0.4474048350192824,0,0,-1.0442636813082382,1,0.0,1,-0.18519111012300293,0,0,0,0,0,0,0,0,0,0,0,1,0,1,0,0,0,0,1,0,1
1,-0.4474048350192824,0,0,-1.288673078021946,1,0.0,1,0.1605045692289856,0,0,1,0,0,0,0,0,0,0,0,0,0,0,0,0,0,1,0,0,1
0,2.235112188621971,1,0,0.09631350335573131,1,0.0,0,1.2291695779949878,0,1,1,0,0,0,0,0,0,1,0,0,0,1,0,1,0,0,0,2,2
1,2.235112188621971,0,0,-0.14809589335797643,1,0.0,1,1.2092255964939118,0,0,1,0,0,0,0,1,0,1,0,0,0,1,0,1,0,0,0,2,2
1,-0.4474048350192824,1,1,1.1961557885674161,1,2.0,0,-1.4965078938187666,0,0,0,1,1,0,1,0,1,0,1,0,1,0,1,0,1,0,0,2,0
1,2.235112188621971,0,0,-0.10736099390569181,1,2.0,1,0.1339125938942169,0,1,0,0,0,0,0,0,0,1,0,1,0,1,0,0,1,0,0,2,1
1,-0.4474048350192824,1,0,1.3590953863765547,1,2.0,0,0.6707380959648528,0,1,0,0,0,1,0,1,0,0,0,1,0,1,0,1,0,1,0,2,2
0,-0.4474048350192824,0,0,-1.0442636813082382,1,0.0,0,-1.4765639123176904,0,0,0,1,1,0,1,0,1,0,1,0,1,0,1,0,0,0,1,0,0
0,-0.4474048350192824,0,0,-0.5554448878808227,1,0.0,0,-1.3419420371854254,0,1,0,1,1,0,1,0,1,0,1,0,1,0,1,0,0,0,0,1,0
0,-0.4474048350192824,1,1,1.6035047830902625,1,2.0,0,0.9167138678114601,0,1,0,0,0,1,0,1,0,1,0,1,0,1,0,1,0,0,0,2,2
0,-0.4474048350192824,1,1,1.2368906880197008,1,2.0,0,0.3483103950307867,0,0,0,0,0,1,0,1,0,1,0,1,0,1,0,0,1,0,0,2,2
1,-0.4474048350192824,1,0,0.2999880006171544,1,1.0,0,0.18875854302217676,0,1,0,0,0,0,0,1,0,0,0,1,0,1,0,0,1,0,0,2,2
1,2.235112188621971,1,1,0.21851820171258518,1,0.0,0,1.1992536057433736,0,1,1,0,0,0,0,1,0,0,0,0,0,1,0,1,0,1,0,2,2
0,-0.4474048350192824,0,0,-1.288673078021946,1,0.0,1,0.9815318076899575,0,1,1,0,0,0,0,0,0,0,0,0,0,1,0,1,0,1,0,0,2
0,-0.4474048350192824,1,1,0.9517463918537085,1,2.0,1,-1.3502520294775406,0,1,0,1,1,0,1,0,1,0,1,0,1,0,1,0,0,0,1,2,0
0,-0.4474048350192824,0,0,-0.9627938824036689,1,0.0,0,0.13225059543579396,0,0,1,0,0,0,0,0,0,0,0,0,0,0,0,0,0,1,0,0,1
0,-0.4474048350192824,1,1,1.114685989662847,0,2.0,0,-0.17355712091404174,1,0,0,0,0,1,0,0,0,1,0,1,0,1,0,1,1,0,0,2,1
0,2.235112188621971,0,0,-1.288673078021946,1,0.0,1,0.34000040273867155,0,0,1,0,0,0,0,0,0,1,0,0,0,0,0,0,0,0,0,0,2
0,2.235112188621971,0,0,0.8295416934968546,1,0.0,1,0.29014044898598096,0,0,1,0,0,0,0,1,0,0,0,0,0,0,0,0,1,0,0,2,2
1,-0.4474048350192824,0,1,-0.18883079281026105,1,1.0,1,-0.3547149528821511,0,0,0,0,0,0,0,1,0,0,0,1,0,0,0,0,1,0,0,2,1
1,2.235112188621971,1,0,1.31836048692427,1,0.0,1,1.3056215070824466,0,1,1,0,0,0,0,1,0,1,0,0,0,1,0,1,0,1,0,2,2
1,-0.4474048350192824,0,0,0.7480718945922853,1,1.0,0,-1.5280858645288038,0,0,0,1,1,0,1,0,1,0,1,0,1,0,1,0,0,1,0,2,0
1,-0.4474048350192824,0,0,-1.288673078021946,1,0.0,1,0.4945662593720127,0,0,1,0,0,0,0,0,0,0,0,0,0,1,0,0,0,1,0,0,2
0,2.235112188621971,1,0,-0.5961797873331073,1,0.0,0,1.1527176489075288,0,1,1,0,0,0,0,0,0,0,0,1,0,1,0,1,0,0,0,1,2
0,-0.4474048350192824,0,0,-1.2072032791173766,0,0.0,0,-1.3236600541427723,1,0,0,0,0,0,0,0,0,0,0,0,0,0,0,0,0,1,0,0,0
1,-0.4474048350192824,1,1,0.05557860390344668,1,1.0,0,-1.5114658799445737,0,0,0,1,1,0,1,0,1,0,1,0,1,0,1,0,1,0,0,2,0
1,-0.4474048350192824,1,0,1.1554208891151316,1,1.0,1,1.0446877491100326,0,1,1,0,0,0,0,0,0,0,0,0,0,1,0,1,0,0,0,2,2
1,-0.4474048350192824,1,0,0.5851322967831468,1,1.0,1,1.5216813066774393,0,1,1,0,0,1,0,0,0,1,0,1,0,1,0,1,1,0,0,2,2
1,-0.4474048350192824,0,0,-1.288673078021946,1,0.0,1,-0.6754806553577941,0,0,0,0,0,0,0,0,0,0,0,0,0,0,0,0,0,1,0,0,1
0,2.235112188621971,0,0,-0.2295656922625457,1,0.0,1,0.6707380959648528,0,1,1,0,0,0,0,0,0,0,0,0,0,0,0,1,0,1,0,2,2
1,-0.4474048350192824,0,0,-0.636914686785392,1,0.0,0,0.02255869717987467,0,1,0,0,0,1,0,0,0,0,0,0,0,0,0,1,0,0,0,1,1
0,-0.4474048350192824,1,1,1.5220349841856933,1,2.0,1,0.5161722393315117,0,1,0,0,0,1,0,0,0,0,0,1,0,1,0,1,0,0,0,2,2
0,-0.4474048350192824,0,0,-1.2479381785696613,1,0.0,0,0.1521945769368705,0,0,1,0,0,0,0,0,0,0,0,0,0,0,0,0,0,1,0,0,1
0,-0.4474048350192824,1,0,1.4813000847334086,1,1.0,1,1.0164337753168413,0,0,1,0,0,0,0,1,0,0,0,0,0,1,0,1,1,0,0,2,2
0,-0.4474048350192824,0,0,-1.288673078021946,1,0.0,1,-0.38296892667534255,0,0,0,0,0,0,0,0,0,0,0,0,0,1,0,0,0,0,1,0,1
0,-0.4474048350192824,0,0,-1.2479381785696613,0,0.0,1,-0.6588606707735639,1,0,0,0,0,0,0,0,0,0,0,0,0,1,0,1,0,1,0,0,1
1,-0.4474048350192824,0,0,-0.5554448878808227,1,1.0,1,-1.5081418830277276,0,0,0,1,1,0,1,0,1,0,1,0,1,0,1,0,1,0,0,1,0
1,-0.4474048350192824,1,1,1.6035047830902625,1,2.0,1,-1.5048178861108816,0,0,0,1,1,0,1,0,1,0,1,0,1,0,1,0,1,0,0,2,0
1,-0.4474048350192824,0,0,0.34072290006943906,1,1.0,0,-0.0023712796964706438,0,1,0,0,0,0,0,0,0,1,0,0,0,0,0,1,0,0,1,2,1
1,-0.4474048350192824,1,1,0.5851322967831468,1,0.0,1,1.4053414145878278,0,1,1,0,0,0,0,0,0,1,0,1,0,1,0,1,0,0,0,2,2
0,2.235112188621971,0,0,-0.2703005917148303,1,0.0,1,0.8701779109756154,0,0,1,0,0,0,0,0,0,0,0,0,0,1,0,1,0,1,0,2,2
0,-0.4474048350192824,1,0,1.6035047830902625,1,2.0,1,-1.3602240202280789,0,1,0,1,1,0,1,0,1,0,1,0,1,0,1,0,1,0,0,2,0
1,-0.4474048350192824,0,0,0.8702765929491392,1,0.0,1,0.4912422624551664,0,1,1,0,0,0,0,1,0,0,0,0,0,0,0,0,0,0,0,2,2
0,-0.4474048350192824,0,0,-0.636914686785392,1,0.0,1,0.61423014837847,0,0,1,0,0,0,0,1,0,0,0,0,0,1,0,0,0,1,0,1,2
0,-0.4474048350192824,1,1,0.9517463918537085,1,1.0,1,0.12227860468525592,0,1,0,0,0,1,0,0,0,1,0,0,0,0,0,1,0,0,0,2,1
1,-0.4474048350192824,0,0,-1.2479381785696613,1,0.0,1,-1.5098038814861507,0,0,0,1,1,0,1,0,1,0,1,0,1,0,1,0,0,0,1,0,0
0,-0.4474048350192824,1,1,-1.288673078021946,1,0.0,0,-1.523099869153535,0,0,0,1,1,0,1,0,1,0,1,0,1,0,1,0,0,1,0,0,0
0,-0.4474048350192824,1,0,1.2368906880197008,1,1.0,1,0.4862562670798976,0,1,0,0,0,1,0,1,0,0,0,0,0,1,0,1,1,0,0,2,2
0,-0.4474048350192824,1,1,1.6035047830902625,1,2.0,0,1.4086654115046742,0,1,1,0,0,1,0,1,0,1,0,1,0,0,0,1,1,0,0,2,2
1,-0.4474048350192824,0,0,-1.288673078021946,1,0.0,0,-0.4710548449717626,0,0,0,0,0,0,0,0,0,1,0,0,0,0,0,0,0,0,1,0,1
1,-0.4474048350192824,1,0,0.09631350335573131,1,1.0,1,0.13058859697737102,0,1,0,0,0,0,0,1,0,0,0,1,0,1,0,0,0,1,0,2,1
0,-0.4474048350192824,1,1,-0.8813240834990996,0,0.0,1,-1.1790661882599693,1,0,0,0,0,1,0,0,0,0,0,0,0,0,0,0,0,1,0,0,0
0,-0.4474048350192824,1,1,-1.288673078021946,1,0.0,1,1.2424655656623722,0,1,1,0,0,1,0,0,0,1,0,0,0,1,0,1,0,1,0,0,2
0,2.235112188621971,1,0,1.4405651852811239,1,1.0,1,1.0463497475684556,0,1,1,0,0,1,0,1,0,0,0,0,0,0,0,1,1,0,0,2,2
0,-0.4474048350192824,0,0,-0.9220589829513843,1,0.0,1,0.32171841969601844,0,1,1,0,0,0,0,0,0,0,0,0,0,0,0,0,0,1,0,0,2
1,-0.4474048350192824,0,0,1.2368906880197008,1,2.0,1,0.7189360512591205,0,0,0,0,0,1,0,1,0,1,0,1,0,1,0,1,0,0,0,2,2
0,-0.4474048350192824,0,0,-0.06662609445340718,1,0.0,1,0.4912422624551664,0,1,1,0,0,0,0,0,0,0,0,1,0,0,0,0,1,0,0,2,2
0,2.235112188621971,0,0,-0.06662609445340718,1,0.0,1,0.2934644459028273,0,1,1,0,0,0,0,0,0,0,0,0,0,0,0,0,0,1,0,2,2
0,2.235112188621971,0,0,0.8295416934968546,1,1.0,1,1.0529977414021476,0,0,1,0,0,1,0,1,0,0,0,1,0,0,0,1,0,0,1,2,2
0,-0.4474048350192824,1,1,0.7480718945922853,1,1.0,1,0.9998137907326111,0,1,1,0,0,1,0,0,0,0,0,1,0,1,0,0,0,0,1,2,2
1,-0.4474048350192824,1,0,1.5220349841856933,1,2.0,0,0.3665923780734398,0,1,0,0,0,0,0,1,0,1,0,1,0,1,0,0,1,0,0,2,2
1,-0.4474048350192824,0,0,-0.840589184046815,1,0.0,1,-0.6538746753982949,0,0,0,0,0,0,0,0,0,0,0,0,0,0,0,0,0,0,0,0,1
1,-0.4474048350192824,1,1,-1.0442636813082382,1,0.0,0,-0.5441827771423754,0,0,0,0,0,0,0,0,0,1,0,0,0,0,0,0,0,1,0,0,1
1,-0.4474048350192824,1,1,0.09631350335573131,1,1.0,1,0.8186559587645018,0,0,1,0,0,0,0,1,0,0,0,1,0,1,0,0,0,1,0,2,2
1,-0.4474048350192824,0,0,-1.0849985807605227,1,1.0,0,-1.5264238660703808,0,0,0,1,1,0,1,0,1,0,1,0,1,0,1,0,0,0,1,0,0
1,-0.4474048350192824,0,0,-1.1257334802128074,1,0.0,0,-0.5957047293534892,0,1,0,0,0,0,0,0,0,0,0,0,0,0,0,0,0,1,0,0,1
0,-0.4474048350192824,0,0,-0.7183844856899612,1,0.0,0,0.6441461206300846,0,0,0,0,0,1,0,1,0,1,0,1,0,1,0,1,0,0,1,1,2
1,-0.4474048350192824,0,0,-1.288673078021946,1,0.0,1,0.215350518356945,0,0,1,0,0,0,0,0,0,0,0,0,0,0,0,0,0,0,1,0,2
1,-0.4474048350192824,1,1,1.6035047830902625,1,2.0,1,0.855219924849808,0,1,1,0,0,0,0,0,0,1,0,0,0,0,0,1,1,0,0,2,2
1,-0.4474048350192824,0,0,-1.288673078021946,1,0.0,1,-0.6738186568993711,0,0,0,0,0,0,0,0,0,0,0,0,0,0,0,0,0,1,0,0,1
1,-0.4474048350192824,0,0,0.6258671962354314,1,0.0,1,1.0081237830247263,0,1,1,0,0,1,0,0,0,0,0,1,0,0,0,1,0,1,0,2,2
0,-0.4474048350192824,1,1,1.5220349841856933,1,2.0,1,1.6646131741018195,0,1,1,0,0,1,0,1,0,1,0,1,0,1,0,1,1,0,0,2,2
1,-0.4474048350192824,1,0,0.21851820171258518,1,1.0,1,1.5166953113021706,0,1,1,0,0,1,0,0,0,1,0,1,0,1,0,1,0,1,0,2,2
1,-0.4474048350192824,1,1,0.2999880006171544,1,2.0,0,-1.3236600541427723,0,1,0,1,1,0,1,0,1,0,1,0,1,0,1,0,1,0,0,2,0
0,-0.4474048350192824,0,0,-0.8813240834990996,1,1.0,0,-0.37465893438322745,0,0,0,0,0,0,0,0,0,1,0,1,0,0,0,0,0,0,0,0,1
0,-0.4474048350192824,1,1,0.5443973973308622,1,1.0,0,-1.3336320448933103,0,1,0,1,1,0,1,0,1,0,1,0,1,0,1,0,0,0,1,2,0
1,-0.4474048350192824,1,1,-0.5554448878808227,1,1.0,0,1.161027641199644,0,0,1,0,0,0,0,1,0,0,0,1,0,1,0,1,0,0,0,1,2
1,-0.4474048350192824,0,1,0.666602095687716,1,1.0,1,1.46683535754948,0,1,1,0,0,1,0,1,0,1,0,0,0,1,0,1,1,0,0,2,2
1,2.235112188621971,1,0,-0.3517703906193996,1,0.0,1,0.9333338523956903,0,0,1,0,0,0,0,0,0,1,0,0,0,1,0,1,0,1,0,1,2
0,-0.4474048350192824,0,1,-1.1257334802128074,1,0.0,0,-0.6339306938972186,0,0,0,0,0,0,0,0,0,0,0,0,0,0,0,0,0,0,1,0,1
0,-0.4474048350192824,1,0,-1.2072032791173766,1,0.0,1,0.8784879032677304,0,1,1,0,0,0,0,1,0,0,0,0,0,0,0,1,1,0,0,0,2
1,-0.4474048350192824,0,0,-1.1257334802128074,1,0.0,0,1.0446877491100326,0,0,1,0,0,0,0,0,0,1,0,0,0,1,0,1,0,0,0,0,2
0,-0.4474048350192824,1,1,1.5627698836379778,1,2.0,0,1.1776476257838742,0,1,1,0,0,1,0,1,0,1,0,0,0,1,0,0,0,0,0,2,2
0,-0.4474048350192824,0,0,-1.288673078021946,1,0.0,1,-0.7004106322341395,0,0,0,0,0,0,0,0,0,0,0,0,0,0,0,0,0,0,1,0,1
1,2.235112188621971,0,0,1.6035047830902625,1,2.0,0,1.6197392157243977,0,1,1,0,0,1,0,1,0,1,0,1,0,1,0,1,0,0,0,2,2
1,2.235112188621971,0,0,-0.7998542845945305,1,0.0,1,-0.17189512245561883,0,0,0,0,0,0,0,1,0,0,0,0,0,1,0,0,0,1,0,1,1
0,-0.4474048350192824,0,0,-0.10736099390569181,1,0.0,0,1.3737634438777908,0,1,1,0,0,1,0,0,0,0,0,1,0,1,0,1,0,0,0,2,2
0,-0.4474048350192824,1,0,-0.18883079281026105,1,0.0,1,0.9067418770609216,0,0,1,0,0,1,0,0,0,0,0,0,0,1,0,1,0,0,1,2,2
1,-0.4474048350192824,1,1,-0.9220589829513843,1,0.0,0,-0.16192313170508055,0,0,0,0,0,0,0,0,0,1,0,0,0,1,0,0,0,0,1,0,1
0,-0.4474048350192824,1,0,0.21851820171258518,1,0.0,1,1.327227487041946,0,1,1,0,0,0,0,0,0,1,0,1,0,1,0,1,0,1,0,2,2
0,-0.4474048350192824,1,1,-0.5961797873331073,1,1.0,1,-0.1187111717860821,0,0,0,0,0,1,0,1,0,0,0,1,0,0,0,0,0,0,1,1,1
1,-0.4474048350192824,0,0,0.5443973973308622,0,2.0,1,-0.14364114866242741,1,0,0,0,0,1,0,0,0,1,0,1,0,1,0,1,0,0,0,2,1
1,2.235112188621971,1,0,0.8702765929491392,1,0.0,1,1.1294496704896064,0,1,1,0,0,0,0,0,0,1,0,0,0,1,0,1,1,0,0,2,2
0,-0.4474048350192824,1,1,-0.39250529007168417,1,2.0,1,-1.3120260649338111,0,1,0,1,1,0,1,0,1,0,1,0,1,0,1,0,1,0,0,1,0
0,-0.4474048350192824,0,0,-1.2479381785696613,1,0.0,0,-0.46939284651333946,0,0,0,0,0,1,0,0,0,0,0,0,0,0,0,0,0,0,1,0,1
1,2.235112188621971,0,0,0.09631350335573131,1,0.0,1,1.1294496704896064,0,1,1,0,0,0,0,0,0,1,0,0,0,1,0,1,0,1,0,2,2
0,2.235112188621971,0,0,0.34072290006943906,1,0.0,1,1.5997952342233217,0,1,1,0,0,1,0,1,0,1,0,0,0,1,0,1,0,1,0,2,2
0,-0.4474048350192824,1,0,1.5220349841856933,0,2.0,0,-0.24169905770938574,1,0,0,0,0,0,0,1,0,1,0,1,0,1,0,1,0,0,0,2,1
1,2.235112188621971,1,0,1.2776255874719855,1,1.0,0,0.5062002485809737,0,0,1,0,0,1,0,0,0,1,0,0,0,0,0,0,1,0,0,2,2
0,-0.4474048350192824,1,1,-0.840589184046815,0,0.0,0,-1.1923621759273535,1,0,0,0,0,0,0,1,0,0,0,0,0,0,0,0,0,0,1,0,0
0,-0.4474048350192824,1,0,1.6035047830902625,1,2.0,1,1.6147532203491288,0,1,1,0,0,1,0,1,0,1,0,1,0,1,0,1,1,0,0,2,2
1,-0.4474048350192824,0,0,0.2999880006171544,1,0.0,1,1.310607502457716,0,1,1,0,0,0,0,1,0,1,0,0,0,1,0,1,1,0,0,2,2
1,-0.4474048350192824,0,0,-1.2479381785696613,1,0.0,0,-1.5197758722366888,0,0,0,1,1,0,1,0,1,0,1,0,1,0,1,0,0,0,1,0,0
0,-0.4474048350192824,0,0,1.5627698836379778,1,2.0,0,-1.3469280325606947,0,1,0,1,1,0,1,0,1,0,1,0,1,0,1,0,0,1,0,2,0
0,-0.4474048350192824,0,0,-1.0849985807605227,0,1.0,1,-0.5259007940997222,1,0,0,0,0,0,0,0,0,0,0,1,0,1,0,1,0,0,1,0,1
0,-0.4474048350192824,1,0,1.6035047830902625,1,2.0,1,0.908403875519345,0,1,0,0,0,1,0,1,0,1,0,1,0,1,0,1,0,1,0,2,2
1,2.235112188621971,1,0,0.34072290006943906,1,0.0,1,0.9798698092315347,0,0,1,0,0,0,0,1,0,0,0,0,0,1,0,1,0,1,0,2,2
1,2.235112188621971,1,0,1.2776255874719855,1,2.0,0,-1.3103640664753882,0,1,0,1,1,0,1,0,1,0,1,0,1,0,1,0,1,0,0,2,0
1,-0.4474048350192824,1,1,0.5443973973308622,1,1.0,0,-0.27161502996100007,0,0,0,0,0,1,0,0,0,1,0,1,0,0,0,0,0,0,1,2,1
1,-0.4474048350192824,1,1,0.34072290006943906,1,1.0,0,0.11396861239314082,0,1,0,0,0,0,0,1,0,1,0,0,0,1,0,0,0,0,0,2,1
0,-0.4474048350192824,1,0,1.3998302858288394,1,2.0,0,-1.5098038814861507,0,0,0,1,1,0,1,0,1,0,1,0,1,0,1,0,0,0,1,2,0
0,-0.4474048350192824,0,0,-1.0849985807605227,1,0.0,1,0.8319519464318856,0,1,1,0,0,0,0,1,0,0,0,0,0,1,0,0,0,1,0,0,2
0,-0.4474048350192824,0,1,0.5443973973308622,1,0.0,1,0.6557801098390456,0,1,1,0,0,0,0,0,0,1,0,1,0,0,0,0,0,0,0,2,2
1,-0.4474048350192824,0,0,-1.0849985807605227,1,0.0,1,0.4613262902035523,0,0,1,0,0,1,0,1,0,0,0,0,0,0,0,0,0,1,0,0,2
1,2.235112188621971,1,0,1.6035047830902625,1,2.0,1,0.6557801098390456,0,0,1,0,0,1,0,1,0,0,0,1,0,0,0,0,1,0,0,2,2
0,-0.4474048350192824,1,0,1.1554208891151316,1,0.0,1,1.3721014454193674,0,1,1,0,0,0,0,0,0,1,0,1,0,1,0,1,0,1,0,2,2
0,-0.4474048350192824,0,0,1.1961557885674161,1,2.0,1,-1.305378071100119,0,1,0,1,1,0,1,0,1,0,1,0,1,0,1,0,1,0,0,2,0
0,-0.4474048350192824,0,0,-0.18883079281026105,1,0.0,0,-0.346404960590036,0,0,0,0,0,0,0,1,0,0,0,1,0,0,0,0,0,0,0,2,1
0,-0.4474048350192824,1,0,1.5627698836379778,1,2.0,0,-1.5280858645288038,0,0,0,1,1,0,1,0,1,0,1,0,1,0,1,0,1,0,0,2,0
1,-0.4474048350192824,0,1,-0.39250529007168417,1,0.0,1,-0.3247989806305368,0,0,0,0,0,0,0,1,0,0,0,1,0,0,0,0,0,0,0,1,1
0,-0.4474048350192824,0,0,-1.2479381785696613,0,0.0,1,-1.135854228340971,1,0,0,0,0,0,0,0,0,0,0,1,0,0,0,0,0,1,0,0,0
1,2.235112188621971,0,0,-0.47397508897625346,1,0.0,1,1.0546597398605706,0,0,1,0,0,0,0,0,0,1,0,0,0,1,0,1,0,0,0,1,2
1,-0.4474048350192824,0,1,0.7888067940445699,1,1.0,0,-1.5098038814861507,0,0,0,1,1,0,1,0,1,0,1,0,1,0,1,0,1,0,0,2,0
0,-0.4474048350192824,0,0,0.9517463918537085,1,2.0,1,-1.5131278784029967,0,0,0,1,1,0,1,0,1,0,1,0,1,0,1,0,0,0,0,2,0
0,-0.4474048350192824,0,0,-0.3517703906193996,1,1.0,0,-1.4832119061513822,0,0,0,1,1,0,1,0,1,0,1,0,1,0,1,0,1,0,0,1,0
0,-0.4474048350192824,0,0,0.5851322967831468,1,2.0,0,0.3117464289454804,0,0,0,0,0,0,0,0,0,1,0,1,0,1,0,1,0,0,1,2,2
1,-0.4474048350192824,1,0,0.992481291305993,1,0.0,1,1.2624095471634482,0,1,1,0,0,1,0,1,0,1,0,1,0,1,0,0,0,1,0,2,2
0,-0.4474048350192824,0,0,-0.8813240834990996,1,0.0,0,0.33833840428024864,0,1,1,0,0,0,0,0,0,0,0,0,0,0,0,0,0,1,0,0,2
1,2.235112188621971,1,1,1.114685989662847,1,0.0,1,0.9366578493125362,0,1,1,0,0,1,0,1,0,0,0,0,0,0,0,1,0,1,0,2,2
1,-0.4474048350192824,0,0,-1.288673078021946,0,0.0,0,-1.3519140279359636,1,0,0,0,0,0,0,0,0,0,0,0,0,0,0,0,0,0,1,0,0
0,2.235112188621971,0,0,0.5443973973308622,1,1.0,1,0.8718399094340383,0,0,1,0,0,0,0,1,0,1,0,0,0,1,0,0,0,0,0,2,2
1,-0.4474048350192824,0,0,-1.0442636813082382,1,0.0,1,-1.533071859904073,0,0,0,1,1,0,1,0,1,0,1,0,1,0,1,0,0,0,1,0,0
1,-0.4474048350192824,0,0,-0.7591193851422458,1,1.0,1,-1.3386180402685797,0,1,0,1,1,0,1,0,1,0,1,0,1,0,1,0,1,0,0,1,0
0,-0.4474048350192824,1,0,1.2776255874719855,1,1.0,1,1.057983736777417,0,0,1,0,0,1,0,0,0,0,0,1,0,1,0,1,0,0,1,2,2
0,2.235112188621971,0,0,-1.2479381785696613,1,0.0,1,0.1505325784784471,0,0,1,0,0,0,0,0,0,0,0,0,0,0,0,0,0,1,0,0,1
0,2.235112188621971,0,0,-1.288673078021946,1,0.0,1,0.6624281036727377,0,0,1,0,0,0,0,0,0,1,0,0,0,0,0,1,0,1,0,0,2
1,-0.4474048350192824,0,0,-1.288673078021946,1,0.0,1,1.2092255964939118,0,1,1,0,0,0,0,0,0,1,0,0,0,1,0,1,0,1,0,0,2
1,-0.4474048350192824,1,0,1.6035047830902625,1,2.0,1,0.677386089798545,0,1,0,0,0,0,0,1,0,1,0,1,0,1,0,1,1,0,0,2,2
0,-0.4474048350192824,1,1,-0.7998542845945305,1,0.0,0,-1.538057855279342,0,0,0,1,1,0,1,0,1,0,1,0,1,0,1,0,0,0,1,1,0
0,-0.4474048350192824,1,1,-0.39250529007168417,1,2.0,0,-1.3286460495180412,0,1,0,1,1,0,1,0,1,0,1,0,1,0,1,0,0,0,1,1,0
1,-0.4474048350192824,0,0,-1.2479381785696613,1,0.0,0,-1.5181138737782658,0,0,0,1,1,0,1,0,1,0,1,0,1,0,1,0,0,0,1,0,0
1,-0.4474048350192824,0,0,-1.1257334802128074,1,0.0,1,-0.5275627925581452,0,0,0,0,0,0,0,0,0,0,0,1,0,0,0,0,0,1,0,0,1
0,2.235112188621971,0,0,-0.2295656922625457,1,0.0,0,0.772120001928657,0,1,1,0,0,0,0,0,0,1,0,0,0,0,0,1,1,0,0,2,2
0,-0.4474048350192824,1,0,1.6035047830902625,1,2.0,1,1.6762471633107805,0,1,1,0,0,1,0,1,0,1,0,1,0,1,0,1,0,0,0,2,2
0,-0.4474048350192824,0,0,-1.288673078021946,1,0.0,1,0.4845942686214747,0,0,1,0,0,0,0,0,0,0,0,0,0,1,0,0,0,1,0,0,2
0,-0.4474048350192824,1,1,-1.288673078021946,1,0.0,1,-0.6887766430251783,0,0,0,0,0,0,0,0,0,0,0,0,0,0,0,0,0,0,0,0,1
1,-0.4474048350192824,1,0,1.3590953863765547,1,0.0,1,1.327227487041946,0,1,1,0,0,0,0,1,0,1,0,0,0,1,0,1,1,0,0,2,2
0,-0.4474048350192824,1,1,-0.025891195001122566,1,2.0,0,0.28349245515228877,0,0,0,0,0,1,0,1,0,1,0,1,0,0,0,1,0,0,1,2,2
0,-0.4474048350192824,1,1,1.3998302858288394,1,2.0,0,0.9649118231057273,0,1,1,0,0,0,0,1,0,0,0,1,0,1,0,0,1,0,0,2,2
1,-0.4474048350192824,0,0,-1.166468379665092,1,0.0,0,0.8502339294745392,0,1,1,0,0,1,0,0,0,0,0,0,0,1,0,0,0,1,0,0,2
0,-0.4474048350192824,1,1,1.4405651852811239,1,2.0,1,0.6424841221716616,0,1,1,0,0,0,0,1,0,1,0,0,0,0,0,0,1,0,0,2,2
1,-0.4474048350192824,0,0,-0.9220589829513843,1,0.0,1,-0.6721566584409481,0,0,0,0,0,0,0,0,0,0,0,0,0,0,0,0,1,0,0,0,1
1,-0.4474048350192824,0,0,-0.5961797873331073,1,0.0,0,-1.53140986144565,0,0,0,1,1,0,1,0,1,0,1,0,1,0,1,0,0,1,0,1,0
0,2.235112188621971,0,0,-0.7591193851422458,1,0.0,1,0.5078622470393966,0,1,1,0,0,0,0,0,0,1,0,0,0,0,0,0,0,0,0,1,2
0,2.235112188621971,1,0,1.5627698836379778,1,2.0,1,1.1410836596985678,0,0,1,0,0,1,0,1,0,1,0,1,0,1,0,0,0,1,0,2,2
1,-0.4474048350192824,1,0,0.21851820171258518,1,1.0,0,0.13058859697737102,0,1,0,0,0,0,0,0,0,1,0,1,0,0,0,1,1,0,0,2,1
0,-0.4474048350192824,1,1,-1.166468379665092,1,0.0,1,0.6940060743827752,0,1,1,0,0,0,0,0,0,0,0,0,0,0,0,1,0,1,0,0,2
0,-0.4474048350192824,1,1,0.05557860390344668,1,1.0,1,-1.3120260649338111,0,1,0,1,1,0,1,0,1,0,1,0,1,0,1,0,1,0,0,2,0
1,-0.4474048350192824,0,0,1.6035047830902625,1,2.0,0,0.6973300712996211,0,1,0,0,0,1,0,1,0,0,0,1,0,1,0,1,1,0,0,2,2
1,-0.4474048350192824,1,1,1.0332161907582778,1,2.0,0,0.21701251681536793,0,1,0,0,0,1,0,1,0,1,0,1,0,0,0,0,1,0,0,2,2
1,-0.4474048350192824,1,1,0.46292759842629294,1,1.0,1,-1.4815499076929592,0,0,0,1,1,0,1,0,1,0,1,0,1,0,1,0,0,0,0,2,0
1,-0.4474048350192824,0,0,1.31836048692427,1,0.0,1,1.465173359091057,0,1,1,0,0,0,0,1,0,1,0,1,0,1,0,1,0,1,0,2,2
0,-0.4474048350192824,0,0,-0.5147099884285381,1,0.0,1,0.7987119772634252,0,1,1,0,0,1,0,0,0,0,0,0,0,1,0,0,0,0,0,1,2
1,-0.4474048350192824,1,0,0.21851820171258518,1,0.0,0,0.8851358971014226,0,1,1,0,0,1,0,0,0,0,0,0,0,1,0,0,0,0,0,2,2
1,-0.4474048350192824,0,0,-0.4332401895239688,1,0.0,1,1.2059015995770654,0,1,1,0,0,1,0,0,0,0,0,0,0,1,0,1,0,0,0,1,2
0,-0.4474048350192824,0,0,-1.0035287818559535,1,1.0,0,-0.2284030700420014,0,0,0,0,0,1,0,1,0,0,0,1,0,0,0,0,0,0,0,0,1
0,2.235112188621971,1,1,1.6035047830902625,1,2.0,1,0.833613944890309,0,1,0,0,0,1,0,1,0,1,0,1,0,1,0,1,0,0,0,2,2
1,-0.4474048350192824,1,1,1.5627698836379778,1,2.0,1,0.1920825399390226,0,0,0,0,0,1,0,0,0,1,0,1,0,0,0,1,1,0,0,2,2
0,-0.4474048350192824,1,1,1.5627698836379778,1,2.0,0,0.41479033336770754,0,0,0,0,0,1,0,0,0,1,0,0,0,1,0,1,1,0,0,2,2
1,2.235112188621971,0,0,0.09631350335573131,1,1.0,1,0.2635484736512127,0,0,0,0,0,0,0,0,0,1,0,1,0,1,0,1,0,1,0,2,2
1,-0.4474048350192824,1,0,1.5627698836379778,1,1.0,0,-1.469915918483998,0,0,0,1,1,0,1,0,1,0,1,0,1,0,1,0,0,1,0,2,0
1,2.235112188621971,1,0,0.17778330226030056,1,0.0,1,0.6856960820906601,0,1,1,0,0,0,0,0,0,0,0,0,0,1,0,0,0,1,0,2,2
1,2.235112188621971,0,0,-1.2479381785696613,1,0.0,1,-0.6771426538162171,0,0,0,0,0,0,0,0,0,0,0,0,0,0,0,0,0,1,0,0,1
0,-0.4474048350192824,1,1,1.6035047830902625,0,2.0,1,-0.37465893438322745,1,0,0,0,0,1,0,0,0,1,0,0,0,1,0,1,1,0,0,2,1
0,-0.4474048350192824,1,1,1.6035047830902625,1,2.0,1,1.1161536828222227,0,1,1,0,0,0,0,1,0,1,0,1,0,0,0,1,0,0,0,2,2
0,-0.4474048350192824,0,0,-0.14809589335797643,1,1.0,0,-0.23505106387569358,0,0,0,0,0,1,0,0,0,1,0,1,0,0,0,0,1,0,0,2,1
1,-0.4474048350192824,0,0,-0.47397508897625346,1,1.0,1,-1.4865359030682284,0,0,0,1,1,0,1,0,1,0,1,0,1,0,1,0,0,0,1,1,0
0,-0.4474048350192824,0,0,-1.288673078021946,1,0.0,1,-1.5014938891940355,0,0,0,1,1,0,1,0,1,0,1,0,1,0,1,0,0,0,1,0,0
0,2.235112188621971,0,0,0.5851322967831468,1,0.0,1,0.9964897938157649,0,1,1,0,0,0,0,1,0,0,0,1,0,1,0,0,0,1,0,2,2
0,2.235112188621971,0,0,-1.288673078021946,1,0.0,1,-1.5164518753198426,0,0,0,1,1,0,1,0,1,0,1,0,1,0,1,0,0,1,0,0,0
1,-0.4474048350192824,1,0,1.5220349841856933,0,1.0,1,-0.4660688495964936,1,0,0,0,0,0,0,1,0,1,0,1,0,0,0,1,0,0,0,2,1
0,-0.4474048350192824,0,0,-1.1257334802128074,1,0.0,1,0.6690760975064299,0,1,1,0,0,0,0,0,0,0,0,0,0,1,0,0,0,1,0,0,2
1,-0.4474048350192824,0,0,-0.840589184046815,1,0.0,1,-0.5325487879334144,0,0,0,0,0,0,0,1,0,0,0,0,0,0,0,0,0,0,0,0,1
0,-0.4474048350192824,1,0,-0.7183844856899612,1,0.0,0,0.3416624011970945,0,0,1,0,0,0,0,1,0,0,0,0,0,0,0,0,0,0,0,1,2
1,2.235112188621971,0,0,-0.6776495862376766,0,0.0,1,-0.8666104780764415,1,0,0,0,0,0,0,1,0,0,0,0,0,1,0,0,0,0,1,1,1
1,-0.4474048350192824,0,0,-0.5554448878808227,1,1.0,0,-1.538057855279342,0,0,0,1,1,0,1,0,1,0,1,0,1,0,1,0,0,0,1,1,0
1,-0.4474048350192824,1,1,0.21851820171258518,1,0.0,1,1.1992536057433736,0,1,1,0,0,0,0,0,0,1,0,0,0,1,0,1,1,0,0,2,2
1,-0.4474048350192824,0,0,-0.6776495862376766,1,0.0,0,-1.4981698922771896,0,0,0,1,1,0,1,0,1,0,1,0,1,0,1,0,0,0,1,1,0
1,-0.4474048350192824,0,1,-1.2072032791173766,1,0.0,0,0.8901218924766914,0,1,1,0,0,0,0,0,0,1,0,0,0,0,0,1,0,1,0,0,2
0,-0.4474048350192824,0,0,-1.2479381785696613,1,0.0,0,-1.4765639123176904,0,0,0,1,1,0,1,0,1,0,1,0,1,0,1,0,0,0,1,0,0
1,-0.4474048350192824,1,0,1.3998302858288394,1,2.0,1,1.5283293005111316,0,0,1,0,0,1,0,1,0,1,0,1,0,1,0,1,0,1,0,2,2
0,2.235112188621971,1,0,0.9110114924014238,1,0.0,1,0.677386089798545,0,1,1,0,0,0,0,1,0,1,0,0,0,0,0,0,0,1,0,2,2
0,-0.4474048350192824,0,0,0.5036624978785775,1,0.0,1,0.8053599710971174,0,1,1,0,0,0,0,1,0,0,0,0,0,1,0,0,1,0,0,2,2
0,-0.4474048350192824,1,1,-0.025891195001122566,1,0.0,0,0.373240371907132,0,0,0,0,0,1,0,1,0,1,0,1,0,0,0,1,0,0,0,2,2
1,2.235112188621971,1,0,-0.47397508897625346,1,0.0,1,0.1339125938942169,0,0,1,0,0,0,0,0,0,0,0,0,0,0,0,0,0,1,0,1,1
0,-0.4474048350192824,1,1,-0.6776495862376766,1,0.0,0,-1.4848739046098054,0,0,0,1,1,0,1,0,1,0,1,0,1,0,1,0,0,1,0,1,0
0,-0.4474048350192824,0,0,-0.636914686785392,1,1.0,0,0.4912422624551664,0,0,0,0,0,1,0,1,0,0,0,1,0,1,0,1,1,0,0,1,2
0,-0.4474048350192824,1,1,-1.288673078021946,1,0.0,1,0.1339125938942169,0,0,1,0,0,0,0,0,0,0,0,0,0,0,0,0,0,0,1,0,1
1,2.235112188621971,1,0,-1.288673078021946,1,0.0,1,0.9981517922741878,0,1,1,0,0,0,0,0,0,0,0,0,0,1,0,1,0,1,0,0,2
0,-0.4474048350192824,1,0,1.6035047830902625,1,2.0,0,-1.4815499076929592,0,0,0,1,1,0,1,0,1,0,1,0,1,0,1,0,1,0,0,2,0
0,-0.4474048350192824,0,0,0.014843704451162058,1,0.0,1,-0.1386551532871584,0,1,0,0,0,1,0,1,0,0,0,0,0,0,0,0,0,0,1,2,1
1,-0.4474048350192824,1,0,0.6258671962354314,1,2.0,1,-1.4965078938187666,0,0,0,1,1,0,1,0,1,0,1,0,1,0,1,0,0,0,1,2,0
1,2.235112188621971,1,0,1.1961557885674161,1,0.0,1,0.8219799556813476,0,1,1,0,0,0,0,1,0,0,0,0,0,0,0,1,0,0,0,2,2
0,-0.4474048350192824,0,0,-0.5147099884285381,1,0.0,1,-1.534733858362496,0,0,0,1,1,0,1,0,1,0,1,0,1,0,1,0,1,0,0,1,0
1,2.235112188621971,0,0,0.2592531011648698,1,0.0,0,0.8518959279329622,0,1,1,0,0,0,0,1,0,0,0,0,0,0,0,1,0,1,0,2,2
0,-0.4474048350192824,0,0,-1.2479381785696613,1,0.0,0,-1.4881979015266515,0,0,0,1,1,0,1,0,1,0,1,0,1,0,1,0,0,0,1,0,0
0,2.235112188621971,1,0,0.7073369951400007,1,0.0,1,0.9964897938157649,0,1,1,0,0,0,0,1,0,1,0,0,0,1,0,0,0,1,0,2,2
1,-0.4474048350192824,0,0,-0.4332401895239688,1,1.0,0,-1.4881979015266515,0,0,0,1,1,0,1,0,1,0,1,0,1,0,1,0,1,0,0,1,0
0,2.235112188621971,0,0,0.9517463918537085,1,1.0,1,1.558245272762746,0,1,1,0,0,0,0,1,0,1,0,1,0,1,0,1,0,1,0,2,2
0,-0.4474048350192824,1,1,0.7888067940445699,1,1.0,1,-1.4848739046098054,0,0,0,1,1,0,1,0,1,0,1,0,1,0,1,0,0,1,0,2,0
1,-0.4474048350192824,0,0,-1.1257334802128074,1,0.0,0,-1.4998318907356125,0,0,0,1,1,0,1,0,1,0,1,0,1,0,1,0,0,0,1,0,0
0,2.235112188621971,0,0,-1.288673078021946,0,0.0,1,-0.9513723994560155,1,0,0,0,0,0,0,0,0,0,0,0,0,1,0,0,0,1,0,0,1
0,2.235112188621971,0,0,0.3814577995217237,1,0.0,1,1.318917494749831,0,1,1,0,0,0,0,1,0,1,0,0,0,1,0,1,0,0,0,2,2
0,-0.4474048350192824,1,1,-1.0442636813082382,1,1.0,0,-1.4765639123176904,0,0,0,1,1,0,1,0,1,0,1,0,1,0,1,0,0,0,1,0,0
0,-0.4474048350192824,0,0,0.9517463918537085,0,0.0,1,-0.6721566584409481,1,0,0,0,0,0,0,0,0,0,0,0,0,1,0,1,1,0,0,2,1
1,2.235112188621971,0,0,-1.288673078021946,1,0.0,0,-0.7004106322341395,0,0,0,0,0,0,0,0,0,0,0,0,0,0,0,0,0,1,0,0,1
0,-0.4474048350192824,1,0,0.13704840280801595,1,0.0,0,0.5095242454978199,0,0,1,0,0,0,0,0,0,0,0,0,0,0,0,1,0,1,0,2,2
0,2.235112188621971,0,0,-1.2479381785696613,1,0.0,1,-0.28324901916996126,0,1,0,0,0,0,0,1,0,0,0,0,0,0,0,0,1,0,0,0,1
0,-0.4474048350192824,0,1,0.7073369951400007,1,2.0,0,0.1754625553547924,0,0,1,0,0,0,0,0,0,0,0,0,0,0,0,0,1,0,0,2,2
1,-0.4474048350192824,1,1,0.3814577995217237,0,2.0,0,-0.5624647601850288,1,0,0,0,0,1,0,0,0,1,0,1,0,1,0,0,1,0,0,2,1
0,-0.4474048350192824,1,0,1.6035047830902625,1,2.0,1,0.8602059202250774,0,1,0,0,0,1,0,1,0,1,0,1,0,1,0,1,0,0,0,2,2
0,-0.4474048350192824,0,0,-0.9220589829513843,1,0.0,1,0.9898417999820727,0,1,1,0,0,0,0,1,0,1,0,0,0,0,0,1,0,1,0,0,2
1,-0.4474048350192824,1,0,0.014843704451162058,1,2.0,1,-0.13366915791188938,0,0,0,0,0,1,0,1,0,0,0,1,0,0,0,0,0,0,1,2,1
1,2.235112188621971,0,0,-1.166468379665092,1,0.0,1,0.18543454610533092,0,0,1,0,0,0,0,0,0,0,0,0,0,0,0,0,0,1,0,0,2
1,-0.4474048350192824,1,0,1.4405651852811239,1,2.0,1,1.4934273328842482,0,1,1,0,0,0,0,1,0,1,0,1,0,1,0,1,0,0,0,2,2
1,-0.4474048350192824,1,1,0.46292759842629294,1,0.0,1,0.9266858585619981,0,0,1,0,0,0,0,0,0,1,0,0,0,1,0,1,0,0,0,2,2
1,2.235112188621971,0,0,-1.288673078021946,1,0.0,1,0.2851544536107122,0,1,1,0,0,0,0,0,0,0,0,0,0,0,0,0,0,1,0,0,2
1,-0.4474048350192824,0,0,-0.4332401895239688,1,1.0,1,-0.3297849760058058,0,0,0,0,0,0,0,1,0,0,0,1,0,0,0,0,1,0,0,1,1
0,-0.4474048350192824,0,0,-1.1257334802128074,1,0.0,0,-0.4826888341807238,0,0,0,0,0,0,0,1,0,0,0,0,0,0,0,0,0,0,0,0,1
0,2.235112188621971,1,1,0.5851322967831468,1,0.0,0,0.1821105491884846,0,0,1,0,0,0,0,0,0,0,0,0,0,0,0,0,0,0,0,2,2
0,-0.4474048350192824,1,1,0.34072290006943906,1,1.0,1,1.2142115918691805,0,1,1,0,0,1,0,1,0,1,0,0,0,0,0,1,0,0,0,2,2
1,-0.4474048350192824,1,0,-0.840589184046815,1,1.0,0,-1.5048178861108816,0,0,0,1,1,0,1,0,1,0,1,0,1,0,1,0,0,0,0,0,0
1,-0.4474048350192824,0,0,-1.0442636813082382,1,0.0,1,0.14887058002002418,0,0,1,0,0,0,0,0,0,0,0,0,0,0,0,0,0,1,0,0,1
1,-0.4474048350192824,1,1,0.4221926989740083,1,1.0,1,0.22698450756590643,0,1,0,0,0,1,0,0,0,0,0,1,0,0,0,1,1,0,0,2,2
0,-0.4474048350192824,1,0,-0.5961797873331073,0,0.0,1,-0.8649484796180186,1,0,0,0,0,0,0,0,0,1,0,0,0,1,0,0,0,1,0,1,1
1,-0.4474048350192824,1,1,0.5036624978785775,1,1.0,1,0.9948277953573419,0,1,1,0,0,0,0,1,0,1,0,0,0,0,0,1,1,0,0,2,2
0,-0.4474048350192824,1,0,0.34072290006943906,1,1.0,1,1.308945503999293,0,0,1,0,0,1,0,1,0,1,0,0,0,1,0,1,0,0,0,2,2
0,-0.4474048350192824,0,0,-0.636914686785392,1,1.0,0,-1.4965078938187666,0,0,0,1,1,0,1,0,1,0,1,0,1,0,1,0,1,0,0,1,0
1,2.235112188621971,0,0,-1.288673078021946,0,0.0,1,-0.8450044981169423,1,0,0,0,0,0,0,0,0,1,0,0,0,0,0,1,0,1,0,0,1
1,-0.4474048350192824,0,0,1.4405651852811239,1,2.0,0,-1.3469280325606947,0,1,0,1,1,0,1,0,1,0,1,0,1,0,1,0,0,0,1,2,0
1,-0.4474048350192824,0,0,-0.840589184046815,1,1.0,0,-1.3336320448933103,0,1,0,1,1,0,1,0,1,0,1,0,1,0,1,0,1,0,0,0,0
0,-0.4474048350192824,0,0,-0.7183844856899612,1,0.0,1,0.602596159169509,0,0,1,0,0,0,0,1,0,0,0,0,0,1,0,0,0,0,0,1,2
0,-0.4474048350192824,0,0,0.09631350335573131,1,0.0,0,-1.523099869153535,0,0,0,1,1,0,1,0,1,0,1,0,1,0,1,0,0,0,0,2,0
0,-0.4474048350192824,0,0,1.5220349841856933,1,2.0,0,0.8203179572229247,0,1,0,0,0,1,0,1,0,1,0,1,0,1,0,1,1,0,0,2,2
0,-0.4474048350192824,0,0,0.5443973973308622,1,2.0,0,0.4696362824956674,0,1,0,0,0,1,0,0,0,1,0,0,0,1,0,1,0,0,1,2,2
0,-0.4474048350192824,0,0,-0.47397508897625346,1,1.0,1,1.312269500916139,0,0,1,0,0,0,0,1,0,1,0,1,0,1,0,1,0,0,1,1,2
0,-0.4474048350192824,0,1,-1.2479381785696613,1,0.0,1,-1.5114658799445737,0,0,0,1,1,0,1,0,1,0,1,0,1,0,1,0,0,1,0,0,0
1,-0.4474048350192824,0,0,-1.2072032791173766,1,0.0,1,-1.4898598999850743,0,0,0,1,1,0,1,0,1,0,1,0,1,0,1,0,0,1,0,0,0
0,-0.4474048350192824,1,1,-0.39250529007168417,1,1.0,1,-0.24336105616780868,0,0,0,0,0,1,0,1,0,0,0,1,0,0,0,0,0,0,1,1,1
0,-0.4474048350192824,0,0,-0.5961797873331073,1,0.0,1,0.20039253223113773,0,0,1,0,0,0,0,0,0,0,0,0,0,0,0,0,0,1,0,1,2
1,2.235112188621971,0,0,1.3998302858288394,1,2.0,1,1.328889485500369,0,0,1,0,0,1,0,1,0,0,0,1,0,1,0,1,0,1,0,2,2
0,-0.4474048350192824,0,0,-1.288673078021946,1,0.0,1,-0.6854526461083321,0,0,0,0,0,0,0,0,0,0,0,0,0,0,0,0,0,0,1,0,1
1,-0.4474048350192824,1,1,1.6035047830902625,1,2.0,0,-1.4881979015266515,0,0,0,1,1,0,1,0,1,0,1,0,1,0,1,0,0,0,0,2,0
0,-0.4474048350192824,0,1,-0.7998542845945305,1,1.0,1,1.298973513248755,0,1,1,0,0,0,0,1,0,1,0,0,0,1,0,1,1,0,0,1,2
1,-0.4474048350192824,1,1,-0.3517703906193996,1,1.0,0,-1.4898598999850743,0,0,0,1,1,0,1,0,1,0,1,0,1,0,1,0,0,0,1,1,0
0,2.235112188621971,0,0,-1.2072032791173766,1,0.0,1,0.17712455381321582,0,0,1,0,0,0,0,0,0,0,0,0,0,0,0,0,0,1,0,0,2
1,-0.4474048350192824,1,1,-0.9220589829513843,1,1.0,0,-1.4832119061513822,0,0,0,1,1,0,1,0,1,0,1,0,1,0,1,0,0,0,1,0,0
0,-0.4474048350192824,1,0,-0.31103549116711493,1,0.0,1,0.9998137907326111,0,0,1,0,0,0,0,0,0,0,0,1,0,1,0,1,0,1,0,2,2
0,-0.4474048350192824,1,1,0.4221926989740083,1,2.0,0,0.33667640582182573,0,0,0,0,0,1,0,0,0,1,0,0,0,1,0,1,0,0,0,2,2
1,2.235112188621971,0,0,-0.7183844856899612,1,0.0,1,0.4762842763293596,0,0,1,0,0,0,0,0,0,0,0,0,0,0,0,1,0,1,0,1,2
1,-0.4474048350192824,1,0,-1.288673078021946,0,0.0,1,-0.48933682801441575,1,0,0,0,0,0,0,0,0,1,0,0,0,1,0,1,0,1,0,0,1
1,-0.4474048350192824,0,1,0.8702765929491392,1,1.0,1,-0.13533115637031232,0,0,0,0,0,0,0,1,0,1,0,1,0,0,0,0,0,1,0,2,1
0,-0.4474048350192824,1,1,1.6035047830902625,1,2.0,1,-1.290420084974312,0,1,0,1,1,0,1,0,1,0,1,0,1,0,1,0,0,0,0,2,0
1,2.235112188621971,0,0,-0.7183844856899612,1,0.0,1,0.5028762516641279,0,1,1,0,0,0,0,1,0,0,0,0,0,0,0,0,0,1,0,1,2
1,-0.4474048350192824,0,0,0.2999880006171544,0,1.0,0,-0.10042918874342897,1,0,0,0,0,1,0,1,0,1,0,0,0,1,0,1,1,0,0,2,1
1,-0.4474048350192824,0,0,-1.2479381785696613,1,0.0,1,0.15718057231213928,0,0,1,0,0,0,0,0,0,0,0,0,0,0,0,0,0,1,0,0,1
1,-0.4474048350192824,0,0,0.7888067940445699,1,0.0,1,0.6225401406705852,0,0,1,0,0,0,0,0,0,1,0,0,0,0,0,1,1,0,0,2,2
0,-0.4474048350192824,1,0,1.0332161907582778,1,2.0,1,1.4635113606326335,0,1,1,0,0,1,0,1,0,0,0,1,0,1,0,1,1,0,0,2,2
0,-0.4474048350192824,1,1,-0.06662609445340718,1,0.0,1,-1.5131278784029967,0,0,0,1,1,0,1,0,1,0,1,0,1,0,1,0,0,0,1,2,0
1,-0.4474048350192824,0,0,-1.2479381785696613,1,0.0,0,1.0164337753168413,0,0,1,0,0,0,0,1,0,0,0,0,0,1,0,1,0,1,0,0,2
0,-0.4474048350192824,0,0,1.6035047830902625,1,2.0,0,-0.17688111783088784,0,1,0,0,0,1,0,1,0,0,0,0,0,0,0,0,0,0,0,2,1
1,2.235112188621971,0,0,-1.288673078021946,1,0.0,0,-0.6239587031466806,0,0,0,0,0,0,0,0,0,0,0,0,0,0,0,0,0,1,0,0,1
1,-0.4474048350192824,0,1,-1.288673078021946,1,0.0,1,-1.5247618676119576,0,0,0,1,1,0,1,0,1,0,1,0,1,0,1,0,0,0,1,0,0
1,-0.4474048350192824,1,0,-0.9627938824036689,1,0.0,1,0.4929042609135898,0,0,1,0,0,0,0,1,0,1,0,0,0,0,0,0,0,1,0,0,2
1,-0.4474048350192824,0,0,-0.2295656922625457,1,1.0,0,-1.4948458953603434,0,0,0,1,1,0,1,0,1,0,1,0,1,0,1,0,0,0,0,2,0
1,-0.4474048350192824,1,0,-1.1257334802128074,1,0.0,1,0.5394402177494341,0,1,1,0,0,0,0,1,0,0,0,0,0,0,0,0,0,1,0,0,2
1,-0.4474048350192824,0,0,-0.5147099884285381,1,0.0,0,-0.5009708172233769,0,0,0,0,0,0,0,0,0,0,0,1,0,0,0,0,0,0,1,1,1
1,-0.4474048350192824,1,1,1.5627698836379778,1,2.0,1,-1.5114658799445737,0,0,0,1,1,0,1,0,1,0,1,0,1,0,1,0,0,0,0,2,0
1,2.235112188621971,1,0,-0.2295656922625457,1,0.0,1,0.1821105491884846,0,0,1,0,0,0,0,0,0,0,0,0,0,0,0,0,0,1,0,2,2
1,-0.4474048350192824,1,1,1.0739510902105622,1,2.0,0,-1.5147898768614196,0,0,0,1,1,0,1,0,1,0,1,0,1,0,1,0,0,0,1,2,0
1,2.235112188621971,1,0,-1.0442636813082382,1,0.0,1,0.7953879803465794,0,0,1,0,0,0,0,0,0,0,0,0,0,1,0,1,0,1,0,0,2
1,-0.4474048350192824,1,0,-0.7591193851422458,1,0.0,1,0.584314176126856,0,1,1,0,0,0,0,1,0,1,0,0,0,0,0,0,0,1,0,1,2
0,-0.4474048350192824,1,1,1.6035047830902625,1,2.0,0,0.5028762516641279,0,1,0,0,0,1,0,1,0,1,0,1,0,1,0,0,0,0,0,2,2
0,-0.4474048350192824,0,0,-1.288673078021946,1,0.0,0,-0.5159288033491842,0,0,0,0,0,1,0,0,0,0,0,0,0,0,0,0,0,0,0,0,1
0,-0.4474048350192824,0,0,-1.288673078021946,1,0.0,1,-0.346404960590036,0,0,0,0,0,0,0,0,0,0,0,0,0,1,0,0,0,1,0,0,1
1,-0.4474048350192824,1,0,-1.0035287818559535,1,0.0,1,0.33002841198813354,0,0,1,0,0,1,0,0,0,0,0,0,0,0,0,0,0,0,1,0,2
0,-0.4474048350192824,1,1,1.3998302858288394,1,2.0,1,-1.523099869153535,0,0,0,1,1,0,1,0,1,0,1,0,1,0,1,0,0,0,0,2,0
0,-0.4474048350192824,0,0,-1.288673078021946,1,0.0,1,0.6092441530032012,0,0,1,0,0,1,0,1,0,0,0,1,0,0,0,0,0,0,1,0,2
1,-0.4474048350192824,0,0,0.34072290006943906,1,1.0,1,0.8136699633892326,0,0,1,0,0,0,0,1,0,0,0,1,0,1,0,0,0,1,0,2,2
0,-0.4474048350192824,0,0,0.09631350335573131,1,1.0,0,-1.4732399154008442,0,0,0,1,1,0,1,0,1,0,1,0,1,0,1,0,0,0,1,2,0
1,2.235112188621971,1,0,0.5036624978785775,1,2.0,0,0.3350144073634028,0,1,0,0,0,1,0,0,0,1,0,1,0,0,0,1,1,0,0,2,2
1,-0.4474048350192824,1,0,-0.10736099390569181,1,1.0,0,-1.5048178861108816,0,0,0,1,1,0,1,0,1,0,1,0,1,0,1,0,1,0,0,2,0
1,-0.4474048350192824,1,0,0.8702765929491392,0,0.0,0,-1.1524742129252012,1,0,0,0,0,0,0,1,0,0,0,0,0,0,0,0,0,1,0,2,0
0,-0.4474048350192824,1,1,-0.5961797873331073,1,1.0,1,-0.3547149528821511,0,0,0,0,0,0,0,0,0,1,0,1,0,0,0,0,1,0,0,1,1
0,-0.4474048350192824,0,0,1.2368906880197008,1,2.0,0,1.094547702862723,0,1,1,0,0,1,0,1,0,1,0,0,0,1,0,0,1,0,0,2,2
1,-0.4474048350192824,0,0,1.4405651852811239,1,2.0,1,1.2308315764534108,0,1,1,0,0,1,0,1,0,1,0,0,0,0,0,1,0,0,0,2,2
1,-0.4474048350192824,1,0,1.0332161907582778,0,1.0,1,-0.6671706630656791,1,0,0,0,0,0,0,0,0,0,0,0,0,1,0,1,1,0,0,2,1
0,2.235112188621971,0,0,0.5036624978785775,1,0.0,1,0.6856960820906601,0,0,1,0,0,1,0,1,0,0,0,1,0,0,0,0,0,0,0,2,2
1,-0.4474048350192824,0,0,-0.636914686785392,1,1.0,0,0.7205980497175435,0,1,1,0,0,0,0,0,0,1,0,1,0,0,0,0,0,1,0,1,2
1,-0.4474048350192824,0,0,1.3590953863765547,1,2.0,1,0.31673242432074916,0,1,0,0,0,1,0,1,0,1,0,0,0,0,0,1,1,0,0,2,2
0,-0.4474048350192824,0,0,-0.31103549116711493,1,0.0,1,1.1444076566154138,0,0,1,0,0,0,0,1,0,1,0,0,0,1,0,1,0,1,0,2,2
0,-0.4474048350192824,0,1,-1.2479381785696613,1,0.0,0,-0.4494488650122634,0,0,0,0,0,0,0,1,0,0,0,0,0,0,0,0,0,0,1,0,1
0,2.235112188621971,1,0,1.114685989662847,1,2.0,1,1.4934273328842482,0,0,1,0,0,1,0,1,0,1,0,1,0,1,0,1,0,0,0,2,2
1,-0.4474048350192824,1,1,1.3998302858288394,1,2.0,1,-1.5181138737782658,0,0,0,1,1,0,1,0,1,0,1,0,1,0,1,0,1,0,0,2,0
1,-0.4474048350192824,1,0,1.6035047830902625,1,2.0,1,1.556583274304323,0,1,1,0,0,1,0,0,0,1,0,1,0,1,0,1,1,0,0,2,2
1,-0.4474048350192824,1,0,0.6258671962354314,1,2.0,0,-1.523099869153535,0,0,0,1,1,0,1,0,1,0,1,0,1,0,1,0,0,0,1,2,0
0,-0.4474048350192824,0,1,-0.8813240834990996,0,0.0,0,-1.3253220526011953,1,0,0,0,0,0,0,0,0,0,0,0,0,0,0,0,0,1,0,0,0
0,-0.4474048350192824,0,0,-0.2703005917148303,1,0.0,1,0.32836641352971063,0,1,1,0,0,0,0,0,0,0,0,0,0,0,0,0,0,0,0,2,2
1,-0.4474048350192824,0,0,-1.288673078021946,1,0.0,1,0.34664839657236374,0,0,0,0,0,0,0,0,0,1,0,1,0,1,0,1,0,1,0,0,2
1,-0.4474048350192824,1,1,1.2368906880197008,1,2.0,1,0.8086839680139638,0,1,0,0,0,1,0,1,0,1,0,1,0,1,0,1,1,0,0,2,2
1,2.235112188621971,1,1,-0.2703005917148303,1,0.0,0,1.3521574639182914,0,1,1,0,0,0,0,1,0,1,0,0,0,1,0,1,0,1,0,2,2
0,-0.4474048350192824,1,1,-0.4332401895239688,1,0.0,0,-0.1303451609950433,0,0,0,0,0,1,0,1,0,1,0,0,0,0,0,0,0,0,1,1,1
0,2.235112188621971,0,0,-1.2479381785696613,1,0.0,1,0.4879182655383205,0,0,1,0,0,0,0,0,0,0,0,0,0,0,0,1,0,0,0,0,2
1,-0.4474048350192824,0,0,0.8295416934968546,1,0.0,0,0.677386089798545,0,1,1,0,0,0,0,0,0,0,0,0,0,1,0,0,0,0,0,2,2
0,-0.4474048350192824,0,0,-1.0035287818559535,1,0.0,1,0.7305700404680815,0,1,1,0,0,0,0,0,0,0,0,0,0,1,0,0,0,1,0,0,2
0,-0.4474048350192824,1,1,1.4813000847334086,1,1.0,0,0.2868164520691351,0,1,0,0,0,1,0,1,0,0,0,1,0,1,0,0,1,0,0,2,2
1,-0.4474048350192824,1,0,1.1554208891151316,1,2.0,0,0.5261442300820502,0,1,0,0,0,0,0,1,0,1,0,0,0,1,0,1,0,0,0,2,2
1,-0.4474048350192824,0,0,1.0332161907582778,1,1.0,0,1.1327736674064528,0,0,1,0,0,1,0,1,0,0,0,0,0,1,0,1,0,0,0,2,2
1,-0.4474048350192824,1,1,-0.7183844856899612,0,0.0,1,-1.159122206758893,1,0,0,0,0,1,0,0,0,0,0,0,0,0,0,0,0,0,0,1,0
0,2.235112188621971,0,0,-1.288673078021946,1,0.0,1,0.6640901021311607,0,1,1,0,0,0,0,0,0,0,0,0,0,0,0,1,0,1,0,0,2
1,-0.4474048350192824,0,0,-0.4332401895239688,0,1.0,1,-0.7087206245262545,1,0,0,0,0,0,0,1,0,1,0,0,0,0,0,1,0,0,0,1,1
1,-0.4474048350192824,0,0,-0.5961797873331073,1,0.0,0,0.3017744381949424,0,1,1,0,0,0,0,0,0,0,0,0,0,0,0,0,0,0,1,1,2
0,-0.4474048350192824,1,0,0.8295416934968546,1,1.0,1,0.9898417999820727,0,0,1,0,0,0,0,0,0,1,0,0,0,1,0,1,0,0,0,2,2
0,2.235112188621971,0,0,-1.2072032791173766,0,0.0,0,-1.3219980556843494,1,0,0,0,0,0,0,0,0,0,0,0,0,0,0,0,0,1,0,0,0
1,2.235112188621971,1,0,-0.3517703906193996,0,0.0,0,-0.8632864811595954,1,0,0,0,0,1,0,0,0,0,0,0,0,0,0,1,0,0,0,1,1
1,-0.4474048350192824,1,1,-0.9220589829513843,0,2.0,0,-0.37798293130007327,1,0,0,0,0,1,0,1,0,1,0,1,0,0,0,1,1,0,0,0,1
1,-0.4474048350192824,1,1,1.4813000847334086,1,2.0,1,1.0014757891910342,0,0,1,0,0,0,0,0,0,0,0,1,0,1,0,1,1,0,0,2,2
0,-0.4474048350192824,0,0,-0.7998542845945305,1,0.0,1,-1.4881979015266515,0,0,0,1,1,0,1,0,1,0,1,0,1,0,1,0,0,0,1,1,0
0,-0.4474048350192824,0,0,-1.2072032791173766,1,0.0,0,-1.538057855279342,0,0,0,1,1,0,1,0,1,0,1,0,1,0,1,0,0,0,1,0,0
1,-0.4474048350192824,0,0,0.4221926989740083,1,1.0,0,0.9732218153978425,0,1,1,0,0,0,0,0,0,0,0,0,0,1,0,1,0,0,1,2,2
0,-0.4474048350192824,1,0,0.9517463918537085,1,1.0,1,1.094547702862723,0,1,1,0,0,1,0,0,0,0,0,0,0,1,0,1,0,1,0,2,2
1,2.235112188621971,0,0,0.992481291305993,1,0.0,1,1.3239034901251003,0,1,1,0,0,0,0,1,0,0,0,1,0,1,0,1,0,0,0,2,2
1,-0.4474048350192824,0,1,-0.9220589829513843,1,0.0,0,-1.3386180402685797,0,1,0,1,1,0,1,0,1,0,1,0,1,0,1,0,1,0,0,0,0
1,-0.4474048350192824,1,0,1.5220349841856933,1,2.0,0,1.6363592003086278,0,1,1,0,0,1,0,1,0,1,0,1,0,1,0,1,1,0,0,2,2
0,2.235112188621971,0,0,-0.10736099390569181,0,0.0,1,-0.823398518157443,1,0,0,0,0,0,0,0,0,1,0,0,0,1,0,0,0,1,0,2,1
0,2.235112188621971,1,1,1.1554208891151316,1,1.0,1,0.0042767141372215345,0,1,0,0,0,0,0,0,0,1,0,0,0,1,0,0,0,1,0,2,1
1,2.235112188621971,0,0,-1.166468379665092,1,0.0,1,0.9865178030652269,0,0,1,0,0,0,0,0,0,1,0,0,0,1,0,1,0,1,0,0,2
1,-0.4474048350192824,1,1,-0.31103549116711493,1,1.0,0,-1.5114658799445737,0,0,0,1,1,0,1,0,1,0,1,0,1,0,1,0,0,1,0,2,0
0,-0.4474048350192824,1,1,1.5627698836379778,0,2.0,0,-0.21344508391619435,1,0,0,0,0,1,0,1,0,0,0,1,0,1,0,1,0,0,1,2,1
0,-0.4474048350192824,0,0,1.0332161907582778,1,2.0,1,-0.0056952766133164965,0,0,0,0,0,1,0,1,0,1,0,1,0,0,0,0,1,0,0,2,1
0,-0.4474048350192824,0,0,0.21851820171258518,1,1.0,1,0.7987119772634252,0,0,1,0,0,0,0,0,0,0,0,0,0,1,0,1,0,0,1,2,2
1,-0.4474048350192824,1,1,-0.840589184046815,1,0.0,1,-1.5247618676119576,0,0,0,1,1,0,1,0,1,0,1,0,1,0,1,0,0,1,0,0,0
0,2.235112188621971,0,0,-0.5147099884285381,1,0.0,1,-0.11538717486923603,0,1,0,0,0,0,0,0,0,0,0,0,0,0,0,1,0,0,1,1,1
1,-0.4474048350192824,1,1,-0.9627938824036689,1,0.0,1,1.2108875949523346,0,0,1,0,0,0,0,1,0,0,0,1,0,1,0,1,0,1,0,0,2
1,-0.4474048350192824,1,1,0.014843704451162058,1,1.0,1,-1.5164518753198426,0,0,0,1,1,0,1,0,1,0,1,0,1,0,1,0,0,0,0,2,0
0,-0.4474048350192824,0,0,1.5220349841856933,0,2.0,1,-0.6804666507330631,1,0,0,0,0,1,0,1,0,1,0,1,0,0,0,0,0,0,0,2,1
1,-0.4474048350192824,0,0,0.5443973973308622,1,0.0,0,0.2569004798175205,0,1,1,0,0,0,0,0,0,0,0,0,0,0,0,0,0,0,0,2,2
1,2.235112188621971,1,0,0.5851322967831468,1,0.0,1,1.162689639658067,0,1,1,0,0,0,0,0,0,1,0,0,0,1,0,1,0,1,0,2,2
0,2.235112188621971,0,0,0.09631350335573131,1,1.0,1,1.5200193082190165,0,1,1,0,0,1,0,1,0,1,0,1,0,1,0,1,0,0,0,2,2
0,-0.4474048350192824,0,0,-1.0035287818559535,1,0.0,0,-0.03228725194808521,0,0,0,0,0,0,0,0,0,1,0,1,0,0,0,1,0,0,1,0,1
0,-0.4474048350192824,1,0,1.6035047830902625,1,2.0,0,0.4696362824956674,0,1,0,0,0,1,0,1,0,1,0,1,0,1,0,0,1,0,0,2,2
0,2.235112188621971,0,0,0.7073369951400007,1,1.0,1,1.3870594315451747,0,1,1,0,0,0,0,1,0,0,0,1,0,1,0,1,0,1,0,2,2
0,-0.4474048350192824,0,0,-0.31103549116711493,1,2.0,0,-1.3402800387270024,0,1,0,1,1,0,1,0,1,0,1,0,1,0,1,0,1,0,0,2,0
1,-0.4474048350192824,1,0,1.6035047830902625,1,2.0,1,0.7854159895960414,0,1,0,0,0,1,0,1,0,1,0,1,0,1,0,1,1,0,0,2,2
0,-0.4474048350192824,0,0,-0.9220589829513843,1,0.0,1,1.18097162270072,0,1,1,0,0,0,0,0,0,1,0,0,0,1,0,1,0,1,0,0,2
1,-0.4474048350192824,1,0,-1.2479381785696613,1,0.0,0,0.3765643688239783,0,0,1,0,0,0,0,0,0,1,0,0,0,0,0,0,0,1,0,0,2
1,2.235112188621971,1,0,-0.2295656922625457,0,0.0,0,-1.14084022371624,1,0,0,0,0,1,0,0,0,0,0,0,0,0,0,0,1,0,0,2,0
1,-0.4474048350192824,0,0,0.9517463918537085,1,1.0,0,-0.4112229004685337,0,0,0,0,0,1,0,0,0,1,0,0,0,0,0,0,0,0,1,2,1
1,2.235112188621971,0,0,-0.7998542845945305,1,0.0,1,0.84524793409927,0,0,1,0,0,0,0,0,0,0,0,0,0,1,0,1,0,1,0,1,2
1,-0.4474048350192824,0,0,1.4813000847334086,1,2.0,1,0.5460882115831263,0,1,0,0,0,1,0,1,0,1,0,1,0,0,0,1,1,0,0,2,2
1,2.235112188621971,1,0,-1.0442636813082382,1,0.0,1,1.014771776858418,0,1,1,0,0,0,0,0,0,0,0,0,0,1,0,1,0,0,0,0,2
1,-0.4474048350192824,1,1,1.5220349841856933,1,1.0,0,0.44138230870247575,0,1,0,0,0,1,0,1,0,1,0,1,0,0,0,1,0,0,0,2,2
1,-0.4474048350192824,1,0,-1.1257334802128074,1,0.0,0,-1.5197758722366888,0,0,0,1,1,0,1,0,1,0,1,0,1,0,1,0,0,0,1,0,0
1,-0.4474048350192824,1,1,-0.31103549116711493,1,1.0,0,-0.37964492975849645,0,0,0,0,0,0,0,1,0,1,0,0,0,0,0,0,0,0,1,2,1
1,-0.4474048350192824,0,0,-1.288673078021946,1,0.0,1,-0.6954246368588705,0,0,0,0,0,0,0,0,0,0,0,0,0,0,0,0,0,0,1,0,1
1,-0.4474048350192824,1,0,0.7480718945922853,1,2.0,1,0.624202139129008,0,0,0,0,0,1,0,1,0,1,0,1,0,1,0,1,1,0,0,2,2
1,2.235112188621971,1,0,-1.288673078021946,1,0.0,1,0.5062002485809737,0,1,1,0,0,1,0,0,0,0,0,0,0,0,0,0,0,1,0,0,2
0,-0.4474048350192824,0,0,-1.0035287818559535,1,2.0,0,-1.4981698922771896,0,0,0,1,1,0,1,0,1,0,1,0,1,0,1,0,0,0,1,0,0
1,-0.4474048350192824,0,0,0.17778330226030056,1,0.0,1,1.0313917614426482,0,0,1,0,0,0,0,1,0,0,0,0,0,1,0,1,1,0,0,2,2
0,-0.4474048350192824,0,1,-1.288673078021946,1,0.0,1,0.1521945769368705,0,0,1,0,0,0,0,0,0,0,0,0,0,0,0,0,0,1,0,0,1
0,-0.4474048350192824,0,0,-0.9220589829513843,1,0.0,1,-1.5014938891940355,0,0,0,1,1,0,1,0,1,0,1,0,1,0,1,0,0,0,1,0,0
0,-0.4474048350192824,1,0,-1.2072032791173766,1,0.0,0,0.9915037984404961,0,1,1,0,0,0,0,0,0,0,0,0,0,1,0,1,0,1,0,0,2
1,-0.4474048350192824,1,1,-0.10736099390569181,1,0.0,1,0.9748838138562659,0,1,1,0,0,1,0,1,0,0,0,0,0,1,0,0,0,1,0,2,2
0,-0.4474048350192824,1,1,0.5443973973308622,1,2.0,1,-1.523099869153535,0,0,0,1,1,0,1,0,1,0,1,0,1,0,1,0,0,0,1,2,0
0,-0.4474048350192824,0,0,1.5627698836379778,1,2.0,1,1.3853974330867518,0,1,1,0,0,1,0,1,0,1,0,0,0,1,0,1,1,0,0,2,2
1,-0.4474048350192824,0,0,0.05557860390344668,1,0.0,1,1.338861476250907,0,1,1,0,0,0,0,1,0,0,0,1,0,1,0,1,0,1,0,2,2
0,-0.4474048350192824,0,0,1.114685989662847,0,1.0,1,-0.6854526461083321,1,0,0,0,0,1,0,0,0,1,0,0,0,0,0,1,0,1,0,2,1
0,2.235112188621971,1,0,1.5220349841856933,1,2.0,1,0.9017558816856528,0,1,0,0,0,1,0,1,0,1,0,1,0,1,0,1,0,0,0,2,2
1,-0.4474048350192824,1,0,-0.3517703906193996,1,1.0,1,-0.22341707466673238,0,1,0,0,0,1,0,0,0,0,0,1,0,0,0,0,0,1,0,1,1
1,-0.4474048350192824,1,1,-0.31103549116711493,1,1.0,0,-1.5014938891940355,0,0,0,1,1,0,1,0,1,0,1,0,1,0,1,0,0,1,0,2,0
1,-0.4474048350192824,0,0,-1.288673078021946,1,0.0,0,-1.5064798845693046,0,0,0,1,1,0,1,0,1,0,1,0,1,0,1,0,0,0,0,0,0
1,-0.4474048350192824,0,0,1.31836048692427,1,2.0,0,-1.307040069558542,0,1,0,1,1,0,1,0,1,0,1,0,1,0,1,0,0,0,1,2,0
0,-0.4474048350192824,1,1,1.2368906880197008,1,2.0,0,-0.05056923499073834,0,0,0,0,0,1,0,1,0,1,0,1,0,0,0,0,0,0,1,2,1
1,-0.4474048350192824,1,0,-1.166468379665092,0,0.0,1,-0.5491687725176446,1,0,0,0,0,0,0,1,0,0,0,0,0,1,0,1,0,1,0,0,1
1,2.235112188621971,0,0,1.3998302858288394,1,0.0,1,1.2075635980354888,0,1,1,0,0,0,0,0,0,1,0,0,0,1,0,1,1,0,0,2,2
1,-0.4474048350192824,1,1,-0.18883079281026105,1,2.0,1,-1.4881979015266515,0,0,0,1,1,0,1,0,1,0,1,0,1,0,1,0,1,0,0,2,0
1,-0.4474048350192824,0,0,-0.5961797873331073,1,0.0,0,-1.4965078938187666,0,0,0,1,1,0,1,0,1,0,1,0,1,0,1,0,0,0,1,1,0
0,-0.4474048350192824,0,0,-1.288673078021946,0,0.0,0,-1.3236600541427723,1,0,0,0,0,0,0,0,0,0,0,0,0,0,0,0,0,0,0,0,0
0,-0.4474048350192824,1,0,-1.0442636813082382,1,0.0,1,0.3350144073634028,0,0,1,0,0,0,0,0,0,1,0,0,0,0,0,0,0,0,0,0,2
0,-0.4474048350192824,1,0,0.666602095687716,0,0.0,0,-0.8117645289484818,1,0,0,0,0,1,0,0,0,0,0,0,0,1,0,0,0,0,0,2,1
1,-0.4474048350192824,0,0,0.2999880006171544,1,0.0,1,0.6591041067558919,0,1,1,0,0,0,0,0,0,0,0,0,0,1,0,0,0,1,0,2,2
1,2.235112188621971,1,1,0.7888067940445699,1,1.0,1,0.5244822316236268,0,1,0,0,0,0,0,1,0,1,0,0,0,1,0,1,0,1,0,2,2
0,-0.4474048350192824,1,1,-1.2072032791173766,1,0.0,1,0.4962282578304356,0,0,1,0,0,0,0,1,0,0,0,1,0,0,0,0,0,1,0,0,2
0,-0.4474048350192824,1,0,0.6258671962354314,1,0.0,1,1.162689639658067,0,0,1,0,0,0,0,0,0,1,0,1,0,1,0,1,1,0,0,2,2
1,2.235112188621971,1,0,0.34072290006943906,1,0.0,1,1.1543796473659518,0,1,1,0,0,0,0,0,0,1,0,0,0,1,0,1,0,1,0,2,2
0,-0.4474048350192824,1,0,-0.10736099390569181,1,1.0,0,0.17213855843794656,0,0,0,0,0,0,0,1,0,1,0,1,0,0,0,1,0,0,0,2,2
1,-0.4474048350192824,1,1,1.5627698836379778,1,2.0,0,1.1676756350333362,0,0,1,0,0,1,0,1,0,1,0,1,0,1,0,0,1,0,0,2,2
1,2.235112188621971,1,0,-0.7591193851422458,1,1.0,0,-1.5098038814861507,0,0,0,1,1,0,1,0,1,0,1,0,1,0,1,0,0,0,1,1,0
1,-0.4474048350192824,1,0,0.4221926989740083,1,0.0,0,0.039178681764104877,0,1,0,0,0,1,0,1,0,0,0,1,0,0,0,0,0,0,0,2,1
1,-0.4474048350192824,0,0,-0.2703005917148303,1,0.0,1,0.6391601252548154,0,1,1,0,0,0,0,0,0,1,0,1,0,0,0,0,0,0,1,2,2
0,-0.4474048350192824,0,0,-1.2479381785696613,1,0.0,1,-1.4749019138592672,0,0,0,1,1,0,1,0,1,0,1,0,1,0,1,0,0,0,0,0,0
1,-0.4474048350192824,0,1,-1.288673078021946,1,0.0,1,-1.521437870695112,0,0,0,1,1,0,1,0,1,0,1,0,1,0,1,0,0,0,1,0,0
1,-0.4474048350192824,1,0,1.2368906880197008,1,2.0,1,1.4967513298010942,0,0,1,0,0,1,0,1,0,1,0,1,0,1,0,1,1,0,0,2,2
1,2.235112188621971,0,0,0.8702765929491392,1,0.0,1,0.8302899479734628,0,1,1,0,0,0,0,1,0,0,0,0,0,0,0,1,0,1,0,2,2
1,-0.4474048350192824,1,1,1.0332161907582778,1,1.0,1,1.328889485500369,0,1,1,0,0,0,0,0,0,1,0,1,0,1,0,1,0,0,0,2,2
0,-0.4474048350192824,0,0,1.2776255874719855,1,2.0,1,0.7089640605085825,0,1,0,0,0,1,0,1,0,1,0,1,0,1,0,1,1,0,0,2,2
0,2.235112188621971,0,0,0.09631350335573131,1,0.0,0,0.1821105491884846,0,0,1,0,0,0,0,0,0,0,0,0,0,0,0,0,0,1,0,2,2
1,-0.4474048350192824,1,1,-0.06662609445340718,1,1.0,1,0.33833840428024864,0,1,0,0,0,1,0,1,0,0,0,1,0,0,0,1,0,0,0,2,2
1,-0.4474048350192824,0,0,-1.288673078021946,1,0.0,0,-0.6804666507330631,0,0,0,0,0,0,0,0,0,0,0,0,0,0,0,0,0,0,1,0,1
0,-0.4474048350192824,1,1,1.0332161907582778,1,1.0,1,-0.6970866353172933,0,0,0,0,0,0,0,0,0,0,0,0,0,0,0,0,0,0,1,2,1
0,-0.4474048350192824,0,0,-0.840589184046815,0,1.0,1,-1.0461063115861278,1,0,0,0,0,1,0,0,0,0,0,1,0,0,0,0,0,0,1,0,0
0,-0.4474048350192824,1,1,1.4405651852811239,1,1.0,1,0.2635484736512127,0,1,0,0,0,1,0,1,0,1,0,0,0,1,0,0,1,0,0,2,2
0,-0.4474048350192824,1,0,-0.9627938824036689,1,0.0,0,0.8103459664723867,0,0,1,0,0,0,0,0,0,0,0,0,0,1,0,1,0,1,0,0,2
1,-0.4474048350192824,1,0,-0.18883079281026105,1,0.0,0,-0.1386551532871584,0,0,0,0,0,1,0,1,0,0,0,1,0,0,0,0,0,0,1,2,1
0,-0.4474048350192824,1,1,0.5036624978785775,0,0.0,1,-0.4710548449717626,1,0,0,0,0,1,0,0,0,0,0,0,0,1,0,1,0,0,0,2,1
1,-0.4474048350192824,1,1,-0.5554448878808227,1,1.0,1,1.1926056119096815,0,1,1,0,0,0,0,0,0,0,0,1,0,1,0,1,0,1,0,1,2
0,-0.4474048350192824,1,1,0.13704840280801595,1,0.0,0,-1.5247618676119576,0,0,0,1,1,0,1,0,1,0,1,0,1,0,1,0,0,0,0,2,0
0,-0.4474048350192824,1,0,0.46292759842629294,1,0.0,1,1.0313917614426482,0,1,1,0,0,0,0,0,0,0,0,0,0,1,0,1,0,1,0,2,2
0,-0.4474048350192824,1,1,-0.7183844856899612,1,0.0,1,1.338861476250907,0,1,1,0,0,0,0,1,0,1,0,0,0,1,0,1,0,0,0,1,2
1,-0.4474048350192824,1,1,-0.18883079281026105,1,1.0,0,1.172661630408605,0,0,1,0,0,0,0,1,0,1,0,0,0,1,0,1,0,0,0,2,2
1,-0.4474048350192824,1,1,1.3590953863765547,1,1.0,1,1.2657335440802946,0,0,1,0,0,1,0,1,0,1,0,0,0,1,0,1,0,0,0,2,2
0,-0.4474048350192824,1,1,1.6035047830902625,1,2.0,1,0.21202652144009915,0,1,0,0,0,1,0,0,0,1,0,0,0,1,0,0,0,0,0,2,2
1,-0.4474048350192824,1,0,1.2368906880197008,1,2.0,0,0.4895802639967435,0,1,0,0,0,0,0,0,0,1,0,1,0,1,0,1,1,0,0,2,2
0,-0.4474048350192824,1,0,1.114685989662847,1,2.0,1,1.5200193082190165,0,1,1,0,0,0,0,1,0,1,0,1,0,1,0,1,1,0,0,2,2
1,-0.4474048350192824,1,1,-1.0035287818559535,1,0.0,1,0.9865178030652269,0,0,1,0,0,0,0,0,0,1,0,0,0,1,0,1,0,1,0,0,2
0,-0.4474048350192824,1,1,-0.7591193851422458,1,0.0,1,0.8585439217666544,0,1,1,0,0,0,0,1,0,0,0,0,0,0,0,1,0,0,0,1,2
1,-0.4474048350192824,1,0,0.6258671962354314,1,0.0,1,1.541625288178516,0,1,1,0,0,1,0,1,0,1,0,0,0,1,0,1,0,0,0,2,2
1,-0.4474048350192824,1,0,-0.31103549116711493,1,1.0,1,-1.466591921567152,0,0,0,1,1,0,1,0,1,0,1,0,1,0,1,0,0,0,0,2,0
0,-0.4474048350192824,0,0,-0.9220589829513843,1,1.0,1,-1.5048178861108816,0,0,0,1,1,0,1,0,1,0,1,0,1,0,1,0,0,0,1,0,0
0,2.235112188621971,1,0,1.6035047830902625,1,2.0,1,0.8236419541397706,0,1,0,0,0,1,0,1,0,1,0,1,0,1,0,1,0,0,0,2,2
1,-0.4474048350192824,0,0,-0.636914686785392,1,0.0,0,0.9566018308136123,0,0,1,0,0,1,0,0,0,0,0,0,0,1,0,1,0,1,0,1,2
0,-0.4474048350192824,0,0,-0.2703005917148303,0,0.0,1,-0.48933682801441575,1,0,0,0,0,0,0,0,0,1,0,0,0,1,0,1,1,0,0,2,1
0,-0.4474048350192824,1,1,1.5627698836379778,1,2.0,0,0.20039253223113773,0,1,0,0,0,1,0,1,0,1,0,1,0,0,0,0,0,0,1,2,2
0,-0.4474048350192824,0,0,-0.9627938824036689,0,0.0,0,-0.8084405320316358,1,0,0,0,0,0,0,1,0,0,0,0,0,0,0,1,0,1,0,0,1
1,-0.4474048350192824,0,0,-0.3517703906193996,1,0.0,1,0.6940060743827752,0,0,1,0,0,0,0,1,0,1,0,1,0,0,0,0,0,1,0,1,2
1,-0.4474048350192824,1,0,0.666602095687716,1,0.0,1,1.1294496704896064,0,1,1,0,0,0,0,1,0,0,0,0,0,1,0,1,0,0,0,2,2
1,-0.4474048350192824,0,0,-0.9627938824036689,0,1.0,0,-0.4743788418886087,1,0,0,0,0,1,0,0,0,1,0,1,0,0,0,1,0,0,1,0,1
0,-0.4474048350192824,1,0,1.1961557885674161,1,2.0,0,0.5294682269988961,0,0,0,0,0,1,0,0,0,1,0,1,0,1,0,1,0,0,1,2,2
0,-0.4474048350192824,0,1,-0.31103549116711493,1,1.0,1,-0.3430809636731899,0,0,0,0,0,0,0,1,0,0,0,1,0,0,0,0,1,0,0,2,1
1,-0.4474048350192824,0,0,-0.9627938824036689,1,0.0,1,0.9632498246473045,0,0,1,0,0,0,0,0,0,1,0,0,0,1,0,1,0,1,0,0,2
0,-0.4474048350192824,1,0,0.9110114924014238,1,1.0,1,0.9865178030652269,0,0,1,0,0,1,0,0,0,0,0,0,0,1,0,1,0,1,0,2,2
1,-0.4474048350192824,0,0,0.9517463918537085,1,0.0,1,1.338861476250907,0,1,1,0,0,1,0,0,0,0,0,1,0,1,0,1,0,0,1,2,2
0,-0.4474048350192824,0,0,1.6035047830902625,1,2.0,1,1.6563031818097045,0,1,1,0,0,1,0,1,0,1,0,1,0,1,0,1,0,1,0,2,2
1,-0.4474048350192824,1,1,0.5443973973308622,1,0.0,1,0.4962282578304356,0,1,1,0,0,0,0,1,0,0,0,0,0,0,0,0,0,0,0,2,2
0,-0.4474048350192824,0,0,-0.39250529007168417,0,0.0,1,-0.6688326615241019,1,0,0,0,0,0,0,0,0,0,0,0,0,1,0,1,0,1,0,1,1
1,-0.4474048350192824,1,0,-0.14809589335797643,1,0.0,1,0.6441461206300846,0,1,1,0,0,1,0,1,0,0,0,0,0,0,0,0,0,1,0,2,2
1,-0.4474048350192824,0,0,-1.1257334802128074,1,0.0,1,1.0313917614426482,0,0,1,0,0,0,0,0,0,0,0,1,0,1,0,1,0,1,0,0,2
0,-0.4474048350192824,1,1,1.4813000847334086,0,2.0,1,-0.7020726306925623,1,0,0,0,0,1,0,0,0,1,0,0,0,0,0,1,1,0,0,2,1
0,-0.4474048350192824,1,1,1.4813000847334086,0,2.0,1,-0.3364329698394978,1,0,0,0,0,0,0,1,0,1,0,0,0,1,0,1,1,0,0,2,1
0,-0.4474048350192824,0,0,-0.5961797873331073,1,0.0,1,0.3433243996555179,0,0,1,0,0,1,0,0,0,0,0,0,0,0,0,0,0,1,0,1,2
1,-0.4474048350192824,0,0,-1.166468379665092,1,0.0,1,-1.4915218984434973,0,0,0,1,1,0,1,0,1,0,1,0,1,0,1,0,0,1,0,0,0
0,-0.4474048350192824,1,0,0.6258671962354314,1,1.0,1,0.019234700263028818,0,0,0,0,0,0,0,1,0,1,0,0,0,0,0,1,0,1,0,2,1
0,-0.4474048350192824,0,1,0.46292759842629294,1,1.0,1,0.41479033336770754,0,1,0,0,0,0,0,1,0,0,0,0,0,1,0,1,0,0,1,2,2
1,-0.4474048350192824,0,0,-0.2295656922625457,1,0.0,1,0.5394402177494341,0,1,1,0,0,0,0,0,0,1,0,0,0,0,0,0,0,1,0,2,2
1,-0.4474048350192824,0,0,-0.31103549116711493,1,0.0,0,0.30676043357021116,0,0,1,0,0,1,0,0,0,0,0,0,0,0,0,0,0,0,0,2,2
0,-0.4474048350192824,1,0,1.6035047830902625,1,2.0,0,-1.4965078938187666,0,0,0,1,1,0,1,0,1,0,1,0,1,0,1,0,0,0,0,2,0
0,2.235112188621971,0,0,-1.1257334802128074,0,0.0,0,-0.6439026846477567,1,0,0,0,0,0,0,0,0,0,0,0,0,1,0,1,0,1,0,0,1
1,-0.4474048350192824,1,1,-0.5554448878808227,1,0.0,0,-0.49764682030653085,0,1,0,0,0,0,0,0,0,0,0,0,0,0,0,0,1,0,0,1,1
1,-0.4474048350192824,1,1,1.6035047830902625,1,2.0,1,1.5033993236347862,0,1,1,0,0,1,0,1,0,1,0,0,0,1,0,1,0,0,0,2,2
1,-0.4474048350192824,1,1,-0.5554448878808227,1,2.0,0,-1.4915218984434973,0,0,0,1,1,0,1,0,1,0,1,0,1,0,1,0,0,0,1,1,0
1,-0.4474048350192824,0,0,-0.9220589829513843,1,0.0,1,0.9915037984404961,0,0,1,0,0,0,0,0,0,1,0,0,0,1,0,1,0,1,0,0,2
1,-0.4474048350192824,1,1,0.666602095687716,0,0.0,1,-0.8599624842427493,1,0,0,0,0,1,0,0,0,0,0,0,0,0,0,1,0,1,0,2,1
0,-0.4474048350192824,0,0,1.31836048692427,1,1.0,1,0.8236419541397706,0,1,1,0,0,1,0,1,0,0,0,1,0,0,0,0,0,1,0,2,2
0,2.235112188621971,1,0,-0.39250529007168417,1,0.0,1,0.9981517922741878,0,0,1,0,0,1,0,0,0,0,0,0,0,1,0,1,0,1,0,1,2
0,2.235112188621971,0,0,-0.9627938824036689,1,0.0,1,0.6441461206300846,0,1,1,0,0,0,0,0,0,0,0,0,0,0,0,1,0,1,0,0,2
1,-0.4474048350192824,1,1,1.6035047830902625,1,2.0,0,1.3355374793340613,0,1,1,0,0,1,0,0,0,1,0,0,0,1,0,1,0,0,0,2,2
0,2.235112188621971,0,0,0.5443973973308622,1,1.0,0,1.003137787649457,0,0,1,0,0,0,0,1,0,0,0,0,0,1,0,1,1,0,0,2,2
1,-0.4474048350192824,1,0,0.5851322967831468,1,0.0,1,1.4784693467584409,0,1,1,0,0,0,0,1,0,1,0,1,0,1,0,1,0,1,0,2,2
1,-0.4474048350192824,0,1,-1.3294079774742305,1,2.0,1,-0.10541518411869799,0,1,0,0,0,1,0,1,0,0,0,1,0,0,0,0,0,0,0,0,1
1,-0.4474048350192824,0,0,0.4221926989740083,0,1.0,1,-0.992922360916591,1,0,0,0,0,1,0,0,0,1,0,0,0,0,0,0,1,0,0,2,1
0,-0.4474048350192824,0,0,1.6035047830902625,1,2.0,1,1.4103274099630971,0,1,1,0,0,0,0,0,0,1,0,1,0,1,0,1,1,0,0,2,2
1,-0.4474048350192824,0,1,-0.7183844856899612,1,1.0,0,-0.007357275071739895,0,0,0,0,0,1,0,0,0,1,0,0,0,0,0,1,0,0,1,1,1
1,-0.4474048350192824,1,1,-0.14809589335797643,1,0.0,1,-1.4765639123176904,0,0,0,1,1,0,1,0,1,0,1,0,1,0,1,0,0,0,1,2,0
0,-0.4474048350192824,0,0,-1.2072032791173766,1,0.0,1,-0.36136294671584307,0,0,0,0,0,0,0,0,0,0,0,0,0,1,0,0,0,1,0,0,1
0,2.235112188621971,1,0,-1.2072032791173766,0,0.0,1,-1.14084022371624,1,0,0,0,0,0,0,1,0,0,0,0,0,0,0,0,0,1,0,0,0
0,-0.4474048350192824,0,0,1.31836048692427,1,2.0,0,-1.2821100926821967,0,1,0,1,1,0,1,0,1,0,1,0,1,0,1,0,0,0,0,2,0
0,-0.4474048350192824,1,1,-1.0849985807605227,1,1.0,0,-1.53140986144565,0,0,0,1,1,0,1,0,1,0,1,0,1,0,1,0,1,0,0,0,0
0,2.235112188621971,0,0,-0.5147099884285381,1,0.0,1,0.9649118231057273,0,1,1,0,0,0,0,1,0,1,0,0,0,0,0,1,0,1,0,1,2
0,-0.4474048350192824,1,1,-0.3517703906193996,1,1.0,0,-1.5014938891940355,0,0,0,1,1,0,1,0,1,0,1,0,1,0,1,0,0,0,1,1,0
1,-0.4474048350192824,1,1,1.6035047830902625,1,1.0,1,1.3239034901251003,0,1,1,0,0,1,0,1,0,1,0,1,0,0,0,1,1,0,0,2,2
0,2.235112188621971,1,0,1.0332161907582778,1,0.0,1,1.1743236288670285,0,1,1,0,0,0,0,0,0,0,0,1,0,1,0,1,0,0,0,2,2
1,-0.4474048350192824,1,1,-0.636914686785392,1,0.0,1,0.8086839680139638,0,0,1,0,0,1,0,0,0,1,0,0,0,1,0,0,0,1,0,1,2
0,-0.4474048350192824,1,0,1.5220349841856933,0,2.0,1,-0.5059568125986459,1,0,0,0,0,1,0,0,0,1,0,1,0,0,0,1,0,0,0,2,1
0,-0.4474048350192824,1,0,0.5036624978785775,1,2.0,1,1.0014757891910342,0,0,1,0,0,0,0,0,0,0,0,1,0,1,0,1,1,0,0,2,2
1,-0.4474048350192824,0,0,-0.31103549116711493,1,1.0,1,-1.5147898768614196,0,0,0,1,1,0,1,0,1,0,1,0,1,0,1,0,0,0,0,2,0
0,-0.4474048350192824,0,0,-1.288673078021946,1,0.0,1,0.3333524089049794,0,1,1,0,0,0,0,0,0,0,0,0,0,0,0,0,0,1,0,0,2
1,-0.4474048350192824,1,0,1.0739510902105622,0,0.0,1,-0.6904386414836015,1,0,0,0,0,0,0,0,0,0,0,0,0,1,0,1,0,1,0,2,1
0,-0.4474048350192824,0,0,-0.10736099390569181,1,0.0,0,0.667414099048007,0,0,1,0,0,0,0,0,0,0,0,1,0,1,0,0,0,1,0,2,2
0,2.235112188621971,1,0,-0.5147099884285381,1,1.0,1,0.8618679186835002,0,0,1,0,0,0,0,0,0,0,0,0,0,1,0,1,0,0,0,1,2
1,-0.4474048350192824,0,1,-0.9627938824036689,1,1.0,0,-1.4948458953603434,0,0,0,1,1,0,1,0,1,0,1,0,1,0,1,0,0,0,1,0,0
1,-0.4474048350192824,0,0,-0.9220589829513843,1,0.0,1,-0.18020511474773393,0,0,0,0,0,0,0,1,0,0,0,0,0,1,0,0,0,0,1,0,1
0,2.235112188621971,0,0,1.3998302858288394,1,2.0,1,0.910065873977768,0,0,1,0,0,1,0,1,0,0,0,1,0,1,0,0,0,0,0,2,2
1,2.235112188621971,0,0,-1.2479381785696613,1,0.0,1,0.9981517922741878,0,0,1,0,0,0,0,1,0,1,0,1,0,0,0,1,1,0,0,0,2
0,-0.4474048350192824,0,0,0.8702765929491392,1,1.0,1,0.9649118231057273,0,0,1,0,0,0,0,0,0,1,0,0,0,1,0,1,1,0,0,2,2
1,-0.4474048350192824,0,0,-0.5147099884285381,1,0.0,1,1.1128296859053763,0,1,1,0,0,0,0,0,0,0,0,1,0,1,0,1,0,0,1,1,2
1,-0.4474048350192824,0,0,-1.288673078021946,1,0.0,1,-0.6655086646072561,0,0,0,0,0,0,0,0,0,0,0,0,0,0,0,0,0,0,1,0,1
0,-0.4474048350192824,1,1,0.5036624978785775,1,2.0,1,-1.4981698922771896,0,0,0,1,1,0,1,0,1,0,1,0,1,0,1,0,0,0,0,2,0
0,-0.4474048350192824,0,0,-0.840589184046815,1,0.0,1,-0.6671706630656791,0,0,0,0,0,0,0,0,0,0,0,0,0,0,0,0,0,0,0,0,1
0,-0.4474048350192824,0,0,-1.2072032791173766,1,0.0,0,-0.6754806553577941,0,0,0,0,0,0,0,0,0,0,0,0,0,0,0,0,0,0,1,0,1
1,2.235112188621971,0,0,-1.288673078021946,1,0.0,1,0.31008443048705747,0,1,1,0,0,0,0,0,0,0,0,0,0,0,0,0,0,1,0,0,2
1,-0.4474048350192824,1,1,-0.9627938824036689,1,0.0,0,1.2640715456218712,0,0,1,0,0,0,0,0,0,1,0,1,0,1,0,1,0,1,0,0,2
1,-0.4474048350192824,0,1,-0.8813240834990996,1,0.0,0,0.7023160666748903,0,1,1,0,0,0,0,0,0,0,0,0,0,0,0,1,0,1,0,0,2
1,-0.4474048350192824,0,0,1.4813000847334086,1,2.0,0,-1.3668720140617707,0,1,0,1,1,0,1,0,1,0,1,0,1,0,1,0,0,0,0,2,0
0,-0.4474048350192824,1,0,-1.288673078021946,1,0.0,1,-0.38296892667534255,0,0,0,0,0,1,0,1,0,0,0,0,0,0,0,0,0,0,1,0,1
1,-0.4474048350192824,1,1,1.5627698836379778,1,2.0,1,1.6263872095580898,0,1,1,0,0,1,0,1,0,1,0,1,0,1,0,1,0,0,0,2,2
1,-0.4474048350192824,0,0,-1.288673078021946,1,0.0,0,-0.35637695134057407,0,1,0,0,0,0,0,0,0,1,0,0,0,0,0,0,0,1,0,0,1
1,-0.4474048350192824,0,0,1.6035047830902625,1,2.0,0,0.6391601252548154,0,1,0,0,0,1,0,0,0,1,0,1,0,1,0,1,1,0,0,2,2
0,-0.4474048350192824,0,0,-1.288673078021946,1,0.0,1,-1.5181138737782658,0,0,0,1,1,0,1,0,1,0,1,0,1,0,1,0,0,0,1,0,0
0,-0.4474048350192824,0,0,-1.2072032791173766,1,0.0,0,-0.3231369821721136,0,0,0,0,0,1,0,1,0,0,0,0,0,0,0,0,0,1,0,0,1
1,-0.4474048350192824,1,1,-0.31103549116711493,1,0.0,1,0.34664839657236374,0,0,1,0,0,0,0,1,0,0,0,0,0,0,0,0,0,1,0,2,2
0,-0.4474048350192824,1,0,-1.166468379665092,1,0.0,1,0.8834738986429997,0,1,1,0,0,0,0,1,0,0,0,0,0,1,0,0,0,1,0,0,2
1,-0.4474048350192824,0,0,-1.2479381785696613,1,0.0,0,-1.4898598999850743,0,0,0,1,1,0,1,0,1,0,1,0,1,0,1,0,0,0,1,0,0
0,-0.4474048350192824,0,0,-1.2072032791173766,1,0.0,0,-1.4848739046098054,0,0,0,1,1,0,1,0,1,0,1,0,1,0,1,0,0,0,1,0,0
1,-0.4474048350192824,0,1,-0.10736099390569181,1,1.0,0,-0.018991264280700852,0,0,0,0,0,0,0,1,0,1,0,0,0,1,0,0,1,0,0,2,1
0,-0.4474048350192824,0,0,-1.288673078021946,1,0.0,0,-1.4848739046098054,0,0,0,1,1,0,1,0,1,0,1,0,1,0,1,0,0,0,1,0,0
0,-0.4474048350192824,0,0,-0.7998542845945305,1,0.0,1,-1.521437870695112,0,0,0,1,1,0,1,0,1,0,1,0,1,0,1,0,0,0,1,1,0
0,-0.4474048350192824,1,0,0.3814577995217237,1,0.0,0,-1.4865359030682284,0,0,0,1,1,0,1,0,1,0,1,0,1,0,1,0,1,0,0,2,0
1,-0.4474048350192824,0,0,-0.5554448878808227,1,0.0,1,0.29180244744440387,0,0,1,0,0,0,0,1,0,0,0,0,0,0,0,0,1,0,0,1,2
0,-0.4474048350192824,0,0,-0.14809589335797643,1,0.0,0,0.07906664476625748,0,1,0,0,0,1,0,1,0,0,0,1,0,0,0,0,0,0,1,2,1
1,-0.4474048350192824,0,0,0.3814577995217237,1,0.0,1,1.2191975872444498,0,1,1,0,0,0,0,1,0,0,0,0,0,1,0,1,0,1,0,2,2
1,-0.4474048350192824,1,0,0.6258671962354314,1,1.0,1,0.1821105491884846,0,1,0,0,0,0,0,1,0,1,0,0,0,0,0,1,1,0,0,2,2
0,-0.4474048350192824,1,0,-0.5554448878808227,1,0.0,0,-0.6704946599825251,0,0,0,0,0,0,0,0,0,0,0,0,0,0,0,0,0,0,1,1,1
1,2.235112188621971,1,1,1.2776255874719855,1,2.0,1,-1.3519140279359636,0,1,0,1,1,0,1,0,1,0,1,0,1,0,1,0,0,0,0,2,0
0,-0.4474048350192824,0,0,-1.2072032791173766,1,0.0,1,0.17213855843794656,0,0,1,0,0,0,0,0,0,0,0,0,0,0,0,0,0,1,0,0,2
1,-0.4474048350192824,1,1,-0.39250529007168417,1,2.0,0,-1.468253920025575,0,0,0,1,1,0,1,0,1,0,1,0,1,0,1,0,0,0,1,1,0
0,-0.4474048350192824,0,0,-0.5961797873331073,1,0.0,1,0.8286279495150398,0,1,1,0,0,0,0,1,0,0,0,0,0,1,0,0,1,0,0,1,2
1,-0.4474048350192824,1,1,1.1961557885674161,1,2.0,0,1.4319333899225966,0,0,1,0,0,1,0,1,0,1,0,1,0,1,0,1,0,0,1,2,2
0,-0.4474048350192824,0,0,-1.288673078021946,1,0.0,1,-1.4915218984434973,0,0,0,1,1,0,1,0,1,0,1,0,1,0,1,0,0,0,0,0,0
1,-0.4474048350192824,1,1,1.5220349841856933,1,2.0,0,-1.4865359030682284,0,0,0,1,1,0,1,0,1,0,1,0,1,0,1,0,1,0,0,2,0
0,-0.4474048350192824,0,0,0.5443973973308622,1,1.0,1,1.1975916072849502,0,1,1,0,0,0,0,0,0,1,0,0,0,1,0,1,0,1,0,2,2
0,-0.4474048350192824,0,0,-1.0035287818559535,1,0.0,1,0.012586706429336639,0,0,0,0,0,0,0,1,0,0,0,1,0,1,0,0,0,1,0,0,1
1,-0.4474048350192824,0,0,-0.5147099884285381,1,0.0,1,1.4335953883810195,0,0,1,0,0,1,0,1,0,1,0,1,0,1,0,1,0,0,0,1,2
0,-0.4474048350192824,1,0,1.6035047830902625,1,2.0,0,0.5111862439562429,0,1,1,0,0,1,0,0,0,0,0,0,0,0,0,0,0,0,0,2,2
1,-0.4474048350192824,0,1,-0.6776495862376766,1,0.0,1,0.1339125938942169,0,1,0,0,0,1,0,1,0,0,0,0,0,0,0,1,0,1,0,1,1
0,-0.4474048350192824,0,0,-1.288673078021946,1,0.0,0,0.34000040273867155,0,0,1,0,0,0,0,0,0,1,0,0,0,0,0,0,0,1,0,0,2
1,-0.4474048350192824,0,1,-1.288673078021946,1,0.0,0,-1.5031558876524584,0,0,0,1,1,0,1,0,1,0,1,0,1,0,1,0,0,0,1,0,0
0,-0.4474048350192824,0,0,-0.47397508897625346,1,0.0,1,0.8302899479734628,0,0,1,0,0,0,0,1,0,1,0,0,0,0,0,1,0,1,0,1,2
0,-0.4474048350192824,1,1,-0.5147099884285381,1,0.0,0,-1.4865359030682284,0,0,0,1,1,0,1,0,1,0,1,0,1,0,1,0,0,0,1,1,0
0,-0.4474048350192824,1,1,0.5851322967831468,1,2.0,0,-1.4898598999850743,0,0,0,1,1,0,1,0,1,0,1,0,1,0,1,0,1,0,0,2,0
0,2.235112188621971,0,0,-0.47397508897625346,0,0.0,1,-0.7702145674879064,1,0,0,0,0,1,0,0,0,0,0,0,0,1,0,0,0,1,0,1,1
0,-0.4474048350192824,1,0,0.7480718945922853,1,1.0,1,0.45135429945301425,0,1,0,0,0,0,0,1,0,0,0,1,0,1,0,1,1,0,0,2,2
1,-0.4474048350192824,0,1,1.3590953863765547,1,2.0,1,-1.3219980556843494,0,1,0,1,1,0,1,0,1,0,1,0,1,0,1,0,1,0,0,2,0
0,-0.4474048350192824,1,1,0.6258671962354314,1,2.0,1,0.1671525630626773,0,0,0,0,0,1,0,1,0,1,0,0,0,0,0,1,1,0,0,2,2
0,-0.4474048350192824,1,1,1.5627698836379778,0,2.0,0,-0.17854311628931077,1,0,0,0,0,1,0,1,0,0,0,1,0,1,0,1,0,0,0,2,1
1,-0.4474048350192824,0,0,-0.8813240834990996,1,2.0,0,-1.5131278784029967,0,0,0,1,1,0,1,0,1,0,1,0,1,0,1,0,1,0,0,0,0
0,-0.4474048350192824,0,0,0.6258671962354314,1,0.0,1,1.4070034130462512,0,1,1,0,0,0,0,1,0,1,0,0,0,1,0,1,0,0,0,2,2
1,-0.4474048350192824,1,0,-0.9627938824036689,1,0.0,1,0.1289265985189481,0,0,0,0,0,1,0,1,0,0,0,1,0,1,0,0,0,0,1,0,1
0,2.235112188621971,0,0,-0.4332401895239688,1,1.0,1,-1.4965078938187666,0,0,0,1,1,0,1,0,1,0,1,0,1,0,1,0,0,0,1,1,0
0,-0.4474048350192824,1,1,-1.0035287818559535,1,2.0,0,-1.529747862987227,0,0,0,1,1,0,1,0,1,0,1,0,1,0,1,0,0,0,1,0,0
1,-0.4474048350192824,1,0,0.9517463918537085,1,1.0,0,1.170999631950182,0,1,1,0,0,0,0,1,0,0,0,0,0,1,0,1,1,0,0,2,2
1,-0.4474048350192824,1,0,0.9517463918537085,1,1.0,0,-1.4998318907356125,0,0,0,1,1,0,1,0,1,0,1,0,1,0,1,0,1,0,0,2,0
1,-0.4474048350192824,0,1,-0.636914686785392,1,1.0,0,-0.6804666507330631,0,0,0,0,0,0,0,0,0,0,0,0,0,0,0,0,0,0,1,1,1
0,-0.4474048350192824,0,0,0.9110114924014238,1,1.0,0,-0.6655086646072561,0,0,0,0,0,0,0,0,0,0,0,0,0,0,0,0,0,0,0,2,1
0,-0.4474048350192824,1,1,1.0332161907582778,1,0.0,1,0.057460664806758016,0,1,0,0,0,0,0,1,0,0,0,0,0,1,0,0,0,0,0,2,1
1,2.235112188621971,1,0,-1.0035287818559535,1,0.0,0,-0.1386551532871584,0,0,0,0,0,1,0,0,0,0,0,0,0,1,0,0,0,0,0,0,1
0,-0.4474048350192824,1,1,-0.025891195001122566,0,0.0,1,-0.9945843593750142,1,0,0,0,0,1,0,1,0,0,0,0,0,0,0,0,0,1,0,2,1
0,-0.4474048350192824,0,0,1.6035047830902625,1,2.0,1,0.2635484736512127,0,0,0,0,0,1,0,1,0,1,0,1,0,0,0,1,1,0,0,2,2
1,-0.4474048350192824,1,1,0.17778330226030056,1,0.0,1,0.9266858585619981,0,1,1,0,0,0,0,1,0,1,0,0,0,1,0,0,0,1,0,2,2
0,-0.4474048350192824,1,1,1.5220349841856933,1,2.0,1,-1.4931838969019204,0,0,0,1,1,0,1,0,1,0,1,0,1,0,1,0,1,0,0,2,0
1,2.235112188621971,1,0,0.014843704451162058,0,0.0,1,-0.5009708172233769,1,0,0,0,0,0,0,1,0,1,0,1,0,1,0,0,0,1,0,2,1
0,-0.4474048350192824,0,1,0.7073369951400007,1,2.0,0,-1.4931838969019204,0,0,0,1,1,0,1,0,1,0,1,0,1,0,1,0,1,0,0,2,0
1,2.235112188621971,1,0,-0.10736099390569181,1,0.0,1,1.2108875949523346,0,1,1,0,0,0,0,0,0,0,0,1,0,1,0,1,0,1,0,2,2
0,-0.4474048350192824,1,1,0.9517463918537085,1,2.0,1,-0.12535916561977428,0,0,0,0,0,1,0,1,0,1,0,0,0,0,0,0,1,0,0,2,1
0,2.235112188621971,1,0,-0.4332401895239688,1,0.0,1,-0.05056923499073834,0,1,0,0,0,1,0,1,0,0,0,1,0,0,0,0,0,0,1,1,1
1,-0.4474048350192824,0,0,-1.0442636813082382,1,0.0,1,0.9649118231057273,0,1,1,0,0,0,0,0,0,0,0,0,0,1,0,1,0,1,0,0,2
0,2.235112188621971,1,0,1.6035047830902625,1,2.0,0,0.7987119772634252,0,1,0,0,0,1,0,1,0,1,0,1,0,1,0,1,1,0,0,2,2
0,-0.4474048350192824,1,1,1.6035047830902625,0,2.0,1,-0.04225924269862324,1,0,0,0,0,1,0,1,0,1,0,1,0,1,0,1,0,0,0,2,1
0,-0.4474048350192824,1,1,0.014843704451162058,1,0.0,0,0.7006540682164674,0,1,1,0,0,0,0,0,0,0,0,0,0,0,0,1,1,0,0,2,2
0,-0.4474048350192824,1,1,-0.5554448878808227,1,1.0,1,0.8070219695555404,0,1,1,0,0,0,0,0,0,0,0,1,0,0,0,1,0,0,0,1,2
0,-0.4474048350192824,1,0,-1.2479381785696613,0,0.0,0,-0.6804666507330631,1,0,0,0,0,0,0,0,0,0,0,0,0,1,0,1,0,1,0,0,1
1,-0.4474048350192824,0,0,-0.4332401895239688,1,0.0,0,0.5976101637942398,0,1,1,0,0,0,0,0,0,0,0,0,0,0,0,1,0,1,0,1,2
0,-0.4474048350192824,0,0,-0.7183844856899612,1,0.0,0,-0.2034730931656561,0,0,0,0,0,1,0,0,0,1,0,1,0,0,0,0,0,1,0,1,1
1,-0.4474048350192824,0,0,-0.9627938824036689,1,0.0,0,-1.5031558876524584,0,0,0,1,1,0,1,0,1,0,1,0,1,0,1,0,0,0,1,0,0
0,2.235112188621971,1,0,0.4221926989740083,1,1.0,1,1.41198940842152,0,1,1,0,0,0,0,0,0,1,0,1,0,1,0,1,0,1,0,2,2
0,-0.4474048350192824,0,0,-1.0849985807605227,1,0.0,1,-0.3347709713810748,0,0,0,0,0,0,0,0,0,0,0,0,0,0,0,1,0,1,0,0,1
0,2.235112188621971,1,1,-0.7591193851422458,1,0.0,1,1.0214197706921102,0,1,1,0,0,0,0,0,0,0,0,0,0,1,0,1,0,1,0,1,2
1,-0.4474048350192824,0,0,-0.5147099884285381,1,0.0,0,0.45634029482828303,0,0,1,0,0,0,0,0,0,0,0,0,0,1,0,0,0,1,0,1,2
1,-0.4474048350192824,0,0,-0.7183844856899612,1,0.0,1,1.2059015995770654,0,0,1,0,0,0,0,0,0,1,0,1,0,1,0,1,0,1,0,1,2
1,-0.4474048350192824,0,0,0.7480718945922853,1,1.0,0,0.7073020620501591,0,0,1,0,0,1,0,0,0,0,0,0,0,1,0,0,0,0,1,2,2
0,-0.4474048350192824,0,0,-0.5147099884285381,1,0.0,1,0.8086839680139638,0,0,1,0,0,1,0,0,0,1,0,0,0,1,0,0,0,0,0,1,2
1,-0.4474048350192824,0,0,-1.1257334802128074,1,0.0,0,-0.2965450068373454,0,0,0,0,0,0,0,0,0,1,0,1,0,0,0,0,0,1,0,0,1
1,-0.4474048350192824,0,1,-0.636914686785392,1,0.0,1,-0.4909988264728389,0,0,0,0,0,1,0,0,0,0,0,0,0,0,0,0,0,0,1,1,1
0,-0.4474048350192824,0,1,-0.840589184046815,1,0.0,1,-0.6821286491914863,0,0,0,0,0,0,0,0,0,0,0,0,0,0,0,0,0,1,0,0,1
1,-0.4474048350192824,0,0,-1.2072032791173766,1,0.0,1,-0.504294814140223,0,0,0,0,0,0,0,1,0,0,0,0,0,0,0,0,0,0,1,0,1
1,-0.4474048350192824,1,1,-0.39250529007168417,1,0.0,1,1.1560416458243747,0,0,1,0,0,1,0,0,0,0,0,1,0,1,0,1,0,1,0,1,2
1,-0.4474048350192824,0,0,-1.2072032791173766,0,0.0,1,-0.9380764117886314,1,0,0,0,0,0,0,1,0,0,0,1,0,0,0,0,0,0,1,0,1
0,2.235112188621971,0,0,-0.18883079281026105,1,0.0,0,-0.020653262739123778,0,1,0,0,0,0,0,1,0,1,0,1,0,0,0,0,0,0,0,2,1
0,-0.4474048350192824,1,1,1.6035047830902625,1,2.0,1,1.719459123229779,0,1,1,0,0,1,0,1,0,1,0,1,0,1,0,1,1,0,0,2,2
0,-0.4474048350192824,0,0,-0.6776495862376766,1,0.0,1,0.9349958508541133,0,0,1,0,0,0,0,1,0,1,0,0,0,0,0,1,1,0,0,1,2
1,-0.4474048350192824,1,1,1.3998302858288394,1,2.0,0,-1.3436040356438486,0,1,0,1,1,0,1,0,1,0,1,0,1,0,1,0,0,0,0,2,0
1,-0.4474048350192824,0,0,0.8702765929491392,1,1.0,1,1.3405234747093304,0,0,1,0,0,1,0,1,0,0,0,1,0,1,0,1,1,0,0,2,2
1,-0.4474048350192824,1,1,-0.39250529007168417,0,0.0,1,-1.1541362113836242,1,0,0,0,0,0,0,0,0,0,0,1,0,0,0,0,0,0,0,1,0
1,-0.4474048350192824,1,1,-0.14809589335797643,1,1.0,0,0.13225059543579396,0,1,0,0,0,1,0,0,0,0,0,1,0,1,0,0,0,0,0,2,1
0,2.235112188621971,1,0,-0.31103549116711493,1,0.0,1,0.14720858156160124,0,1,0,0,0,1,0,0,0,0,0,1,0,1,0,0,1,0,0,2,1
1,2.235112188621971,0,0,-0.2295656922625457,1,0.0,1,0.5444262131247033,0,1,1,0,0,0,0,1,0,0,0,0,0,0,0,0,0,1,0,2,2
1,-0.4474048350192824,0,0,-0.6776495862376766,1,0.0,1,0.5145102408730887,0,1,1,0,0,0,0,1,0,0,0,0,0,0,0,0,0,0,1,1,2
1,-0.4474048350192824,1,1,-0.5147099884285381,1,0.0,0,1.0546597398605706,0,1,1,0,0,0,0,1,0,0,0,1,0,1,0,0,0,0,1,1,2
0,-0.4474048350192824,0,0,1.4813000847334086,1,2.0,1,0.6740620928816987,0,1,0,0,0,1,0,0,0,1,0,1,0,1,0,1,1,0,0,2,2
1,-0.4474048350192824,0,0,0.992481291305993,1,1.0,1,-0.346404960590036,0,0,0,0,0,0,0,1,0,0,0,1,0,0,0,0,0,0,1,2,1
0,-0.4474048350192824,0,0,0.666602095687716,1,0.0,1,-0.17688111783088784,0,1,0,0,0,1,0,1,0,0,0,0,0,0,0,0,1,0,0,2,1
1,-0.4474048350192824,1,0,1.6035047830902625,1,2.0,0,-1.303716072641696,0,1,0,1,1,0,1,0,1,0,1,0,1,0,1,0,1,0,0,2,0
1,-0.4474048350192824,0,0,-0.31103549116711493,1,0.0,0,-1.478225910776113,0,0,0,1,1,0,1,0,1,0,1,0,1,0,1,0,0,0,1,2,0
1,-0.4474048350192824,0,0,1.31836048692427,1,2.0,1,-1.5131278784029967,0,0,0,1,1,0,1,0,1,0,1,0,1,0,1,0,1,0,0,2,0
1,-0.4474048350192824,0,1,-0.31103549116711493,1,0.0,1,1.0247437676089566,0,0,1,0,0,0,0,1,0,0,0,0,0,1,0,1,0,1,0,2,2
1,-0.4474048350192824,0,0,-1.1257334802128074,1,0.0,1,0.16549056460425438,0,0,0,0,0,0,0,0,0,1,0,0,0,1,0,1,0,1,0,0,2
0,-0.4474048350192824,1,1,1.1554208891151316,1,1.0,1,1.1842956196175665,0,1,1,0,0,1,0,1,0,1,0,0,0,0,0,1,1,0,0,2,2
0,-0.4474048350192824,1,0,-0.2703005917148303,0,1.0,0,-0.9862743670828991,1,0,0,0,0,1,0,0,0,1,0,0,0,0,0,0,1,0,0,2,1
1,-0.4474048350192824,0,0,-0.14809589335797643,1,1.0,0,0.19374453839744601,0,1,0,0,0,0,0,1,0,1,0,0,0,0,0,1,1,0,0,2,2
1,-0.4474048350192824,1,0,1.114685989662847,1,2.0,0,-1.4998318907356125,0,0,0,1,1,0,1,0,1,0,1,0,1,0,1,0,0,0,1,2,0
0,-0.4474048350192824,1,1,1.5220349841856933,1,2.0,1,1.633035203391782,0,1,1,0,0,1,0,1,0,1,0,1,0,1,0,1,0,0,0,2,2
0,-0.4474048350192824,0,0,-1.0442636813082382,1,0.0,1,0.3350144073634028,0,0,1,0,0,0,0,0,0,1,0,0,0,0,0,0,0,1,0,0,2
0,-0.4474048350192824,1,1,0.05557860390344668,0,1.0,0,-0.12702116407819722,1,0,0,0,0,1,0,0,0,1,0,1,0,1,0,1,0,0,1,2,1
0,2.235112188621971,0,0,1.0739510902105622,1,2.0,1,0.4696362824956674,0,1,1,0,0,0,0,1,0,0,0,0,0,0,0,0,1,0,0,2,2
0,2.235112188621971,0,0,-1.0035287818559535,1,0.0,1,0.8984318847688065,0,0,1,0,0,0,0,0,0,1,0,0,0,1,0,1,0,1,0,0,2
1,-0.4474048350192824,0,0,0.2592531011648698,1,1.0,0,0.5427642146662804,0,1,1,0,0,0,0,1,0,0,0,0,0,0,0,0,1,0,0,2,2
1,-0.4474048350192824,0,1,-0.39250529007168417,1,1.0,0,-1.5048178861108816,0,0,0,1,1,0,1,0,1,0,1,0,1,0,1,0,0,0,1,1,0
1,-0.4474048350192824,1,1,-0.7998542845945305,1,0.0,1,-0.5026328156817998,0,0,0,0,0,1,0,0,0,0,0,0,0,0,0,0,0,0,1,1,1
1,-0.4474048350192824,0,0,-0.025891195001122566,1,1.0,0,-1.4865359030682284,0,0,0,1,1,0,1,0,1,0,1,0,1,0,1,0,1,0,0,2,0
0,-0.4474048350192824,0,0,1.6035047830902625,1,2.0,1,-1.45994392773346,0,0,0,1,1,0,1,0,1,0,1,0,1,0,1,0,0,0,0,2,0
0,-0.4474048350192824,0,0,-0.5554448878808227,1,0.0,1,-0.29488300837892223,0,0,0,0,0,0,0,0,0,0,0,0,0,0,0,1,0,1,0,1,1
0,-0.4474048350192824,1,1,0.5851322967831468,0,2.0,1,-0.16857112553877274,1,0,0,0,0,1,0,1,0,1,0,0,0,1,0,1,1,0,0,2,1
1,-0.4474048350192824,1,1,-0.9220589829513843,1,0.0,1,-1.4965078938187666,0,0,0,1,1,0,1,0,1,0,1,0,1,0,1,0,1,0,0,0,0
0,-0.4474048350192824,1,1,1.2776255874719855,1,1.0,0,-1.3352940433517335,0,1,0,1,1,0,1,0,1,0,1,0,1,0,1,0,0,0,1,2,0
1,-0.4474048350192824,1,0,0.992481291305993,1,2.0,1,-0.17688111783088784,0,0,0,0,0,1,0,1,0,0,0,1,0,0,0,0,0,1,0,2,1
0,-0.4474048350192824,1,1,1.6035047830902625,1,2.0,0,0.46465028712039813,0,1,1,0,0,1,0,0,0,0,0,0,0,0,0,0,0,0,0,2,2
0,-0.4474048350192824,1,1,1.31836048692427,1,1.0,0,-0.12369716716135112,0,0,0,0,0,1,0,1,0,1,0,0,0,0,0,0,0,0,0,2,1
0,2.235112188621971,1,1,0.9110114924014238,1,1.0,0,0.3715783734487091,0,1,0,0,0,1,0,0,0,1,0,1,0,1,0,0,0,1,0,2,2
0,2.235112188621971,1,0,1.6035047830902625,1,2.0,0,0.446368304077745,0,1,1,0,0,1,0,0,0,0,0,0,0,0,0,0,0,0,0,2,2
1,-0.4474048350192824,1,1,0.666602095687716,1,0.0,1,1.1543796473659518,0,1,1,0,0,0,0,0,0,1,0,0,0,1,0,1,0,1,0,2,2
0,-0.4474048350192824,1,0,0.3814577995217237,1,0.0,1,-0.49266082493126184,0,1,0,0,0,0,0,0,0,0,0,0,0,0,0,0,0,1,0,2,1
1,-0.4474048350192824,1,0,-0.840589184046815,1,0.0,0,0.5244822316236268,0,0,1,0,0,1,0,0,0,0,0,1,0,0,0,0,0,0,0,0,2
1,-0.4474048350192824,1,1,0.9110114924014238,1,0.0,1,0.8419239371824242,0,1,1,0,0,0,0,0,0,1,0,0,0,1,0,0,1,0,0,2,2
0,2.235112188621971,0,0,1.6035047830902625,1,2.0,1,1.4967513298010942,0,1,1,0,0,1,0,1,0,0,0,1,0,1,0,1,0,0,0,2,2
1,-0.4474048350192824,0,0,-1.2479381785696613,1,0.0,1,0.08903863551679551,0,0,1,0,0,0,0,0,0,0,0,0,0,0,0,0,0,1,0,0,1
1,-0.4474048350192824,0,0,0.666602095687716,1,0.0,1,1.2840155271229476,0,1,1,0,0,0,0,1,0,1,0,0,0,1,0,1,0,0,0,2,2
1,-0.4474048350192824,1,0,0.666602095687716,1,1.0,0,0.6408221237132383,0,1,0,0,0,1,0,0,0,1,0,1,0,1,0,1,0,1,0,2,2
1,-0.4474048350192824,0,0,-1.288673078021946,0,0.0,1,-0.657198672315141,1,0,0,0,0,0,0,0,0,0,0,0,0,1,0,1,0,0,1,0,1
1,-0.4474048350192824,1,1,0.05557860390344668,1,0.0,0,0.43972031024405284,0,0,1,0,0,0,0,0,0,0,0,0,0,1,0,0,0,1,0,2,2
0,-0.4474048350192824,1,0,-0.9627938824036689,0,0.0,1,-0.5425207786839524,1,0,0,0,0,0,0,0,0,1,0,0,0,1,0,1,0,1,0,0,1
0,2.235112188621971,1,0,0.7073369951400007,1,0.0,1,0.7638100096365419,0,1,1,0,0,0,0,1,0,0,0,0,0,1,0,0,0,1,0,2,2
1,-0.4474048350192824,0,0,0.992481291305993,1,2.0,1,0.30842243202863406,0,0,0,0,0,1,0,0,0,1,0,0,0,1,0,1,0,0,0,2,2
1,-0.4474048350192824,0,0,1.0332161907582778,1,2.0,0,-1.4715779169424212,0,0,0,1,1,0,1,0,1,0,1,0,1,0,1,0,0,0,1,2,0
0,-0.4474048350192824,0,1,0.5443973973308622,1,0.0,1,1.1543796473659518,0,0,1,0,0,0,0,1,0,1,0,0,0,1,0,1,0,1,0,2,2
1,-0.4474048350192824,1,0,0.9517463918537085,1,1.0,1,0.9333338523956903,0,1,1,0,0,1,0,1,0,1,0,0,0,0,0,0,0,1,0,2,2
0,-0.4474048350192824,1,1,1.2776255874719855,1,2.0,0,-1.4915218984434973,0,0,0,1,1,0,1,0,1,0,1,0,1,0,1,0,0,0,1,2,0
1,-0.4474048350192824,0,0,-0.8813240834990996,1,0.0,0,0.6557801098390456,0,0,1,0,0,0,0,0,0,1,0,0,0,0,0,1,0,1,0,0,2
0,-0.4474048350192824,1,1,-0.8813240834990996,0,0.0,0,-0.4826888341807238,1,0,0,0,0,1,0,0,0,0,0,0,0,1,0,1,0,1,0,0,1
1,2.235112188621971,1,0,1.6035047830902625,1,2.0,1,0.930009855478844,0,1,1,0,0,1,0,1,0,1,0,1,0,0,0,0,0,0,0,2,2
1,-0.4474048350192824,1,1,1.4405651852811239,1,2.0,1,0.2618864751927898,0,0,0,0,0,0,0,0,0,1,0,1,0,1,0,1,0,0,0,2,2
0,-0.4474048350192824,0,0,-1.288673078021946,1,0.0,1,0.3532963904060559,0,0,1,0,0,0,0,1,0,0,0,0,0,0,0,0,0,1,0,0,2
0,-0.4474048350192824,0,0,-1.2479381785696613,1,0.0,1,-1.4798879092345363,0,0,0,1,1,0,1,0,1,0,1,0,1,0,1,0,0,0,1,0,0
0,-0.4474048350192824,1,1,-0.10736099390569181,1,0.0,1,1.4103274099630971,0,1,1,0,0,0,0,1,0,1,0,1,0,1,0,1,0,1,0,2,2
1,-0.4474048350192824,1,0,-0.4332401895239688,1,0.0,1,1.3139314993745617,0,0,1,0,0,1,0,1,0,0,0,1,0,1,0,1,0,1,0,1,2
1,-0.4474048350192824,1,0,-0.5554448878808227,1,0.0,1,0.7887399865128872,0,1,1,0,0,1,0,1,0,0,0,1,0,0,0,0,1,0,0,1,2
1,-0.4474048350192824,1,1,-1.288673078021946,1,0.0,1,-1.4931838969019204,0,0,0,1,1,0,1,0,1,0,1,0,1,0,1,0,0,0,0,0,0
1,-0.4474048350192824,0,0,1.3590953863765547,1,2.0,0,-1.5197758722366888,0,0,0,1,1,0,1,0,1,0,1,0,1,0,1,0,0,0,0,2,0
0,-0.4474048350192824,1,1,-1.2072032791173766,1,0.0,1,0.13557459235264027,0,1,0,0,0,0,0,1,0,1,0,0,0,1,0,0,0,0,0,0,1
1,-0.4474048350192824,1,1,-0.18883079281026105,1,0.0,0,-0.022315261197546708,0,1,0,0,0,0,0,1,0,0,0,0,0,0,0,1,0,1,0,2,1
0,-0.4474048350192824,1,0,0.9110114924014238,1,0.0,1,0.4214383272013997,0,1,1,0,0,0,0,1,0,0,0,0,0,0,0,0,1,0,0,2,2
1,-0.4474048350192824,1,1,0.7073369951400007,1,2.0,0,-1.3336320448933103,0,1,0,1,1,0,1,0,1,0,1,0,1,0,1,0,0,0,1,2,0
0,2.235112188621971,0,0,-1.2072032791173766,1,0.0,0,-0.6671706630656791,0,0,0,0,0,0,0,0,0,0,0,0,0,0,0,0,0,1,0,0,1
0,-0.4474048350192824,0,0,0.014843704451162058,1,1.0,1,0.4945662593720127,0,0,1,0,0,0,0,1,0,0,0,1,0,0,0,0,0,0,0,2,2
0,-0.4474048350192824,0,0,-1.0035287818559535,1,0.0,0,-0.6854526461083321,0,0,0,0,0,0,0,0,0,0,0,0,0,0,0,0,0,0,1,0,1
0,-0.4474048350192824,1,1,1.0332161907582778,0,2.0,0,-0.17688111783088784,1,0,0,0,0,1,0,0,0,1,0,1,0,1,0,1,0,0,1,2,1
1,-0.4474048350192824,1,1,1.6035047830902625,1,2.0,0,1.2923255194150627,0,1,1,0,0,1,0,1,0,1,0,1,0,0,0,1,1,0,0,2,2
0,-0.4474048350192824,0,0,-1.166468379665092,1,0.0,1,0.5909621699605476,0,0,1,0,0,0,0,0,0,1,0,0,0,0,0,1,1,0,0,0,2
0,-0.4474048350192824,0,0,-1.2479381785696613,1,0.0,1,-0.6538746753982949,0,0,0,0,0,0,0,0,0,0,0,0,0,0,0,0,0,1,0,0,1
0,2.235112188621971,1,1,0.05557860390344668,1,0.0,1,0.4829322701630513,0,1,1,0,0,0,0,1,0,0,0,0,0,0,0,0,0,0,1,2,2
0,-0.4474048350192824,0,1,0.05557860390344668,1,0.0,1,1.338861476250907,0,0,1,0,0,1,0,1,0,1,0,0,0,1,0,1,0,0,0,2,2
0,-0.4474048350192824,0,0,-1.0035287818559535,1,1.0,1,-1.4915218984434973,0,0,0,1,1,0,1,0,1,0,1,0,1,0,1,0,0,0,0,0,0
1,-0.4474048350192824,0,0,-0.7998542845945305,1,0.0,1,-0.4826888341807238,0,0,0,0,0,0,0,0,0,0,0,1,0,0,0,0,0,0,1,1,1
0,-0.4474048350192824,1,0,-1.0035287818559535,1,2.0,0,0.014248704887759566,0,0,0,0,0,1,0,0,0,0,0,1,0,0,0,1,0,0,1,0,1
0,-0.4474048350192824,1,0,0.09631350335573131,1,1.0,1,-0.09710519182658288,0,0,0,0,0,1,0,0,0,0,0,0,0,1,0,0,0,0,0,2,1
1,-0.4474048350192824,0,0,-1.288673078021946,1,0.0,1,-1.4898598999850743,0,0,0,1,1,0,1,0,1,0,1,0,1,0,1,0,0,0,1,0,0
0,-0.4474048350192824,1,1,-1.1257334802128074,0,0.0,0,-1.0245003316266286,1,0,0,0,0,0,0,1,0,0,0,1,0,0,0,0,0,1,0,0,0
0,-0.4474048350192824,1,0,0.9110114924014238,1,1.0,0,-1.5081418830277276,0,0,0,1,1,0,1,0,1,0,1,0,1,0,1,0,0,1,0,2,0
1,-0.4474048350192824,0,0,1.6035047830902625,0,2.0,1,0.01591070334618249,1,0,0,0,0,1,0,1,0,1,0,1,0,1,0,1,0,0,0,2,1
0,2.235112188621971,1,0,1.5627698836379778,1,2.0,1,1.0397017537347633,0,1,1,0,0,1,0,1,0,1,0,1,0,0,0,0,1,0,0,2,2
1,-0.4474048350192824,1,1,1.6035047830902625,1,2.0,1,0.3433243996555179,0,0,0,0,0,0,0,1,0,1,0,0,0,1,0,1,0,0,0,2,2
1,-0.4474048350192824,0,0,0.09631350335573131,1,2.0,0,-1.523099869153535,0,0,0,1,1,0,1,0,1,0,1,0,1,0,1,0,0,0,1,2,0
0,-0.4474048350192824,0,0,1.6035047830902625,1,2.0,1,1.707825134020818,0,1,1,0,0,1,0,1,0,1,0,1,0,1,0,1,0,0,0,2,2
1,-0.4474048350192824,0,1,-1.288673078021946,1,0.0,0,-1.5064798845693046,0,0,0,1,1,0,1,0,1,0,1,0,1,0,1,0,0,0,1,0,0
0,2.235112188621971,1,0,0.9517463918537085,1,0.0,1,0.39152235494978516,0,1,1,0,0,0,0,0,0,0,0,1,0,0,0,0,0,0,0,2,2
0,-0.4474048350192824,0,0,-0.636914686785392,1,0.0,1,0.13058859697737102,0,1,0,0,0,0,0,0,0,1,0,1,0,1,0,0,0,0,1,1,1
0,-0.4474048350192824,0,0,-1.288673078021946,1,0.0,1,-0.2932210099204993,0,0,0,0,0,0,0,0,0,0,0,0,0,0,0,1,0,1,0,0,1
0,-0.4474048350192824,1,1,-1.1257334802128074,1,0.0,0,0.16216656768740853,0,0,1,0,0,0,0,0,0,0,0,0,0,0,0,0,1,0,0,0,1
0,-0.4474048350192824,0,1,1.31836048692427,0,2.0,0,-0.6588606707735639,1,0,0,0,0,0,0,1,0,0,0,1,0,1,0,0,0,0,1,2,1
0,-0.4474048350192824,1,0,0.13704840280801595,1,2.0,1,1.3621294546688294,0,1,1,0,0,1,0,1,0,1,0,1,0,0,0,1,1,0,0,2,2
1,-0.4474048350192824,1,0,1.0332161907582778,1,1.0,0,-0.1585991347882347,0,0,0,0,0,1,0,1,0,1,0,0,0,0,0,0,1,0,0,2,1
1,-0.4474048350192824,0,0,-1.2072032791173766,1,0.0,0,1.4252853960889045,0,1,1,0,0,0,0,1,0,1,0,0,0,1,0,1,0,0,1,0,2
0,-0.4474048350192824,1,1,1.6035047830902625,1,2.0,0,-1.5131278784029967,0,0,0,1,1,0,1,0,1,0,1,0,1,0,1,0,0,0,0,2,0
0,-0.4474048350192824,1,1,0.05557860390344668,1,0.0,0,0.7438660281354659,0,1,1,0,0,0,0,0,0,1,0,0,0,1,0,0,0,1,0,2,2
1,-0.4474048350192824,1,1,-0.636914686785392,1,1.0,1,-0.09876719028500582,0,1,0,0,0,1,0,0,0,0,0,1,0,0,0,0,0,0,1,1,1
0,-0.4474048350192824,1,1,0.17778330226030056,1,2.0,1,-1.3618860186865018,0,1,0,1,1,0,1,0,1,0,1,0,1,0,1,0,0,0,0,2,0
1,2.235112188621971,1,0,-0.10736099390569181,1,0.0,1,1.3504954654598684,0,1,1,0,0,1,0,1,0,1,0,1,0,1,0,0,0,0,0,2,2
0,-0.4474048350192824,0,0,-0.6776495862376766,1,0.0,0,0.25191448444225173,0,1,1,0,0,0,0,0,0,0,0,0,0,0,0,0,0,1,0,1,2
0,-0.4474048350192824,1,1,1.6035047830902625,1,2.0,0,-1.3253220526011953,0,1,0,1,1,0,1,0,1,0,1,0,1,0,1,0,0,0,0,2,0
1,-0.4474048350192824,0,0,-0.025891195001122566,1,0.0,0,0.7505140219691581,0,1,1,0,0,1,0,0,0,0,0,1,0,0,0,0,0,0,0,2,2
0,2.235112188621971,1,1,1.5627698836379778,1,1.0,0,0.1372365908110632,0,1,0,0,0,1,0,1,0,0,0,0,0,1,0,0,0,1,0,2,1
1,-0.4474048350192824,1,0,1.3998302858288394,1,2.0,1,0.9333338523956903,0,1,1,0,0,0,0,1,0,1,0,0,0,0,0,1,0,1,0,2,2
1,-0.4474048350192824,1,0,1.3998302858288394,1,1.0,1,0.7754439988455033,0,1,1,0,0,0,0,1,0,0,0,0,0,1,0,0,0,0,0,2,2
0,-0.4474048350192824,0,0,-0.5554448878808227,0,1.0,1,-0.6721566584409481,1,0,0,0,0,0,0,0,0,0,0,0,0,1,0,1,1,0,0,1,1
1,-0.4474048350192824,1,0,0.666602095687716,1,0.0,1,0.9566018308136123,0,1,1,0,0,1,0,1,0,0,0,0,0,1,0,0,0,0,0,2,2
0,-0.4474048350192824,1,0,-1.2479381785696613,1,0.0,1,-0.6804666507330631,0,0,0,0,0,0,0,0,0,0,0,0,0,0,0,0,1,0,0,0,1
1,-0.4474048350192824,1,0,1.114685989662847,1,1.0,0,1.244127564120795,0,1,1,0,0,0,0,1,0,1,0,0,0,1,0,1,0,0,0,2,2
1,-0.4474048350192824,1,1,-1.166468379665092,1,2.0,0,-1.5014938891940355,0,0,0,1,1,0,1,0,1,0,1,0,1,0,1,0,0,0,1,0,0
0,-0.4474048350192824,1,1,1.4405651852811239,1,2.0,0,0.6724000944232758,0,1,0,0,0,0,0,1,0,1,0,1,0,1,0,1,0,0,0,2,2
0,-0.4474048350192824,1,1,1.6035047830902625,1,2.0,1,0.18543454610533092,0,0,0,0,0,1,0,1,0,1,0,0,0,1,0,0,1,0,0,2,2
0,-0.4474048350192824,0,0,0.8702765929491392,1,0.0,0,1.5299912989695545,0,1,1,0,0,0,0,1,0,1,0,1,0,1,0,1,0,1,0,2,2
0,-0.4474048350192824,0,0,-1.288673078021946,1,0.0,0,-0.4959848218481079,0,0,0,0,0,1,0,0,0,0,0,0,0,0,0,0,0,1,0,0,1
0,-0.4474048350192824,1,1,0.2592531011648698,1,2.0,1,-1.5031558876524584,0,0,0,1,1,0,1,0,1,0,1,0,1,0,1,0,0,0,0,2,0
0,-0.4474048350192824,0,0,0.7073369951400007,1,1.0,1,-1.5197758722366888,0,0,0,1,1,0,1,0,1,0,1,0,1,0,1,0,0,0,1,2,0
0,-0.4474048350192824,0,0,-1.166468379665092,1,0.0,1,0.9449678416046513,0,1,1,0,0,0,0,1,0,0,0,1,0,0,0,1,0,1,0,0,2
1,-0.4474048350192824,0,0,0.13704840280801595,1,2.0,1,-1.5463678475714573,0,0,0,1,1,0,1,0,1,0,1,0,1,0,1,0,1,0,0,2,0
1,-0.4474048350192824,1,1,1.4405651852811239,1,2.0,0,-1.4998318907356125,0,0,0,1,1,0,1,0,1,0,1,0,1,0,1,0,0,0,0,2,0
1,-0.4474048350192824,0,0,-1.288673078021946,1,2.0,0,-1.4832119061513822,0,0,0,1,1,0,1,0,1,0,1,0,1,0,1,0,0,0,1,0,0
0,2.235112188621971,0,0,-1.0035287818559535,1,0.0,1,0.9765458123146887,0,0,1,0,0,0,0,0,0,1,0,0,0,1,0,1,1,0,0,0,2
0,2.235112188621971,1,0,0.9517463918537085,1,1.0,0,1.0164337753168413,0,1,1,0,0,1,0,1,0,1,0,1,0,0,0,0,0,1,0,2,2
0,-0.4474048350192824,0,0,-1.288673078021946,1,0.0,1,-0.657198672315141,0,0,0,0,0,0,0,0,0,0,0,0,0,0,0,0,0,1,0,0,1
0,-0.4474048350192824,0,1,0.666602095687716,1,1.0,0,-1.5164518753198426,0,0,0,1,1,0,1,0,1,0,1,0,1,0,1,0,1,0,0,2,0
0,-0.4474048350192824,0,0,-0.5961797873331073,1,0.0,0,0.42310032565982264,0,0,1,0,0,0,0,1,0,1,0,0,0,0,0,0,0,1,0,1,2
0,-0.4474048350192824,1,0,1.5220349841856933,1,2.0,0,0.007600711054067387,0,1,0,0,0,1,0,0,0,1,0,1,0,0,0,0,1,0,0,2,1
1,-0.4474048350192824,0,1,0.5851322967831468,1,0.0,1,-0.3247989806305368,0,0,0,0,0,1,0,1,0,0,0,0,0,0,0,0,0,1,0,2,1
1,-0.4474048350192824,1,1,1.2776255874719855,1,2.0,1,1.46683535754948,0,1,1,0,0,0,0,1,0,1,0,1,0,1,0,1,1,0,0,2,2
1,-0.4474048350192824,0,0,-0.5147099884285381,0,0.0,1,-0.3347709713810748,1,0,0,0,0,1,0,1,0,1,0,1,0,1,0,0,1,0,0,1,1
0,2.235112188621971,0,0,-1.288673078021946,1,0.0,1,0.2020545306895611,0,0,1,0,0,0,0,0,0,0,0,0,0,0,0,0,0,1,0,0,2
1,2.235112188621971,1,0,-1.288673078021946,0,0.0,0,-0.826722515074289,1,0,0,0,0,0,0,1,0,0,0,0,0,1,0,0,0,1,0,0,1
1,-0.4474048350192824,1,0,1.1554208891151316,1,0.0,1,1.3455094700845993,0,1,1,0,0,0,0,1,0,1,0,0,0,1,0,1,0,1,0,2,2
1,-0.4474048350192824,0,0,-1.166468379665092,1,0.0,0,-1.4749019138592672,0,0,0,1,1,0,1,0,1,0,1,0,1,0,1,0,0,0,1,0,0
0,-0.4474048350192824,1,1,0.4221926989740083,1,1.0,0,-1.4981698922771896,0,0,0,1,1,0,1,0,1,0,1,0,1,0,1,0,0,0,1,2,0
1,-0.4474048350192824,0,0,0.992481291305993,0,0.0,1,-0.8566384873259035,1,0,0,0,0,0,0,1,0,0,0,0,0,1,0,0,0,1,0,2,1
0,-0.4474048350192824,1,1,-0.8813240834990996,1,0.0,1,0.042502678680950735,0,1,0,0,0,0,0,0,0,0,0,1,0,0,0,1,0,1,0,0,1
0,-0.4474048350192824,1,1,1.3590953863765547,1,1.0,1,-0.5209147987244532,0,0,0,0,0,0,0,0,0,0,0,1,0,0,0,0,1,0,0,2,1
1,2.235112188621971,1,0,1.5627698836379778,1,2.0,1,1.6612891771849732,0,1,1,0,0,1,0,1,0,1,0,1,0,1,0,1,0,0,0,2,2
0,-0.4474048350192824,1,0,1.6035047830902625,1,2.0,1,1.084575712112185,0,1,1,0,0,0,0,1,0,0,0,0,0,1,0,1,1,0,0,2,2
0,-0.4474048350192824,0,0,-0.9627938824036689,1,0.0,1,-0.7087206245262545,0,0,0,0,0,0,0,0,0,0,0,0,0,0,0,0,0,1,0,0,1
1,-0.4474048350192824,1,1,0.7073369951400007,1,0.0,0,1.2840155271229476,0,1,1,0,0,0,0,1,0,0,0,1,0,1,0,1,0,1,0,2,2
1,-0.4474048350192824,0,0,-1.2072032791173766,1,0.0,0,-0.6522126769398717,0,0,0,0,0,0,0,0,0,0,0,0,0,0,0,0,0,0,1,0,1
0,-0.4474048350192824,1,1,-0.840589184046815,0,1.0,0,-1.1574602083004701,1,0,0,0,0,0,0,0,0,0,0,1,0,0,0,0,1,0,0,0,0
0,-0.4474048350192824,1,1,-0.4332401895239688,1,0.0,0,-1.529747862987227,0,0,0,1,1,0,1,0,1,0,1,0,1,0,1,0,0,0,0,1,0
1,-0.4474048350192824,1,1,1.2368906880197008,1,2.0,0,-1.5131278784029967,0,0,0,1,1,0,1,0,1,0,1,0,1,0,1,0,0,0,1,2,0
0,-0.4474048350192824,0,0,0.7480718945922853,1,1.0,1,1.543287286636939,0,1,1,0,0,0,0,1,0,1,0,1,0,1,0,1,0,1,0,2,2
0,-0.4474048350192824,0,0,-0.9627938824036689,1,0.0,0,1.1045196936132613,0,1,1,0,0,0,0,0,0,1,0,0,0,1,0,1,1,0,0,0,2
0,-0.4474048350192824,0,0,1.4405651852811239,1,2.0,0,-1.3153500618506573,0,1,0,1,1,0,1,0,1,0,1,0,1,0,1,0,0,0,0,2,0
1,-0.4474048350192824,0,0,-0.18883079281026105,1,0.0,1,1.3504954654598684,0,1,1,0,0,0,0,1,0,1,0,0,0,1,0,1,0,1,0,2,2
0,-0.4474048350192824,1,1,0.7480718945922853,1,2.0,0,0.6790480882569679,0,0,0,0,0,1,0,1,0,1,0,1,0,1,0,1,1,0,0,2,2
1,-0.4474048350192824,0,0,0.5443973973308622,1,1.0,1,0.9915037984404961,0,1,1,0,0,0,0,1,0,1,0,0,0,1,0,0,1,0,0,2,2
1,2.235112188621971,1,1,0.7480718945922853,1,0.0,1,0.6358361283379695,0,1,1,0,0,0,0,1,0,1,0,0,0,0,0,0,0,1,0,2,2
0,2.235112188621971,1,0,-0.18883079281026105,1,0.0,1,1.2042396011186425,0,1,1,0,0,0,0,0,0,0,0,1,0,1,0,1,1,0,0,2,2
0,-0.4474048350192824,0,0,-0.2295656922625457,1,0.0,1,-0.27826302379469203,0,0,0,0,0,1,0,1,0,0,0,0,0,0,0,0,0,0,1,2,1
1,-0.4474048350192824,1,0,1.3998302858288394,1,2.0,0,-1.3369560418101565,0,1,0,1,1,0,1,0,1,0,1,0,1,0,1,0,1,0,0,2,0
1,-0.4474048350192824,1,1,-1.288673078021946,1,0.0,1,0.18543454610533092,0,0,1,0,0,0,0,0,0,0,0,0,0,0,0,0,0,0,1,0,2
1,-0.4474048350192824,0,0,-0.5147099884285381,1,1.0,1,0.120616606226833,0,1,0,0,0,0,0,1,0,0,0,1,0,1,0,0,0,1,0,1,1
1,-0.4474048350192824,1,0,-0.39250529007168417,1,0.0,1,-0.17023312399719567,0,0,0,0,0,1,0,0,0,0,0,0,0,0,0,1,0,0,0,1,1
0,-0.4474048350192824,1,1,0.13704840280801595,1,2.0,0,-1.4898598999850743,0,0,0,1,1,0,1,0,1,0,1,0,1,0,1,0,0,0,0,2,0
1,-0.4474048350192824,0,0,-0.9220589829513843,1,0.0,1,0.5194962362483581,0,1,1,0,0,0,0,1,0,0,0,0,0,0,0,0,0,0,0,0,2
1,-0.4474048350192824,0,0,1.114685989662847,1,2.0,0,-0.1220351687029282,0,0,0,0,0,1,0,1,0,1,0,0,0,0,0,0,0,1,0,2,1
1,-0.4474048350192824,1,1,1.5220349841856933,1,2.0,1,1.7111491309376639,0,1,1,0,0,1,0,1,0,1,0,1,0,1,0,1,1,0,0,2,2
1,-0.4474048350192824,0,0,-0.31103549116711493,1,0.0,1,-1.4931838969019204,0,0,0,1,1,0,1,0,1,0,1,0,1,0,1,0,0,0,1,2,0
1,2.235112188621971,1,0,-0.5147099884285381,1,0.0,0,1.3953694238372898,0,1,1,0,0,0,0,1,0,0,0,1,0,1,0,1,0,1,0,1,2
1,-0.4474048350192824,1,1,0.8295416934968546,1,0.0,0,0.6856960820906601,0,1,0,0,0,1,0,0,0,1,0,1,0,1,0,1,0,1,0,2,2
1,-0.4474048350192824,0,0,-0.2703005917148303,1,0.0,1,1.106181692071684,0,1,1,0,0,0,0,0,0,1,0,0,0,1,0,1,0,1,0,2,2
0,-0.4474048350192824,0,0,-0.9220589829513843,1,0.0,1,-1.4582819292750369,0,0,0,1,1,0,1,0,1,0,1,0,1,0,1,0,0,1,0,0,0
0,-0.4474048350192824,0,0,-0.3517703906193996,1,0.0,1,0.9815318076899575,0,0,1,0,0,1,0,0,0,0,0,0,0,1,0,1,0,1,0,1,2
0,-0.4474048350192824,0,0,0.05557860390344668,1,0.0,0,-0.0023712796964706438,0,1,0,0,0,0,0,0,0,0,0,1,0,1,0,0,0,0,1,2,1
0,-0.4474048350192824,0,0,-0.47397508897625346,1,0.0,1,1.0729417229032236,0,1,1,0,0,0,0,0,0,0,0,0,0,1,0,1,0,1,0,1,2
0,-0.4474048350192824,1,1,0.34072290006943906,1,0.0,1,0.9915037984404961,0,0,1,0,0,0,0,0,0,1,0,0,0,1,0,1,0,0,0,2,2
1,-0.4474048350192824,1,1,1.6035047830902625,1,2.0,1,1.3239034901251003,0,1,1,0,0,1,0,1,0,1,0,1,0,0,0,1,1,0,0,2,2
1,-0.4474048350192824,1,0,-1.0849985807605227,1,0.0,1,0.5909621699605476,0,1,1,0,0,0,0,0,0,0,0,0,0,1,0,0,0,1,0,0,2
0,-0.4474048350192824,1,1,-0.9627938824036689,1,0.0,1,0.6740620928816987,0,1,1,0,0,0,0,0,0,0,0,0,0,1,0,0,0,0,0,0,2
0,-0.4474048350192824,0,0,1.1961557885674161,1,2.0,1,-1.5247618676119576,0,0,0,1,1,0,1,0,1,0,1,0,1,0,1,0,1,0,0,2,0
1,-0.4474048350192824,1,0,0.7073369951400007,0,1.0,1,-0.6854526461083321,1,0,0,0,0,1,0,0,0,0,0,1,0,1,0,0,0,0,0,2,1
0,-0.4474048350192824,1,1,-1.1257334802128074,1,0.0,1,-0.5209147987244532,0,0,0,0,0,1,0,0,0,0,0,0,0,0,0,0,0,0,1,0,1
1,-0.4474048350192824,0,0,1.1961557885674161,1,2.0,0,-1.5031558876524584,0,0,0,1,1,0,1,0,1,0,1,0,1,0,1,0,0,0,0,2,0
1,-0.4474048350192824,1,1,1.0332161907582778,1,0.0,1,0.9233618616451519,0,0,1,0,0,0,0,1,0,0,0,0,0,1,0,1,0,1,0,2,2
1,2.235112188621971,1,0,-0.14809589335797643,1,0.0,1,0.47296027941251323,0,1,1,0,0,0,0,0,0,0,0,1,0,0,0,0,0,1,0,2,2
1,2.235112188621971,1,1,0.05557860390344668,1,0.0,1,1.456863366798942,0,1,1,0,0,0,0,1,0,1,0,1,0,1,0,1,0,1,0,2,2
1,-0.4474048350192824,0,0,-0.9627938824036689,1,0.0,1,0.10565862010102571,0,0,0,0,0,1,0,0,0,1,0,1,0,0,0,1,0,0,0,0,1
0,-0.4474048350192824,0,1,-1.288673078021946,1,0.0,0,-1.3186740587675032,0,1,0,1,1,0,1,0,1,0,1,0,1,0,1,0,0,0,1,0,0
1,-0.4474048350192824,0,0,-1.288673078021946,1,0.0,1,0.6507941144637768,0,1,1,0,0,0,0,0,0,0,0,0,0,1,0,0,0,0,1,0,2
1,-0.4474048350192824,1,1,-0.7183844856899612,1,0.0,1,0.32670441507128767,0,1,1,0,0,0,0,0,0,0,0,0,0,0,0,0,0,0,0,1,2
0,-0.4474048350192824,1,1,0.34072290006943906,1,0.0,1,0.9715598169394195,0,1,1,0,0,1,0,1,0,0,0,0,0,1,0,0,0,0,0,2,2
0,-0.4474048350192824,1,0,1.4405651852811239,1,2.0,1,0.4829322701630513,0,0,0,0,0,1,0,1,0,0,0,1,0,1,0,1,0,0,0,2,2
0,-0.4474048350192824,0,0,0.666602095687716,1,2.0,0,0.07740464630783456,0,0,0,0,0,1,0,1,0,1,0,1,0,0,0,0,0,0,0,2,1
1,-0.4474048350192824,0,0,-1.166468379665092,1,0.0,0,-0.3580389497989972,0,0,0,0,0,0,0,0,0,0,0,0,0,0,0,1,0,1,0,0,1
1,-0.4474048350192824,0,0,-0.06662609445340718,1,0.0,1,0.1987305337727148,0,1,0,0,0,0,0,1,0,0,0,1,0,1,0,0,0,1,0,2,2
0,-0.4474048350192824,1,1,-0.7591193851422458,1,0.0,0,-1.3136880633922343,0,1,0,1,1,0,1,0,1,0,1,0,1,0,1,0,0,0,1,1,0
1,-0.4474048350192824,0,0,1.1961557885674161,1,1.0,0,1.2275075795365649,0,1,1,0,0,1,0,1,0,0,0,1,0,0,0,1,0,1,0,2,2
0,-0.4474048350192824,0,0,-1.288673078021946,0,0.0,1,-1.3352940433517335,1,0,0,0,0,0,0,0,0,0,0,0,0,0,0,0,0,0,1,0,0
0,-0.4474048350192824,0,0,1.5220349841856933,1,1.0,0,-1.5081418830277276,0,0,0,1,1,0,1,0,1,0,1,0,1,0,1,0,0,0,0,2,0
0,-0.4474048350192824,0,0,0.7073369951400007,1,1.0,1,0.5793281807515867,0,1,0,0,0,1,0,0,0,1,0,1,0,1,0,1,1,0,0,2,2
1,-0.4474048350192824,0,1,-1.0035287818559535,0,0.0,0,-1.3153500618506573,1,0,0,0,0,0,0,0,0,0,0,0,0,0,0,0,0,0,1,0,0
1,-0.4474048350192824,1,1,-0.7591193851422458,1,1.0,0,-1.5064798845693046,0,0,0,1,1,0,1,0,1,0,1,0,1,0,1,0,0,0,1,1,0
1,-0.4474048350192824,1,0,1.6035047830902625,1,2.0,1,1.4851173405921332,0,1,1,0,0,0,0,1,0,1,0,1,0,1,0,1,1,0,0,2,2
0,-0.4474048350192824,1,1,0.6258671962354314,1,2.0,0,-1.5131278784029967,0,0,0,1,1,0,1,0,1,0,1,0,1,0,1,0,0,0,1,2,0
1,-0.4474048350192824,0,0,-0.9220589829513843,1,0.0,1,-1.5031558876524584,0,0,0,1,1,0,1,0,1,0,1,0,1,0,1,0,0,0,1,0,0
0,-0.4474048350192824,1,1,1.6035047830902625,1,2.0,0,0.31507042586232625,0,1,0,0,0,1,0,1,0,0,0,1,0,1,0,0,0,0,1,2,2
0,-0.4474048350192824,0,0,1.2776255874719855,1,1.0,0,-1.3419420371854254,0,1,0,1,1,0,1,0,1,0,1,0,1,0,1,0,0,0,1,2,0
1,-0.4474048350192824,1,1,1.5627698836379778,1,1.0,0,1.1793096242422971,0,1,1,0,0,0,0,1,0,0,0,0,0,1,0,1,0,0,0,2,2
0,-0.4474048350192824,1,0,-1.2479381785696613,0,0.0,1,-0.9962463578334371,1,0,0,0,0,0,0,0,0,0,0,0,0,0,0,1,0,1,0,0,1
0,-0.4474048350192824,0,1,0.4221926989740083,1,1.0,1,1.3604674562104064,0,0,1,0,0,1,0,1,0,0,0,1,0,1,0,1,1,0,0,2,2
0,-0.4474048350192824,0,0,1.3998302858288394,1,0.0,1,1.2590855502466023,0,1,1,0,0,1,0,1,0,1,0,0,0,1,0,0,1,0,0,2,2
0,-0.4474048350192824,0,0,-0.7183844856899612,1,2.0,0,-1.5114658799445737,0,0,0,1,1,0,1,0,1,0,1,0,1,0,1,0,0,0,1,1,0
1,2.235112188621971,1,0,1.1554208891151316,1,2.0,0,-1.3319700464348874,0,1,0,1,1,0,1,0,1,0,1,0,1,0,1,0,0,0,0,2,0
0,-0.4474048350192824,0,0,-0.39250529007168417,1,0.0,0,-0.510942807973915,0,0,0,0,0,0,0,0,0,1,0,0,0,0,0,0,1,0,0,1,1
1,2.235112188621971,1,0,1.6035047830902625,1,2.0,1,1.64300719414232,0,1,1,0,0,1,0,1,0,1,0,1,0,1,0,1,0,0,1,2,2
1,-0.4474048350192824,0,0,-1.0442636813082382,1,0.0,0,-1.4732399154008442,0,0,0,1,1,0,1,0,1,0,1,0,1,0,1,0,0,0,1,0,0
0,-0.4474048350192824,1,0,-0.5147099884285381,1,0.0,1,0.5294682269988961,0,0,1,0,0,0,0,0,0,1,0,1,0,0,0,0,0,0,1,1,2
0,-0.4474048350192824,1,0,0.4221926989740083,1,1.0,1,-0.007357275071739895,0,1,0,0,0,0,0,0,0,0,0,1,0,1,0,0,0,0,0,2,1
0,-0.4474048350192824,0,0,1.3590953863765547,1,2.0,1,-0.1303451609950433,0,0,0,0,0,1,0,1,0,1,0,0,0,0,0,0,0,0,0,2,1
1,-0.4474048350192824,0,0,-1.288673078021946,1,0.0,1,0.5244822316236268,0,0,1,0,0,0,0,0,0,0,0,0,0,0,0,1,0,0,1,0,2
0,-0.4474048350192824,0,0,-0.06662609445340718,1,0.0,1,0.6541181113806226,0,1,1,0,0,1,0,0,0,1,0,0,0,0,0,0,1,0,0,2,2
1,2.235112188621971,1,0,0.2999880006171544,1,1.0,1,1.0995336982379924,0,0,1,0,0,1,0,1,0,1,0,1,0,1,0,0,1,0,0,2,2
0,-0.4474048350192824,1,1,1.4405651852811239,1,2.0,0,0.762148011178119,0,1,0,0,0,1,0,1,0,1,0,1,0,1,0,1,1,0,0,2,2
0,-0.4474048350192824,0,0,-0.7998542845945305,1,0.0,0,-1.5164518753198426,0,0,0,1,1,0,1,0,1,0,1,0,1,0,1,0,1,0,0,1,0
1,-0.4474048350192824,1,0,-0.06662609445340718,1,1.0,1,0.34664839657236374,0,0,0,0,0,1,0,1,0,1,0,1,0,0,0,1,1,0,0,2,2
0,-0.4474048350192824,0,0,0.666602095687716,1,2.0,1,0.3117464289454804,0,0,0,0,0,0,0,0,0,1,0,1,0,1,0,1,0,0,0,2,2
1,-0.4474048350192824,0,0,-0.06662609445340718,1,2.0,0,-1.4848739046098054,0,0,0,1,1,0,1,0,1,0,1,0,1,0,1,0,0,0,0,2,0
0,-0.4474048350192824,0,0,-1.0849985807605227,0,0.0,0,-0.6671706630656791,1,0,0,0,0,0,0,0,0,0,0,0,0,1,0,1,1,0,0,0,1
0,-0.4474048350192824,0,0,-1.166468379665092,1,0.0,1,0.19374453839744601,0,0,1,0,0,0,0,0,0,0,0,0,0,0,0,0,0,0,0,0,2
0,-0.4474048350192824,1,1,0.2999880006171544,0,0.0,1,-0.4727168434301855,1,0,0,0,0,0,0,1,0,0,0,0,0,1,0,1,0,1,0,2,1
0,-0.4474048350192824,1,1,-0.10736099390569181,1,2.0,0,-1.5081418830277276,0,0,0,1,1,0,1,0,1,0,1,0,1,0,1,0,0,0,1,2,0
1,-0.4474048350192824,0,0,-0.06662609445340718,1,0.0,1,0.9782078107731117,0,0,1,0,0,0,0,1,0,0,0,0,0,1,0,1,0,1,0,2,2
0,2.235112188621971,0,0,1.3590953863765547,1,1.0,1,-0.04059724424020008,0,1,0,0,0,1,0,1,0,0,0,1,0,0,0,0,1,0,0,2,1
1,-0.4474048350192824,1,0,1.114685989662847,1,0.0,1,1.0197577722336872,0,1,1,0,0,0,0,1,0,1,0,0,0,1,0,0,0,1,0,2,2
1,-0.4474048350192824,1,1,-1.1257334802128074,1,1.0,0,-1.4948458953603434,0,0,0,1,1,0,1,0,1,0,1,0,1,0,1,0,0,0,1,0,0
1,2.235112188621971,0,0,-1.288673078021946,1,0.0,1,0.7887399865128872,0,1,1,0,0,0,0,0,0,1,0,0,0,1,0,0,0,1,0,0,2
0,-0.4474048350192824,0,0,1.1554208891151316,1,2.0,0,0.7837539911376185,0,1,0,0,0,0,0,1,0,1,0,1,0,1,0,1,1,0,0,2,2
1,-0.4474048350192824,0,0,-1.288673078021946,1,0.0,1,0.8036979726386945,0,0,1,0,0,0,0,0,0,0,0,0,0,1,0,1,0,1,0,0,2
0,-0.4474048350192824,1,1,0.2592531011648698,1,2.0,0,-1.5064798845693046,0,0,0,1,1,0,1,0,1,0,1,0,1,0,1,0,0,0,1,2,0
0,-0.4474048350192824,1,0,-1.0442636813082382,1,0.0,1,0.7039780651333133,0,0,1,0,0,0,0,0,0,1,0,0,0,1,0,0,0,1,0,0,2
1,-0.4474048350192824,0,0,-1.288673078021946,1,0.0,1,-0.6688326615241019,0,0,0,0,0,0,0,0,0,0,0,0,0,0,0,0,0,0,1,0,1
0,-0.4474048350192824,0,0,0.3814577995217237,1,1.0,0,0.2934644459028273,0,0,0,0,0,1,0,1,0,1,0,1,0,0,0,1,1,0,0,2,2
1,-0.4474048350192824,1,0,-1.288673078021946,1,0.0,0,0.16382856614583144,0,0,1,0,0,0,0,0,0,0,0,0,0,0,0,0,0,1,0,0,1
1,-0.4474048350192824,0,0,0.4221926989740083,0,1.0,0,-0.6954246368588705,1,0,0,0,0,0,0,0,0,1,0,1,0,0,0,1,0,1,0,2,1
0,-0.4474048350192824,1,0,1.4405651852811239,1,2.0,1,-1.3336320448933103,0,1,0,1,1,0,1,0,1,0,1,0,1,0,1,0,1,0,0,2,0
1,-0.4474048350192824,1,1,-0.2703005917148303,1,0.0,1,0.6208781422121622,0,1,1,0,0,0,0,0,0,0,0,0,0,1,0,0,0,1,0,2,2
0,-0.4474048350192824,0,0,-0.9220589829513843,1,0.0,0,0.7106260589670055,0,1,1,0,0,0,0,0,0,0,0,0,0,0,0,1,0,1,0,0,2
0,-0.4474048350192824,0,0,-0.2703005917148303,1,0.0,1,0.7887399865128872,0,0,1,0,0,0,0,0,0,0,0,0,0,1,0,1,0,0,0,2,2
1,-0.4474048350192824,1,1,-0.5147099884285381,0,2.0,1,-0.8533144904090574,1,0,0,0,0,1,0,0,0,1,0,1,0,0,0,0,1,0,0,1,1
1,-0.4474048350192824,0,0,-0.2703005917148303,1,1.0,0,-0.18685310858142587,0,0,0,0,0,0,0,0,0,0,0,1,0,1,0,0,1,0,0,2,1
1,-0.4474048350192824,1,1,1.3998302858288394,1,2.0,1,-0.36136294671584307,0,0,0,0,0,1,0,1,0,0,0,0,0,0,0,0,0,0,0,2,1
1,2.235112188621971,0,0,-1.1257334802128074,1,0.0,1,0.8120079649308096,0,0,1,0,0,0,0,0,0,0,0,0,0,1,0,1,0,1,0,0,2
0,2.235112188621971,0,0,-1.166468379665092,1,0.0,1,1.1543796473659518,0,0,1,0,0,0,0,1,0,1,0,0,0,1,0,1,1,0,0,0,2
1,-0.4474048350192824,1,1,1.4405651852811239,1,1.0,1,0.3566203873229018,0,1,0,0,0,0,0,1,0,1,0,1,0,0,0,1,0,0,0,2,2
1,-0.4474048350192824,1,1,1.3998302858288394,1,1.0,1,1.5366392928032466,0,1,1,0,0,1,0,1,0,1,0,0,0,1,0,1,0,1,0,2,2
0,-0.4474048350192824,1,1,0.6258671962354314,1,0.0,1,1.3355374793340613,0,1,1,0,0,1,0,1,0,0,0,0,0,1,0,1,1,0,0,2,2
1,-0.4474048350192824,1,0,-0.636914686785392,1,0.0,1,0.5128482424146659,0,1,1,0,0,0,0,1,0,0,0,0,0,0,0,0,0,0,0,1,2
1,-0.4474048350192824,0,0,-0.5554448878808227,0,0.0,1,-0.8450044981169423,1,0,0,0,0,0,0,0,0,1,0,0,0,1,0,0,0,1,0,1,1
1,-0.4474048350192824,1,0,-0.3517703906193996,1,0.0,0,-0.38130692821691936,0,0,0,0,0,1,0,0,0,0,0,1,0,0,0,0,0,0,1,1,1
0,-0.4474048350192824,0,0,-1.0035287818559535,1,0.0,1,0.014248704887759566,0,1,0,0,0,1,0,1,0,1,0,0,0,0,0,0,0,0,0,0,1
1,2.235112188621971,0,0,-0.5961797873331073,1,0.0,0,0.9582638292720357,0,1,1,0,0,0,0,0,0,1,0,1,0,1,0,0,0,0,0,1,2
1,-0.4474048350192824,0,0,0.3814577995217237,1,1.0,0,-1.3303080479764644,0,1,0,1,1,0,1,0,1,0,1,0,1,0,1,0,0,1,0,2,0
0,2.235112188621971,0,0,-1.288673078021946,0,0.0,1,-1.3253220526011953,1,0,0,0,0,0,0,0,0,0,0,0,0,0,0,0,0,1,0,0,0
0,2.235112188621971,0,0,-1.0442636813082382,1,0.0,1,-0.00403327815489357,0,0,0,0,0,0,0,1,0,1,0,0,0,1,0,0,0,1,0,0,1
0,-0.4474048350192824,0,0,-1.2072032791173766,1,0.0,1,0.9981517922741878,0,0,1,0,0,0,0,1,0,0,0,0,0,1,0,1,0,1,0,0,2
1,-0.4474048350192824,1,1,0.05557860390344668,0,2.0,1,-0.815088525865328,1,0,0,0,0,0,0,0,0,0,0,1,0,1,0,0,0,1,0,2,1
0,-0.4474048350192824,0,0,-0.4332401895239688,1,0.0,1,-0.5076188110570691,0,0,0,0,0,1,0,0,0,0,0,0,0,0,0,0,0,1,0,1,1
1,-0.4474048350192824,1,1,-1.166468379665092,1,2.0,0,-1.5147898768614196,0,0,0,1,1,0,1,0,1,0,1,0,1,0,1,0,1,0,0,0,0
0,-0.4474048350192824,1,1,1.6035047830902625,1,2.0,0,1.7427271016477013,0,1,1,0,0,1,0,1,0,1,0,1,0,1,0,1,1,0,0,2,2
0,-0.4474048350192824,1,0,-0.7998542845945305,0,0.0,1,-0.5425207786839524,1,0,0,0,0,0,0,0,0,1,0,0,0,1,0,1,0,0,0,1,1
0,-0.4474048350192824,0,0,-1.288673078021946,1,0.0,1,0.32670441507128767,0,0,1,0,0,0,0,0,0,1,0,0,0,0,0,0,0,1,0,0,2
1,-0.4474048350192824,1,1,0.21851820171258518,1,0.0,1,0.9831938061483809,0,1,1,0,0,0,0,1,0,1,0,0,0,1,0,0,0,1,0,2,2
0,-0.4474048350192824,1,0,1.3998302858288394,1,1.0,1,-1.469915918483998,0,0,0,1,1,0,1,0,1,0,1,0,1,0,1,0,0,0,0,2,0
0,-0.4474048350192824,0,0,-0.14809589335797643,1,0.0,0,-1.3269840510596185,0,1,0,1,1,0,1,0,1,0,1,0,1,0,1,0,0,1,0,2,0
1,-0.4474048350192824,0,0,1.31836048692427,1,2.0,1,-1.3286460495180412,0,1,0,1,1,0,1,0,1,0,1,0,1,0,1,0,0,0,0,2,0
1,-0.4474048350192824,0,0,-1.166468379665092,1,0.0,0,-1.5064798845693046,0,0,0,1,1,0,1,0,1,0,1,0,1,0,1,0,0,0,1,0,0
0,2.235112188621971,0,0,1.5627698836379778,1,1.0,1,1.3571434592935607,0,1,1,0,0,0,0,1,0,1,0,0,0,1,0,1,0,1,0,2,2
0,-0.4474048350192824,1,1,0.9110114924014238,1,1.0,0,1.1909436134512585,0,1,1,0,0,1,0,0,0,0,0,0,0,1,0,1,0,0,1,2,2
0,-0.4474048350192824,0,0,-1.2479381785696613,1,0.0,1,0.7338940373849279,0,0,1,0,0,0,0,1,0,0,0,0,0,1,0,0,0,0,0,0,2
1,-0.4474048350192824,0,0,-1.288673078021946,1,0.0,0,-0.6871146445667553,0,0,0,0,0,0,0,0,0,0,0,0,0,0,0,0,0,0,1,0,1
0,-0.4474048350192824,0,0,0.34072290006943906,1,2.0,1,1.1211396781974914,0,0,1,0,0,0,0,1,0,0,0,1,0,1,0,1,0,0,0,2,2
1,2.235112188621971,1,0,1.4813000847334086,1,0.0,1,0.6591041067558919,0,1,1,0,0,1,0,1,0,0,0,0,0,0,0,0,1,0,0,2,2
0,-0.4474048350192824,0,0,-1.166468379665092,1,0.0,1,-0.657198672315141,0,0,0,0,0,0,0,0,0,0,0,0,0,0,0,0,0,0,1,0,1
0,2.235112188621971,1,0,1.114685989662847,1,0.0,0,0.8103459664723867,0,1,1,0,0,0,0,1,0,0,0,0,0,0,0,1,0,1,0,2,2
0,-0.4474048350192824,1,1,0.7480718945922853,0,1.0,1,-0.2965450068373454,1,0,0,0,0,0,0,0,0,1,0,1,0,1,0,1,0,1,0,2,1
0,-0.4474048350192824,1,0,1.6035047830902625,1,2.0,1,1.7310931124387403,0,1,1,0,0,1,0,1,0,1,0,1,0,1,0,1,1,0,0,2,2
0,-0.4474048350192824,0,0,0.21851820171258518,1,1.0,0,-1.521437870695112,0,0,0,1,1,0,1,0,1,0,1,0,1,0,1,0,0,0,1,2,0
0,-0.4474048350192824,1,1,0.09631350335573131,1,2.0,1,-1.3186740587675032,0,1,0,1,1,0,1,0,1,0,1,0,1,0,1,0,1,0,0,2,0
0,2.235112188621971,0,0,-1.288673078021946,1,0.0,1,0.6956680728411981,0,0,1,0,0,0,0,1,0,0,0,0,0,0,0,1,0,1,0,0,2
1,-0.4474048350192824,1,1,0.8702765929491392,1,1.0,1,1.3338754808756383,0,1,1,0,0,0,0,1,0,0,0,1,0,1,0,1,0,1,0,2,2
0,-0.4474048350192824,1,1,-0.9627938824036689,1,2.0,0,-1.4865359030682284,0,0,0,1,1,0,1,0,1,0,1,0,1,0,1,0,0,0,1,0,0
0,-0.4474048350192824,0,1,-0.8813240834990996,1,0.0,0,-1.5081418830277276,0,0,0,1,1,0,1,0,1,0,1,0,1,0,1,0,1,0,0,0,0
0,-0.4474048350192824,1,0,-0.636914686785392,1,0.0,1,0.3433243996555179,0,1,0,0,0,0,0,1,0,0,0,0,0,1,0,1,0,0,0,1,2
1,-0.4474048350192824,0,1,-1.2072032791173766,1,0.0,1,-1.4965078938187666,0,0,0,1,1,0,1,0,1,0,1,0,1,0,1,0,0,0,1,0,0
1,-0.4474048350192824,0,0,1.1554208891151316,1,1.0,1,1.4186374022552122,0,1,1,0,0,1,0,1,0,1,0,0,0,1,0,1,0,1,0,2,2
0,-0.4474048350192824,0,0,-0.025891195001122566,1,1.0,1,1.2956495163319086,0,1,1,0,0,0,0,1,0,1,0,0,0,1,0,1,1,0,0,2,2
0,-0.4474048350192824,1,0,-0.5554448878808227,1,0.0,1,0.7987119772634252,0,1,1,0,0,0,0,1,0,0,0,0,0,0,0,1,0,1,0,1,2
0,2.235112188621971,1,0,0.21851820171258518,1,1.0,0,0.9948277953573419,0,1,1,0,0,1,0,1,0,0,0,0,0,0,0,1,1,0,0,2,2
0,2.235112188621971,0,0,0.9517463918537085,1,1.0,1,1.318917494749831,0,1,1,0,0,0,0,1,0,1,0,0,0,1,0,1,0,0,0,2,2
0,2.235112188621971,1,0,-0.47397508897625346,1,1.0,0,0.22033651373221425,0,1,0,0,0,0,0,1,0,1,0,0,0,0,0,1,0,0,0,1,2
1,-0.4474048350192824,0,1,-0.840589184046815,1,0.0,1,0.288478450527558,0,1,1,0,0,0,0,0,0,0,0,0,0,0,0,0,1,0,0,0,2
1,-0.4474048350192824,0,1,0.2592531011648698,1,1.0,0,-1.31701206030908,0,1,0,1,1,0,1,0,1,0,1,0,1,0,1,0,0,0,0,2,0
1,2.235112188621971,1,0,-1.2479381785696613,1,0.0,1,0.3034364366533653,0,0,1,0,0,0,0,0,0,1,0,0,0,0,0,0,0,1,0,0,2
0,-0.4474048350192824,0,0,-1.2072032791173766,1,0.0,0,-1.5031558876524584,0,0,0,1,1,0,1,0,1,0,1,0,1,0,1,0,0,0,1,0,0
0,-0.4474048350192824,0,0,-1.166468379665092,0,0.0,1,-1.3569000233112327,1,0,0,0,0,0,0,0,0,0,0,0,0,0,0,0,0,0,1,0,0
0,-0.4474048350192824,0,0,-1.288673078021946,1,0.0,0,0.846909932557693,0,0,1,0,0,0,0,0,0,0,0,0,0,1,0,1,0,1,0,0,2
0,-0.4474048350192824,1,0,1.0332161907582778,1,1.0,1,1.5150333128437476,0,1,1,0,0,1,0,1,0,1,0,0,0,1,0,1,1,0,0,2,2
0,-0.4474048350192824,1,1,-0.025891195001122566,1,0.0,0,-0.08713320107604462,0,1,0,0,0,0,0,1,0,1,0,0,0,0,0,0,0,0,0,2,1
1,-0.4474048350192824,1,1,-0.5554448878808227,1,1.0,0,-1.5048178861108816,0,0,0,1,1,0,1,0,1,0,1,0,1,0,1,0,0,0,1,1,0
0,-0.4474048350192824,1,1,-0.39250529007168417,1,2.0,0,-1.4848739046098054,0,0,0,1,1,0,1,0,1,0,1,0,1,0,1,0,0,0,0,1,0
0,2.235112188621971,1,0,1.31836048692427,1,0.0,1,1.4535393698820955,0,1,1,0,0,0,0,1,0,1,0,0,0,1,0,1,0,0,0,2,2
0,-0.4474048350192824,1,0,-0.5147099884285381,1,1.0,1,-1.4981698922771896,0,0,0,1,1,0,1,0,1,0,1,0,1,0,1,0,0,0,1,1,0
0,-0.4474048350192824,1,1,-0.7183844856899612,1,1.0,0,-1.4865359030682284,0,0,0,1,1,0,1,0,1,0,1,0,1,0,1,0,1,0,0,1,0
1,-0.4474048350192824,0,1,-1.0849985807605227,1,0.0,1,-1.4915218984434973,0,0,0,1,1,0,1,0,1,0,1,0,1,0,1,0,0,0,1,0,0
1,2.235112188621971,0,0,-0.9627938824036689,1,0.0,1,0.6424841221716616,0,1,1,0,0,0,0,0,0,0,0,0,0,0,0,1,1,0,0,0,2
1,-0.4474048350192824,0,0,-1.2479381785696613,1,1.0,0,-1.4998318907356125,0,0,0,1,1,0,1,0,1,0,1,0,1,0,1,0,0,0,1,0,0
0,2.235112188621971,1,0,1.4813000847334086,1,1.0,0,0.7388800327601966,0,0,1,0,0,1,0,1,0,0,0,0,0,0,0,1,1,0,0,2,2
0,-0.4474048350192824,0,0,-0.7591193851422458,1,0.0,1,0.19706853531429186,0,0,1,0,0,0,0,0,0,0,0,0,0,0,0,0,1,0,0,1,2
0,-0.4474048350192824,0,0,0.5851322967831468,1,0.0,1,1.3737634438777908,0,1,1,0,0,0,0,1,0,1,0,0,0,1,0,1,0,1,0,2,2
1,-0.4474048350192824,1,1,-1.166468379665092,1,0.0,0,1.1992536057433736,0,1,1,0,0,0,0,0,0,1,0,0,0,1,0,1,0,1,0,0,2
1,-0.4474048350192824,1,0,-1.0035287818559535,1,0.0,0,0.33002841198813354,0,0,1,0,0,1,0,0,0,0,0,0,0,0,0,0,0,1,0,0,2
1,2.235112188621971,0,0,-0.47397508897625346,1,0.0,1,-0.1669091270803498,0,0,0,0,0,0,0,0,0,1,0,0,0,1,0,0,0,0,0,1,1
1,-0.4474048350192824,1,1,-0.6776495862376766,1,2.0,0,-1.4815499076929592,0,0,0,1,1,0,1,0,1,0,1,0,1,0,1,0,0,0,1,1,0
1,-0.4474048350192824,1,1,0.09631350335573131,1,2.0,0,-1.5114658799445737,0,0,0,1,1,0,1,0,1,0,1,0,1,0,1,0,0,0,1,2,0
1,-0.4474048350192824,0,0,-0.31103549116711493,1,0.0,1,0.9848558046068039,0,1,1,0,0,0,0,0,0,0,0,0,0,1,0,1,0,0,0,2,2
1,-0.4474048350192824,1,0,-1.0442636813082382,1,0.0,1,0.142222586186332,0,0,1,0,0,0,0,0,0,0,0,0,0,0,0,0,0,1,0,0,1
0,2.235112188621971,0,0,-1.2072032791173766,1,0.0,1,0.33169041044655645,0,1,1,0,0,0,0,0,0,0,0,0,0,0,0,0,1,0,0,0,2
1,-0.4474048350192824,1,0,1.5220349841856933,1,2.0,0,-1.3269840510596185,0,1,0,1,1,0,1,0,1,0,1,0,1,0,1,0,0,0,0,2,0
0,-0.4474048350192824,0,0,0.014843704451162058,1,0.0,1,0.17712455381321582,0,0,1,0,0,0,0,0,0,0,0,0,0,0,0,0,0,0,0,2,2
0,-0.4474048350192824,1,0,-0.7591193851422458,1,0.0,1,-0.012343270447008675,0,1,0,0,0,1,0,0,0,0,0,0,0,1,0,0,0,0,0,1,1
0,2.235112188621971,0,0,1.3998302858288394,1,0.0,0,-0.3380949682979209,0,1,0,0,0,0,0,1,0,0,0,0,0,0,0,0,0,1,0,2,1
0,-0.4474048350192824,1,1,0.666602095687716,1,2.0,0,0.47296027941251323,0,1,0,0,0,0,0,1,0,0,0,1,0,1,0,1,0,0,0,2,2
0,-0.4474048350192824,0,0,-0.9220589829513843,1,0.0,1,1.1111676874469534,0,1,1,0,0,0,0,0,0,0,0,1,0,1,0,1,0,1,0,0,2
1,2.235112188621971,1,1,-0.4332401895239688,0,0.0,0,-0.8317085104495582,1,0,0,0,0,1,0,0,0,0,0,0,0,0,0,1,0,0,1,1,1
1,-0.4474048350192824,1,1,0.7480718945922853,1,2.0,0,-1.5131278784029967,0,0,0,1,1,0,1,0,1,0,1,0,1,0,1,0,1,0,0,2,0
0,-0.4474048350192824,1,0,-1.1257334802128074,1,0.0,0,0.16216656768740853,0,0,1,0,0,0,0,0,0,0,0,0,0,0,0,0,0,1,0,0,1
1,-0.4474048350192824,0,1,1.3590953863765547,1,2.0,0,0.020896698721451744,0,1,0,0,0,1,0,1,0,0,0,1,0,0,0,0,0,0,0,2,1
0,2.235112188621971,1,0,1.6035047830902625,1,1.0,1,1.3521574639182914,0,1,1,0,0,0,0,1,0,1,0,0,0,1,0,1,1,0,0,2,2
1,-0.4474048350192824,0,0,1.2368906880197008,1,1.0,0,1.310607502457716,0,1,1,0,0,1,0,1,0,1,0,1,0,1,0,0,1,0,0,2,2
0,-0.4474048350192824,0,0,1.3590953863765547,0,2.0,1,-0.08547120261762169,1,0,0,0,0,1,0,1,0,1,0,1,0,1,0,1,0,0,0,2,1
0,-0.4474048350192824,1,0,1.6035047830902625,1,2.0,1,1.5150333128437476,0,1,1,0,0,1,0,1,0,1,0,0,0,1,0,1,1,0,0,2,2
0,-0.4474048350192824,0,1,0.4221926989740083,1,2.0,1,-1.3286460495180412,0,1,0,1,1,0,1,0,1,0,1,0,1,0,1,0,0,1,0,2,0
0,-0.4474048350192824,1,1,0.3814577995217237,1,2.0,0,-1.4001119832302311,0,1,0,1,1,0,1,0,1,0,1,0,1,0,1,0,0,1,0,2,0
1,-0.4474048350192824,0,0,-0.4332401895239688,1,0.0,0,-0.0007092812380477171,0,1,0,0,0,1,0,1,0,1,0,0,0,0,0,0,0,0,1,1,1
1,2.235112188621971,1,0,-0.025891195001122566,1,0.0,1,0.5062002485809737,0,0,1,0,0,0,0,0,0,0,0,0,0,0,0,1,1,0,0,2,2
0,-0.4474048350192824,1,1,0.4221926989740083,0,1.0,1,-0.4594208557628014,1,0,0,0,0,1,0,1,0,0,0,1,0,1,0,0,0,0,0,2,1
1,-0.4474048350192824,0,0,0.7480718945922853,1,1.0,1,0.5344542223741653,0,1,0,0,0,1,0,1,0,1,0,1,0,1,0,0,1,0,0,2,2
0,-0.4474048350192824,0,0,-1.166468379665092,1,1.0,0,-1.368534012520194,0,1,0,1,1,0,1,0,1,0,1,0,1,0,1,0,0,1,0,0,0
1,-0.4474048350192824,1,0,0.7073369951400007,1,1.0,0,1.1410836596985678,0,1,1,0,0,0,0,0,0,0,0,1,0,1,0,1,0,1,0,2,2
1,-0.4474048350192824,0,0,-1.288673078021946,1,0.0,1,0.46465028712039813,0,0,1,0,0,0,0,0,0,0,0,0,0,1,0,0,0,1,0,0,2
1,-0.4474048350192824,1,0,1.3590953863765547,1,1.0,0,1.6862191540613185,0,1,1,0,0,1,0,1,0,1,0,1,0,1,0,1,0,0,0,2,2
1,-0.4474048350192824,1,0,0.13704840280801595,1,1.0,0,-1.469915918483998,0,0,0,1,1,0,1,0,1,0,1,0,1,0,1,0,0,0,0,2,0
0,-0.4474048350192824,1,0,1.5627698836379778,1,2.0,0,-1.3319700464348874,0,1,0,1,1,0,1,0,1,0,1,0,1,0,1,0,0,0,0,2,0
0,2.235112188621971,1,1,-0.3517703906193996,1,2.0,1,1.0463497475684556,0,0,1,0,0,0,0,0,0,1,0,0,0,1,0,1,0,1,0,1,2
0,-0.4474048350192824,1,1,1.6035047830902625,1,2.0,0,0.05912266326518094,0,1,0,0,0,1,0,0,0,1,0,1,0,0,0,0,0,0,0,2,1
1,-0.4474048350192824,0,0,-1.166468379665092,1,0.0,1,0.17047655997952363,0,0,1,0,0,0,0,0,0,0,0,0,0,0,0,0,0,1,0,0,2
0,-0.4474048350192824,0,0,-0.5147099884285381,1,0.0,1,-1.5147898768614196,0,0,0,1,1,0,1,0,1,0,1,0,1,0,1,0,0,0,0,1,0
1,-0.4474048350192824,0,0,-0.7183844856899612,1,0.0,1,0.363268381156594,0,1,1,0,0,0,0,0,0,0,0,0,0,0,0,0,0,0,1,1,2
0,-0.4474048350192824,1,0,0.992481291305993,0,0.0,1,-0.504294814140223,1,0,0,0,0,1,0,0,0,1,0,1,0,0,0,1,0,0,0,2,1
0,-0.4474048350192824,1,0,-1.288673078021946,1,0.0,1,0.1438845846447554,0,0,1,0,0,0,0,0,0,0,0,0,0,0,0,0,0,0,1,0,1
0,-0.4474048350192824,0,0,-1.166468379665092,1,0.0,1,0.351634391947633,0,1,1,0,0,0,0,0,0,0,0,0,0,0,0,0,0,1,0,0,2
0,-0.4474048350192824,0,0,-0.840589184046815,1,0.0,0,-1.5081418830277276,0,0,0,1,1,0,1,0,1,0,1,0,1,0,1,0,0,0,1,0,0
0,-0.4474048350192824,1,0,1.6035047830902625,1,2.0,1,1.6147532203491288,0,1,1,0,0,1,0,1,0,1,0,1,0,1,0,1,0,0,0,2,2
1,-0.4474048350192824,0,0,0.09631350335573131,1,0.0,0,0.3416624011970945,0,1,1,0,0,0,0,0,0,0,0,0,0,0,0,0,1,0,0,2,2
0,-0.4474048350192824,1,1,0.2592531011648698,1,0.0,0,-0.4660688495964936,0,0,0,0,0,1,0,0,0,0,0,0,0,0,0,0,1,0,0,2,1
1,-0.4474048350192824,1,0,1.6035047830902625,1,2.0,0,0.6441461206300846,0,0,0,0,0,1,0,1,0,1,0,1,0,1,0,1,0,0,1,2,2
1,-0.4474048350192824,1,1,0.7073369951400007,1,1.0,1,1.2740435363724096,0,0,1,0,0,0,0,1,0,1,0,1,0,1,0,1,0,0,0,2,2
1,-0.4474048350192824,0,0,-1.166468379665092,0,0.0,0,-1.149150216008355,1,0,0,0,0,0,0,0,0,0,0,1,0,0,0,0,0,1,0,0,0
1,-0.4474048350192824,0,0,0.7480718945922853,1,0.0,1,0.7405420312186195,0,1,1,0,0,0,0,1,0,1,0,1,0,0,0,0,0,1,0,2,2
1,-0.4474048350192824,1,0,0.6258671962354314,1,2.0,1,1.057983736777417,0,1,1,0,0,1,0,1,0,1,0,0,0,1,0,0,0,0,0,2,2
1,-0.4474048350192824,0,0,-0.14809589335797643,1,0.0,1,1.1211396781974914,0,0,1,0,0,0,0,0,0,1,0,1,0,1,0,1,1,0,0,2,2
0,-0.4474048350192824,0,0,-0.9220589829513843,0,0.0,0,-0.9580203932897077,1,0,0,0,0,0,0,1,0,0,0,1,0,0,0,0,0,1,0,0,1
1,-0.4474048350192824,0,0,-0.9627938824036689,0,0.0,1,-1.3336320448933103,1,0,0,0,0,0,0,0,0,0,0,0,0,0,0,0,0,1,0,0,0
1,-0.4474048350192824,0,0,0.5443973973308622,1,0.0,1,-0.6605226692319869,0,0,0,0,0,0,0,0,0,0,0,0,0,0,0,0,1,0,0,2,1
1,-0.4474048350192824,0,0,-1.2072032791173766,1,0.0,0,0.4712982809540903,0,0,1,0,0,0,0,0,0,0,0,0,0,1,0,0,0,1,0,0,2
1,-0.4474048350192824,0,0,-0.9220589829513843,0,0.0,0,-0.9746403778739379,1,0,0,0,0,0,0,1,0,0,0,1,0,0,0,0,0,1,0,0,1
0,-0.4474048350192824,0,0,0.5851322967831468,0,1.0,0,-0.8450044981169423,1,0,0,0,0,1,0,1,0,0,0,1,0,0,0,0,1,0,0,2,1
0,-0.4474048350192824,0,0,-0.8813240834990996,1,0.0,1,1.1859576180759894,0,1,1,0,0,0,0,0,0,1,0,0,0,1,0,1,0,1,0,0,2
1,-0.4474048350192824,0,0,0.09631350335573131,1,0.0,1,-1.3120260649338111,0,1,0,1,1,0,1,0,1,0,1,0,1,0,1,0,0,1,0,2,0
1,-0.4474048350192824,0,0,0.2592531011648698,0,1.0,0,-0.9812883717076301,1,0,0,0,0,0,0,0,0,1,0,1,0,0,0,0,0,0,1,2,1
0,2.235112188621971,1,0,1.31836048692427,1,0.0,0,0.9748838138562659,0,0,1,0,0,1,0,1,0,1,0,0,0,0,0,1,0,1,0,2,2
0,-0.4474048350192824,0,0,0.9517463918537085,1,0.0,1,1.3421854731677534,0,1,1,0,0,0,0,1,0,0,0,1,0,1,0,1,0,0,0,2,2
0,-0.4474048350192824,0,0,-1.288673078021946,1,0.0,0,-1.4931838969019204,0,0,0,1,1,0,1,0,1,0,1,0,1,0,1,0,0,0,1,0,0
1,-0.4474048350192824,0,0,1.2368906880197008,1,0.0,0,1.3405234747093304,0,1,1,0,0,0,0,1,0,0,0,1,0,1,0,1,0,1,0,2,2
0,-0.4474048350192824,0,1,-1.2479381785696613,1,0.0,0,0.5145102408730887,0,1,1,0,0,1,0,0,0,0,0,0,0,0,0,0,1,0,0,0,2
1,-0.4474048350192824,1,0,1.114685989662847,0,0.0,1,-0.16192313170508055,1,0,0,0,0,0,0,1,0,1,0,1,0,1,0,1,0,0,0,2,1
0,-0.4474048350192824,1,1,-1.288673078021946,1,0.0,1,0.32005642123759553,0,0,1,0,0,0,0,1,0,0,0,0,0,0,0,0,0,1,0,0,2
0,-0.4474048350192824,1,0,1.3998302858288394,1,2.0,0,0.019234700263028818,0,1,0,0,0,1,0,1,0,1,0,0,0,0,0,0,0,0,1,2,1
1,-0.4474048350192824,0,0,-1.1257334802128074,0,0.0,1,-0.7253406091104847,1,0,0,0,0,1,0,1,0,1,0,1,0,0,0,0,0,0,1,0,1
0,-0.4474048350192824,1,1,-0.9627938824036689,1,1.0,0,-0.5475067740592214,0,0,0,0,0,1,0,0,0,0,0,0,0,0,0,0,0,0,1,0,1
0,-0.4474048350192824,1,0,-0.10736099390569181,1,0.0,0,-1.5098038814861507,0,0,0,1,1,0,1,0,1,0,1,0,1,0,1,0,0,0,0,2,0
0,-0.4474048350192824,1,1,0.666602095687716,1,2.0,0,-1.3236600541427723,0,1,0,1,1,0,1,0,1,0,1,0,1,0,1,0,0,0,1,2,0
0,-0.4474048350192824,1,0,0.9517463918537085,1,0.0,1,0.6823720851738138,0,1,1,0,0,0,0,0,0,0,0,0,0,1,0,0,0,0,0,2,2
1,2.235112188621971,0,0,-0.5147099884285381,1,1.0,0,-0.36801094054953526,0,0,0,0,0,1,0,0,0,0,0,1,0,0,0,0,0,0,1,1,1
1,-0.4474048350192824,1,1,0.17778330226030056,0,0.0,0,-0.826722515074289,1,0,0,0,0,1,0,1,0,1,0,0,0,0,0,0,0,0,0,2,1
0,-0.4474048350192824,1,1,1.0739510902105622,1,2.0,1,0.23363250139959815,0,1,0,0,0,0,0,0,0,1,0,1,0,1,0,0,0,0,0,2,2
0,2.235112188621971,0,0,-0.3517703906193996,1,0.0,1,-1.4881979015266515,0,0,0,1,1,0,1,0,1,0,1,0,1,0,1,0,0,0,1,1,0
0,-0.4474048350192824,1,1,1.6035047830902625,1,2.0,0,-1.3352940433517335,0,1,0,1,1,0,1,0,1,0,1,0,1,0,1,0,0,0,1,2,0
1,-0.4474048350192824,1,1,-1.2479381785696613,1,0.0,0,0.16216656768740853,0,0,1,0,0,0,0,0,0,0,0,0,0,0,0,0,0,0,1,0,1
1,-0.4474048350192824,1,1,1.4813000847334086,1,2.0,1,1.6380211987670508,0,1,1,0,0,1,0,1,0,1,0,1,0,1,0,1,0,0,0,2,2
0,-0.4474048350192824,0,0,-1.288673078021946,1,0.0,0,0.9748838138562659,0,0,1,0,0,0,0,0,0,1,0,0,0,1,0,1,0,1,0,0,2
0,-0.4474048350192824,0,0,0.09631350335573131,0,0.0,1,-1.0510923069613967,1,0,0,0,0,0,0,0,0,1,0,1,0,0,0,0,0,0,1,2,0
0,-0.4474048350192824,1,1,-1.0035287818559535,1,0.0,0,-0.29155901146207636,0,0,0,0,0,0,0,1,0,0,0,1,0,0,0,0,0,0,0,0,1
0,-0.4474048350192824,1,0,1.31836048692427,1,1.0,1,1.4286093930057502,0,1,1,0,0,0,0,1,0,1,0,1,0,1,0,1,1,0,0,2,2
1,-0.4474048350192824,0,0,0.2592531011648698,1,0.0,1,0.268534469026482,0,1,1,0,0,0,0,0,0,0,0,0,0,0,0,0,1,0,0,2,2
1,-0.4474048350192824,0,0,-1.288673078021946,1,0.0,0,-0.509280809515492,0,0,0,0,0,1,0,0,0,0,0,0,0,0,0,0,0,1,0,0,1
1,2.235112188621971,1,0,-0.025891195001122566,1,0.0,1,1.3239034901251003,0,1,1,0,0,0,0,0,0,1,0,1,0,1,0,1,0,1,0,2,2
1,-0.4474048350192824,1,1,0.5036624978785775,1,2.0,0,0.29180244744440387,0,1,0,0,0,1,0,1,0,0,0,1,0,1,0,0,1,0,0,2,2
0,-0.4474048350192824,1,1,-1.0035287818559535,1,0.0,1,0.9682358200225737,0,0,1,0,0,0,0,0,0,1,0,0,0,1,0,1,0,1,0,0,2
1,-0.4474048350192824,1,0,1.2776255874719855,1,1.0,1,1.2424655656623722,0,0,1,0,0,0,0,1,0,1,0,1,0,1,0,1,1,0,0,2,2
0,2.235112188621971,1,0,0.3814577995217237,1,0.0,1,0.9964897938157649,0,1,1,0,0,0,0,0,0,0,0,0,0,1,0,1,0,1,0,2,2
1,-0.4474048350192824,0,0,-1.2072032791173766,1,0.0,1,0.1505325784784471,0,0,1,0,0,0,0,0,0,0,0,0,0,0,0,0,0,0,1,0,1
1,-0.4474048350192824,1,1,1.4405651852811239,1,1.0,1,1.1959296088265274,0,1,1,0,0,0,0,1,0,0,0,0,0,1,0,1,1,0,0,2,2
0,-0.4474048350192824,0,0,-0.9627938824036689,1,0.0,0,-1.4931838969019204,0,0,0,1,1,0,1,0,1,0,1,0,1,0,1,0,0,0,0,0,0
0,-0.4474048350192824,0,0,0.3814577995217237,0,1.0,1,-0.3430809636731899,1,0,0,0,0,1,0,1,0,1,0,1,0,0,0,1,0,1,0,2,1
1,-0.4474048350192824,0,0,-1.2479381785696613,1,0.0,0,0.4629882886619752,0,0,1,0,0,0,0,0,0,0,0,0,0,1,0,0,0,1,0,0,2
1,-0.4474048350192824,1,1,0.7888067940445699,1,2.0,0,-1.3469280325606947,0,1,0,1,1,0,1,0,1,0,1,0,1,0,1,0,0,0,1,2,0
0,-0.4474048350192824,0,0,-1.0442636813082382,1,0.0,1,0.1605045692289856,0,0,1,0,0,0,0,0,0,0,0,0,0,0,0,0,0,0,1,0,1
0,2.235112188621971,0,0,0.9517463918537085,1,2.0,0,0.2718584659433278,0,1,0,0,0,1,0,0,0,1,0,1,0,0,0,1,0,0,0,2,2
1,-0.4474048350192824,1,1,0.014843704451162058,1,1.0,0,-1.478225910776113,0,0,0,1,1,0,1,0,1,0,1,0,1,0,1,0,0,0,1,2,0
1,-0.4474048350192824,0,0,1.6035047830902625,1,2.0,0,0.7804299942207721,0,1,0,0,0,1,0,1,0,1,0,1,0,1,0,1,1,0,0,2,2
1,-0.4474048350192824,1,0,-0.4332401895239688,1,0.0,1,-1.4832119061513822,0,0,0,1,1,0,1,0,1,0,1,0,1,0,1,0,0,0,0,1,0
0,-0.4474048350192824,1,0,0.6258671962354314,1,1.0,1,1.0629697321526856,0,0,1,0,0,0,0,1,0,1,0,0,0,1,0,1,0,1,0,2,2
1,-0.4474048350192824,1,0,0.5851322967831468,1,0.0,0,-1.3186740587675032,0,1,0,1,1,0,1,0,1,0,1,0,1,0,1,0,0,1,0,2,0
1,-0.4474048350192824,0,0,-0.9627938824036689,1,0.0,0,-0.00403327815489357,0,0,0,0,0,1,0,0,0,0,0,1,0,0,0,1,0,0,1,0,1
0,-0.4474048350192824,0,0,-1.288673078021946,1,0.0,0,0.15385657539529343,0,0,1,0,0,0,0,0,0,0,0,0,0,0,0,0,0,0,0,0,1
0,-0.4474048350192824,0,0,-0.7998542845945305,1,1.0,0,-0.3297849760058058,0,0,0,0,0,1,0,0,0,0,0,1,0,0,0,0,0,0,1,1,1
0,-0.4474048350192824,0,0,1.0739510902105622,1,0.0,1,1.1427456581569908,0,1,1,0,0,1,0,1,0,1,0,0,0,0,0,1,0,0,0,2,2
1,-0.4474048350192824,0,1,0.2592531011648698,0,1.0,0,-0.33975696675634387,1,0,0,0,0,0,0,0,0,1,0,1,0,1,0,1,0,0,0,2,1
1,-0.4474048350192824,1,0,1.0332161907582778,1,1.0,0,1.172661630408605,0,1,1,0,0,0,0,0,0,1,0,0,0,1,0,1,1,0,0,2,2
0,-0.4474048350192824,1,0,1.5627698836379778,1,2.0,1,0.5194962362483581,0,0,0,0,0,0,0,1,0,1,0,1,0,1,0,1,1,0,0,2,2
1,-0.4474048350192824,0,0,1.6035047830902625,0,2.0,1,-0.12868316253662013,1,0,0,0,0,1,0,0,0,1,0,1,0,1,0,1,1,0,0,2,1
1,2.235112188621971,1,0,-0.10736099390569181,1,2.0,0,0.3250424166128643,0,1,0,0,0,0,0,0,0,1,0,0,0,1,0,1,0,1,0,2,2
0,-0.4474048350192824,1,1,-1.3294079774742305,0,2.0,0,-0.2998690037541915,1,0,0,0,0,1,0,1,0,1,0,1,0,1,0,0,1,0,0,0,1
1,-0.4474048350192824,0,1,-1.288673078021946,1,0.0,0,-1.523099869153535,0,0,0,1,1,0,1,0,1,0,1,0,1,0,1,0,0,0,1,0,0
0,-0.4474048350192824,1,0,0.2999880006171544,1,0.0,0,-0.2815870207115381,0,1,0,0,0,0,0,1,0,0,0,0,0,0,0,0,1,0,0,2,1
0,-0.4474048350192824,1,1,0.7073369951400007,1,2.0,0,-1.4931838969019204,0,0,0,1,1,0,1,0,1,0,1,0,1,0,1,0,0,0,0,2,0
0,-0.4474048350192824,1,1,-1.0849985807605227,1,0.0,1,-0.5408587802255295,0,0,0,0,0,0,0,0,0,0,0,1,0,0,0,0,0,0,1,0,1
1,-0.4474048350192824,1,0,-0.8813240834990996,1,0.0,1,-0.3331089729226519,0,0,0,0,0,0,0,0,0,0,0,0,0,1,0,0,0,0,0,0,1
1,-0.4474048350192824,0,0,-0.39250529007168417,1,0.0,1,1.057983736777417,0,1,1,0,0,0,0,0,0,1,0,1,0,1,0,0,1,0,0,1,2
0,-0.4474048350192824,1,0,1.4405651852811239,1,2.0,0,-1.305378071100119,0,1,0,1,1,0,1,0,1,0,1,0,1,0,1,0,1,0,0,2,0
0,2.235112188621971,1,0,1.5220349841856933,1,2.0,1,1.6147532203491288,0,1,1,0,0,1,0,1,0,1,0,1,0,1,0,1,0,1,0,2,2
0,-0.4474048350192824,1,1,0.9517463918537085,1,1.0,1,1.1543796473659518,0,1,1,0,0,0,0,0,0,1,0,0,0,1,0,1,1,0,0,2,2
0,-0.4474048350192824,0,0,1.3590953863765547,0,2.0,1,-0.587394737061374,1,0,0,0,0,1,0,1,0,1,0,1,0,0,0,0,0,0,1,2,1
0,-0.4474048350192824,1,1,-1.288673078021946,1,0.0,0,-1.5164518753198426,0,0,0,1,1,0,1,0,1,0,1,0,1,0,1,0,0,0,1,0,0
1,2.235112188621971,0,0,1.3998302858288394,1,2.0,1,-0.017329265822277926,0,1,0,0,0,1,0,1,0,0,0,1,0,0,0,0,0,0,0,2,1
0,-0.4474048350192824,0,0,-0.14809589335797643,1,0.0,1,0.363268381156594,0,1,1,0,0,0,0,0,0,0,0,0,0,0,0,0,1,0,0,2,2
0,-0.4474048350192824,0,0,-1.2479381785696613,1,0.0,0,-1.4948458953603434,0,0,0,1,1,0,1,0,1,0,1,0,1,0,1,0,0,0,1,0,0
1,-0.4474048350192824,1,1,0.2592531011648698,1,2.0,1,-1.37185800943704,0,1,0,1,1,0,1,0,1,0,1,0,1,0,1,0,0,0,1,2,0
1,-0.4474048350192824,1,0,0.17778330226030056,1,0.0,1,0.8402619387240008,0,0,1,0,0,0,0,0,0,1,0,1,0,0,0,1,0,1,0,2,2
1,-0.4474048350192824,0,0,-1.166468379665092,1,0.0,0,-0.2766010253362691,0,0,0,0,0,1,0,0,0,1,0,0,0,0,0,0,0,1,0,0,1
0,-0.4474048350192824,1,1,1.0332161907582778,1,0.0,1,0.9416438446878055,0,1,1,0,0,1,0,1,0,0,0,0,0,0,0,1,0,0,0,2,2
1,-0.4474048350192824,1,0,1.6035047830902625,1,2.0,1,-1.380168001729155,0,1,0,1,1,0,1,0,1,0,1,0,1,0,1,0,0,0,0,2,0
0,-0.4474048350192824,1,1,1.6035047830902625,0,2.0,0,-0.3131649914215756,1,0,0,0,0,1,0,1,0,1,0,1,0,0,0,1,1,0,0,2,1
0,-0.4474048350192824,1,1,0.7480718945922853,1,0.0,1,0.5211582347067809,0,1,1,0,0,0,0,0,0,0,0,1,0,0,0,0,0,1,0,2,2
0,-0.4474048350192824,1,1,0.09631350335573131,1,0.0,1,1.3903834284620211,0,0,1,0,0,1,0,0,0,1,0,1,0,1,0,1,0,1,0,2,2
1,-0.4474048350192824,0,0,-1.288673078021946,1,0.0,1,-0.3347709713810748,0,0,0,0,0,0,0,0,0,0,0,0,0,0,0,1,0,1,0,0,1
0,-0.4474048350192824,0,1,-0.6776495862376766,1,0.0,1,0.5294682269988961,0,0,1,0,0,0,0,0,0,0,0,0,0,1,0,0,0,1,0,1,2
0,-0.4474048350192824,1,1,-0.5147099884285381,1,0.0,1,-1.3136880633922343,0,1,0,1,1,0,1,0,1,0,1,0,1,0,1,0,0,0,0,1,0
0,-0.4474048350192824,0,0,-1.2072032791173766,1,0.0,0,0.33833840428024864,0,1,1,0,0,0,0,0,0,0,0,0,0,0,0,0,0,1,0,0,2
1,-0.4474048350192824,1,0,0.7073369951400007,1,2.0,0,-1.5048178861108816,0,0,0,1,1,0,1,0,1,0,1,0,1,0,1,0,0,1,0,2,0
0,-0.4474048350192824,0,0,0.9517463918537085,0,2.0,0,-0.6655086646072561,1,0,0,0,0,1,0,1,0,1,0,1,0,0,0,0,0,0,0,2,1
0,-0.4474048350192824,1,0,0.8702765929491392,1,1.0,1,0.1688145615211007,0,1,0,0,0,0,0,0,0,0,0,0,0,1,0,1,1,0,0,2,2
0,2.235112188621971,0,0,-0.7591193851422458,1,0.0,1,0.30676043357021116,0,1,1,0,0,0,0,0,0,0,0,0,0,0,0,0,0,1,0,1,2
0,-0.4474048350192824,1,1,1.2776255874719855,1,2.0,1,-1.3635480171449248,0,1,0,1,1,0,1,0,1,0,1,0,1,0,1,0,0,0,1,2,0
1,2.235112188621971,1,0,1.0332161907582778,1,1.0,1,1.4552013683405185,0,1,1,0,0,1,0,1,0,1,0,0,0,1,0,1,0,1,0,2,2
1,-0.4474048350192824,0,0,-0.31103549116711493,1,0.0,0,0.19540653685586895,0,0,1,0,0,0,0,0,0,0,0,0,0,0,0,0,0,0,1,2,2
1,-0.4474048350192824,1,1,-0.636914686785392,1,0.0,1,0.054136667889912164,0,1,0,0,0,0,0,1,0,1,0,1,0,0,0,0,0,0,1,1,1
0,-0.4474048350192824,0,0,0.014843704451162058,1,0.0,1,0.8502339294745392,0,1,1,0,0,1,0,0,0,0,0,0,0,0,0,1,0,1,0,2,2
1,-0.4474048350192824,0,0,-1.2479381785696613,1,0.0,0,0.32836641352971063,0,0,1,0,0,0,0,1,0,0,0,0,0,0,0,0,0,1,0,0,2
0,-0.4474048350192824,1,0,0.9517463918537085,1,0.0,1,1.1178156812806455,0,0,1,0,0,0,0,0,0,1,0,1,0,1,0,1,0,1,0,2,2
0,2.235112188621971,0,0,-1.2479381785696613,1,0.0,0,0.18875854302217676,0,0,1,0,0,0,0,0,0,0,0,0,0,0,0,0,0,1,0,0,2
0,2.235112188621971,0,0,-1.166468379665092,1,0.0,0,-1.4965078938187666,0,0,0,1,1,0,1,0,1,0,1,0,1,0,1,0,0,0,1,0,0
1,-0.4474048350192824,0,0,-0.9220589829513843,1,0.0,0,-0.6339306938972186,0,0,0,0,0,0,0,0,0,0,0,0,0,0,0,0,0,0,1,0,1
1,-0.4474048350192824,0,0,-1.288673078021946,1,0.0,1,0.1339125938942169,0,0,1,0,0,0,0,0,0,0,0,0,0,0,0,0,0,1,0,0,1
0,-0.4474048350192824,1,1,0.8702765929491392,1,2.0,0,0.8718399094340383,0,1,0,0,0,1,0,1,0,1,0,1,0,1,0,1,1,0,0,2,2
0,-0.4474048350192824,0,0,0.34072290006943906,1,1.0,1,0.11729260930998668,0,1,0,0,0,0,0,0,0,1,0,1,0,0,0,1,0,1,0,2,1
1,-0.4474048350192824,1,1,0.8295416934968546,1,1.0,1,1.3355374793340613,0,1,1,0,0,0,0,1,0,1,0,0,0,1,0,1,0,1,0,2,2
1,-0.4474048350192824,0,1,-0.840589184046815,1,2.0,0,-1.5197758722366888,0,0,0,1,1,0,1,0,1,0,1,0,1,0,1,0,0,0,0,0,0
0,-0.4474048350192824,1,0,-1.2072032791173766,1,0.0,1,-1.5114658799445737,0,0,0,1,1,0,1,0,1,0,1,0,1,0,1,0,0,0,1,0,0
0,2.235112188621971,1,0,-0.8813240834990996,1,0.0,1,1.2956495163319086,0,1,1,0,0,0,0,0,0,1,0,1,0,1,0,1,0,0,0,0,2
1,-0.4474048350192824,1,0,1.4813000847334086,1,2.0,1,1.5781892542638223,0,1,1,0,0,1,0,1,0,1,0,1,0,1,0,1,0,0,0,2,2
1,-0.4474048350192824,0,0,-0.39250529007168417,1,1.0,0,-1.4931838969019204,0,0,0,1,1,0,1,0,1,0,1,0,1,0,1,0,0,0,0,1,0
1,-0.4474048350192824,0,1,0.05557860390344668,1,1.0,1,1.2873395240397936,0,1,1,0,0,1,0,1,0,0,0,0,0,1,0,1,0,1,0,2,2
1,-0.4474048350192824,1,0,0.8295416934968546,1,2.0,0,-1.5014938891940355,0,0,0,1,1,0,1,0,1,0,1,0,1,0,1,0,1,0,0,2,0
0,2.235112188621971,0,0,0.992481291305993,1,2.0,0,0.15884257077056219,0,0,0,0,0,1,0,0,0,1,0,1,0,1,0,0,0,0,0,2,1
1,-0.4474048350192824,0,0,-1.288673078021946,1,0.0,1,-0.5126048064323381,0,0,0,0,0,0,0,0,0,1,0,0,0,0,0,0,0,0,1,0,1
1,-0.4474048350192824,0,1,-1.288673078021946,1,0.0,0,0.15551857385371634,0,0,1,0,0,0,0,0,0,0,0,0,0,0,0,0,0,0,0,0,1
1,2.235112188621971,1,0,-1.288673078021946,0,0.0,0,-1.3303080479764644,1,0,0,0,0,0,0,0,0,0,0,0,0,0,0,0,0,1,0,0,0
0,-0.4474048350192824,0,0,0.992481291305993,0,1.0,1,-0.7968065428226746,1,0,0,0,0,1,0,0,0,1,0,1,0,0,0,0,1,0,0,2,1
1,-0.4474048350192824,1,1,-1.0849985807605227,1,2.0,0,-1.3186740587675032,0,1,0,1,1,0,1,0,1,0,1,0,1,0,1,0,0,0,1,0,0
1,-0.4474048350192824,0,0,-0.8813240834990996,1,1.0,1,-0.12702116407819722,0,0,0,0,0,0,0,1,0,0,0,0,0,1,0,0,0,1,0,0,1
0,-0.4474048350192824,1,1,0.17778330226030056,1,0.0,0,-1.2837720911406196,0,1,0,1,1,0,1,0,1,0,1,0,1,0,1,0,0,0,1,2,0
1,-0.4474048350192824,1,1,1.3590953863765547,1,2.0,0,0.02588269409672052,0,0,0,0,0,1,0,1,0,1,0,1,0,0,0,0,0,0,1,2,1
0,-0.4474048350192824,0,0,-1.1257334802128074,1,0.0,1,-1.5098038814861507,0,0,0,1,1,0,1,0,1,0,1,0,1,0,1,0,1,0,0,0,0
0,2.235112188621971,0,0,-0.10736099390569181,1,0.0,1,1.2973115147903316,0,1,1,0,0,0,0,1,0,1,0,0,0,1,0,1,0,1,0,2,2
0,-0.4474048350192824,0,0,-1.0442636813082382,1,0.0,1,0.4629882886619752,0,0,1,0,0,0,0,0,0,0,0,0,0,1,0,0,0,1,0,0,2
1,2.235112188621971,1,0,-1.0442636813082382,1,0.0,1,0.1671525630626773,0,0,1,0,0,0,0,0,0,0,0,0,0,0,0,0,0,0,1,0,2
1,-0.4474048350192824,0,0,-0.31103549116711493,1,0.0,1,0.4629882886619752,0,0,0,0,0,1,0,1,0,0,0,1,0,1,0,1,0,0,1,2,2
0,-0.4474048350192824,1,1,1.1554208891151316,1,0.0,1,1.1327736674064528,0,1,1,0,0,0,0,1,0,0,0,0,0,1,0,1,0,1,0,2,2
0,2.235112188621971,0,0,-1.2479381785696613,1,0.0,1,0.18543454610533092,0,0,1,0,0,0,0,0,0,0,0,0,0,0,0,0,0,1,0,0,2
0,-0.4474048350192824,1,1,-0.636914686785392,1,0.0,1,-0.3231369821721136,0,0,0,0,0,1,0,0,0,0,0,1,0,0,0,0,1,0,0,1,1
0,-0.4474048350192824,1,0,0.7480718945922853,1,1.0,1,-0.15195114095454254,0,0,0,0,0,1,0,1,0,0,0,1,0,0,0,0,0,0,0,2,1
1,-0.4474048350192824,0,0,1.0332161907582778,1,2.0,1,-1.5264238660703808,0,0,0,1,1,0,1,0,1,0,1,0,1,0,1,0,0,0,0,2,0
0,-0.4474048350192824,0,1,-0.4332401895239688,0,1.0,1,-0.51925280026603,1,0,0,0,0,0,0,0,0,1,0,0,0,1,0,1,1,0,0,1,1
0,-0.4474048350192824,1,1,1.6035047830902625,1,2.0,1,1.6762471633107805,0,1,1,0,0,1,0,1,0,1,0,1,0,1,0,1,0,1,0,2,2
1,-0.4474048350192824,1,0,1.4813000847334086,0,1.0,1,-0.1419791502040045,1,0,0,0,0,0,0,1,0,1,0,1,0,1,0,1,1,0,0,2,1
0,-0.4474048350192824,1,0,0.7480718945922853,0,0.0,1,-0.5126048064323381,1,0,0,0,0,0,0,1,0,0,0,0,0,1,0,1,0,1,0,2,1
1,-0.4474048350192824,0,0,0.8702765929491392,0,2.0,0,-0.6605226692319869,1,0,0,0,0,1,0,0,0,0,0,1,0,1,0,0,1,0,0,2,1
0,-0.4474048350192824,0,0,-0.6776495862376766,1,0.0,1,1.014771776858418,0,1,1,0,0,0,0,1,0,1,0,0,0,0,0,1,1,0,0,1,2
1,-0.4474048350192824,0,0,-0.840589184046815,1,0.0,0,-0.49266082493126184,0,0,0,0,0,0,0,0,0,0,0,1,0,0,0,0,0,0,0,0,1
1,-0.4474048350192824,0,0,0.09631350335573131,1,2.0,1,1.4585253652573649,0,1,1,0,0,1,0,0,0,1,0,1,0,1,0,1,0,1,0,2,2
1,-0.4474048350192824,1,1,0.7888067940445699,1,0.0,1,0.9366578493125362,0,1,1,0,0,0,0,1,0,0,0,1,0,0,0,1,0,0,0,2,2
1,-0.4474048350192824,1,0,1.4813000847334086,1,1.0,1,-0.37964492975849645,0,0,0,0,0,1,0,1,0,0,0,0,0,0,0,0,1,0,0,2,1
0,-0.4474048350192824,1,0,-0.8813240834990996,1,0.0,1,1.2275075795365649,0,1,1,0,0,0,0,1,0,0,0,0,0,1,0,1,0,1,0,0,2
0,-0.4474048350192824,1,1,0.34072290006943906,1,0.0,0,0.4929042609135898,0,1,0,0,0,1,0,1,0,1,0,1,0,0,0,1,1,0,0,2,2
1,-0.4474048350192824,0,0,-1.288673078021946,0,0.0,0,-0.9696543824986689,1,0,0,0,0,0,0,0,0,0,0,0,0,0,0,1,0,1,0,0,1
1,-0.4474048350192824,1,0,-0.9627938824036689,1,0.0,1,0.9898417999820727,0,0,1,0,0,0,0,1,0,1,0,1,0,1,0,0,0,0,1,0,2
1,-0.4474048350192824,1,1,-1.288673078021946,1,0.0,1,0.11396861239314082,0,0,1,0,0,0,0,0,0,0,0,0,0,0,0,0,0,1,0,0,1
0,-0.4474048350192824,0,0,0.7480718945922853,1,1.0,0,1.4086654115046742,0,1,1,0,0,1,0,1,0,1,0,0,0,1,0,1,0,0,0,2,2
0,2.235112188621971,0,0,0.8702765929491392,1,1.0,0,0.5776661822931638,0,1,0,0,0,1,0,1,0,0,0,1,0,1,0,1,0,0,0,2,2
0,-0.4474048350192824,0,0,1.0332161907582778,1,2.0,1,-1.3419420371854254,0,1,0,1,1,0,1,0,1,0,1,0,1,0,1,0,1,0,0,2,0
0,-0.4474048350192824,0,0,-0.8813240834990996,0,0.0,1,-0.972978379415515,1,0,0,0,0,0,0,0,0,0,0,0,0,1,0,0,0,0,1,0,1
0,-0.4474048350192824,1,1,-1.0035287818559535,1,1.0,0,-1.5048178861108816,0,0,0,1,1,0,1,0,1,0,1,0,1,0,1,0,0,1,0,0,0
0,2.235112188621971,0,0,-0.6776495862376766,1,0.0,1,1.0413637521931867,0,1,1,0,0,0,0,0,0,0,0,0,0,1,0,1,0,1,0,1,2
1,-0.4474048350192824,0,0,-1.1257334802128074,1,0.0,1,0.15551857385371634,0,0,1,0,0,0,0,0,0,0,0,0,0,0,0,0,0,1,0,0,1
0,-0.4474048350192824,1,1,-0.7591193851422458,1,0.0,1,0.6557801098390456,0,1,1,0,0,0,0,0,0,0,0,0,0,1,0,0,0,1,0,1,2
1,-0.4474048350192824,0,0,1.1554208891151316,1,0.0,1,1.3754254423362138,0,1,1,0,0,1,0,0,0,1,0,0,0,1,0,1,0,1,0,2,2
1,-0.4474048350192824,0,0,-0.636914686785392,1,0.0,1,1.0164337753168413,0,1,1,0,0,0,0,0,0,1,0,1,0,0,0,1,0,0,0,1,2
0,-0.4474048350192824,0,1,-1.166468379665092,1,0.0,0,-1.4848739046098054,0,0,0,1,1,0,1,0,1,0,1,0,1,0,1,0,1,0,0,0,0
1,-0.4474048350192824,1,0,1.3590953863765547,1,0.0,0,-0.04059724424020008,0,1,0,0,0,0,0,0,0,0,0,1,0,0,0,1,0,1,0,2,1
0,-0.4474048350192824,0,0,-1.288673078021946,1,0.0,0,-1.5048178861108816,0,0,0,1,1,0,1,0,1,0,1,0,1,0,1,0,1,0,0,0,0
0,2.235112188621971,1,0,0.5443973973308622,1,1.0,0,1.1693376334917591,0,1,1,0,0,0,0,0,0,0,0,1,0,1,0,1,0,1,0,2,2
0,-0.4474048350192824,0,0,0.9110114924014238,1,0.0,1,0.5477502100415492,0,0,1,0,0,0,0,1,0,1,0,0,0,0,0,0,0,1,0,2,2
1,-0.4474048350192824,0,0,-1.288673078021946,1,0.0,0,-0.6422406861893337,0,0,0,0,0,0,0,0,0,0,0,0,0,0,0,0,0,1,0,0,1
1,-0.4474048350192824,0,0,-1.0849985807605227,1,0.0,1,0.6424841221716616,0,0,1,0,0,0,0,1,0,0,0,0,0,0,0,1,0,1,0,0,2
1,-0.4474048350192824,1,1,-0.06662609445340718,1,0.0,0,-0.17854311628931077,0,1,0,0,0,0,0,0,0,0,0,0,0,0,0,1,0,0,0,2,1
1,-0.4474048350192824,1,1,0.8295416934968546,1,1.0,0,-0.03062525348966181,0,1,0,0,0,1,0,1,0,0,0,1,0,0,0,0,0,0,0,2,1
0,-0.4474048350192824,0,0,-0.7183844856899612,1,0.0,1,-1.3186740587675032,0,1,0,1,1,0,1,0,1,0,1,0,1,0,1,0,1,0,0,1,0
0,-0.4474048350192824,1,0,-1.166468379665092,1,0.0,0,-1.5114658799445737,0,0,0,1,1,0,1,0,1,0,1,0,1,0,1,0,0,0,1,0,0
1,2.235112188621971,0,0,-1.0849985807605227,1,0.0,1,0.4862562670798976,0,0,1,0,0,0,0,0,0,0,0,0,0,1,0,0,0,1,0,0,2
0,-0.4474048350192824,0,0,0.2999880006171544,1,1.0,1,-0.49266082493126184,0,0,0,0,0,0,0,0,0,1,0,0,0,0,0,0,0,0,1,2,1
0,-0.4474048350192824,0,0,-0.840589184046815,1,0.0,1,1.151055650449106,0,1,1,0,0,1,0,1,0,1,0,0,0,0,0,1,0,0,0,0,2
1,-0.4474048350192824,1,1,0.09631350335573131,1,2.0,1,0.13557459235264027,0,1,0,0,0,1,0,1,0,1,0,1,0,0,0,0,1,0,0,2,1
1,-0.4474048350192824,0,1,0.8295416934968546,1,2.0,0,-1.5064798845693046,0,0,0,1,1,0,1,0,1,0,1,0,1,0,1,0,0,0,0,2,0
1,-0.4474048350192824,0,0,-1.166468379665092,1,0.0,1,-1.5031558876524584,0,0,0,1,1,0,1,0,1,0,1,0,1,0,1,0,0,1,0,0,0
1,-0.4474048350192824,0,0,-1.166468379665092,1,0.0,0,0.42476232411824555,0,0,1,0,0,0,0,0,0,0,0,0,0,1,0,0,0,1,0,0,2
0,2.235112188621971,1,0,0.9110114924014238,1,0.0,0,-0.4461248680954173,0,1,0,0,0,0,0,0,0,0,0,0,0,0,0,0,0,0,0,2,1
1,-0.4474048350192824,0,0,0.7480718945922853,0,0.0,1,-0.6854526461083321,1,0,0,0,0,1,0,0,0,0,0,1,0,0,0,1,1,0,0,2,1
0,-0.4474048350192824,0,0,1.6035047830902625,1,2.0,1,1.5466112835537846,0,1,1,0,0,0,0,1,0,1,0,1,0,1,0,1,0,0,0,2,2
1,-0.4474048350192824,0,0,-0.5554448878808227,1,0.0,1,-0.11704917332765918,0,0,0,0,0,0,0,0,0,0,0,1,0,1,0,0,1,0,0,1,1
1,2.235112188621971,1,0,0.8702765929491392,1,2.0,1,1.5083853190100556,0,1,1,0,0,0,0,1,0,1,0,1,0,1,0,1,0,1,0,2,2
1,2.235112188621971,1,0,-0.9627938824036689,1,0.0,1,-1.456619930816614,0,0,0,1,1,0,1,0,1,0,1,0,1,0,1,0,0,0,1,0,0
1,-0.4474048350192824,0,0,-1.2072032791173766,1,0.0,1,-0.022315261197546708,0,0,0,0,0,1,0,0,0,0,0,1,0,1,0,0,1,0,0,0,1
1,-0.4474048350192824,0,0,-0.5147099884285381,1,0.0,1,0.6707380959648528,0,1,1,0,0,0,0,0,0,0,0,0,0,1,0,0,0,1,0,1,2
0,-0.4474048350192824,0,0,-0.14809589335797643,1,2.0,0,-1.5181138737782658,0,0,0,1,1,0,1,0,1,0,1,0,1,0,1,0,0,0,1,2,0
0,-0.4474048350192824,1,1,1.5220349841856933,1,2.0,0,-1.3419420371854254,0,1,0,1,1,0,1,0,1,0,1,0,1,0,1,0,0,0,0,2,0
1,-0.4474048350192824,1,0,-0.3517703906193996,1,0.0,1,0.9283478570204211,0,1,1,0,0,0,0,0,0,0,0,0,0,1,0,1,0,1,0,1,2
0,-0.4474048350192824,0,0,-1.1257334802128074,0,0.0,0,-0.8499904934922113,1,0,0,0,0,0,0,0,0,1,0,0,0,0,0,1,0,1,0,0,1
1,2.235112188621971,1,0,0.5036624978785775,1,1.0,1,1.1178156812806455,0,1,1,0,0,0,0,1,0,1,0,1,0,1,0,0,0,0,0,2,2
0,-0.4474048350192824,1,1,1.5627698836379778,1,2.0,0,1.1759856273254512,0,1,1,0,0,1,0,0,0,1,0,1,0,0,0,1,0,1,0,2,2
1,-0.4474048350192824,0,0,-1.288673078021946,1,0.0,1,-1.5098038814861507,0,0,0,1,1,0,1,0,1,0,1,0,1,0,1,0,0,0,0,0,0
1,-0.4474048350192824,0,0,1.5627698836379778,1,2.0,0,0.5161722393315117,0,1,0,0,0,1,0,1,0,1,0,1,0,0,0,1,0,0,0,2,2
1,2.235112188621971,1,0,-0.5961797873331073,1,0.0,1,-0.19848709779038706,0,0,0,0,0,1,0,0,0,0,0,0,0,0,0,1,1,0,0,1,1
0,-0.4474048350192824,1,1,-1.166468379665092,1,0.0,0,-1.4865359030682284,0,0,0,1,1,0,1,0,1,0,1,0,1,0,1,0,0,0,1,0,0
1,-0.4474048350192824,0,0,-0.7591193851422458,1,0.0,1,1.1793096242422971,0,1,1,0,0,0,0,1,0,0,0,0,0,1,0,1,0,1,0,1,2
0,-0.4474048350192824,0,0,-1.0442636813082382,0,0.0,0,-1.3303080479764644,1,0,0,0,0,0,0,0,0,0,0,0,0,0,0,0,0,0,0,0,0
0,-0.4474048350192824,1,0,-1.2479381785696613,1,0.0,0,0.13058859697737102,0,0,0,0,0,0,0,0,0,1,0,0,0,1,0,1,1,0,0,0,1
0,-0.4474048350192824,1,0,-0.14809589335797643,1,0.0,1,0.32836641352971063,0,1,1,0,0,0,0,0,0,0,0,0,0,0,0,0,0,1,0,2,2
0,-0.4474048350192824,1,0,1.114685989662847,1,0.0,1,0.9649118231057273,0,1,1,0,0,1,0,1,0,0,0,0,0,0,0,1,1,0,0,2,2
1,-0.4474048350192824,1,1,0.7480718945922853,1,1.0,0,0.6358361283379695,0,1,1,0,0,0,0,1,0,0,0,1,0,0,0,0,0,0,0,2,2
1,-0.4474048350192824,1,1,-0.025891195001122566,0,0.0,0,-0.48102683572230065,1,0,0,0,0,0,0,0,0,1,0,0,0,1,0,1,1,0,0,2,1
1,-0.4474048350192824,0,0,-0.2703005917148303,1,0.0,1,0.6275261360458544,0,1,1,0,0,0,0,0,0,0,0,0,0,0,0,1,0,1,0,2,2
1,-0.4474048350192824,0,0,1.31836048692427,1,2.0,0,1.330551483958792,0,1,1,0,0,0,0,1,0,1,0,0,0,1,0,1,1,0,0,2,2
0,-0.4474048350192824,1,1,1.114685989662847,1,2.0,1,-1.523099869153535,0,0,0,1,1,0,1,0,1,0,1,0,1,0,1,0,1,0,0,2,0
0,-0.4474048350192824,1,1,0.5443973973308622,0,0.0,0,-0.9979083562918603,1,0,0,0,0,1,0,1,0,0,0,0,0,0,0,0,0,0,0,2,1
1,-0.4474048350192824,1,1,1.6035047830902625,1,2.0,0,-0.3247989806305368,0,1,0,0,0,1,0,0,0,0,0,0,0,0,0,0,0,0,0,2,1
1,-0.4474048350192824,1,1,-1.288673078021946,1,0.0,1,0.1605045692289856,0,0,1,0,0,0,0,0,0,0,0,0,0,0,0,0,0,0,1,0,1
1,-0.4474048350192824,1,0,1.5627698836379778,1,2.0,1,0.4663122855788211,0,0,0,0,0,0,0,1,0,1,0,1,0,1,0,1,1,0,0,2,2
0,-0.4474048350192824,1,1,0.34072290006943906,1,2.0,0,-1.521437870695112,0,0,0,1,1,0,1,0,1,0,1,0,1,0,1,0,0,0,0,2,0
1,-0.4474048350192824,1,0,1.6035047830902625,1,2.0,1,0.836937941807155,0,1,0,0,0,1,0,1,0,1,0,1,0,1,0,1,1,0,0,2,2
0,-0.4474048350192824,0,0,-1.288673078021946,1,0.0,1,0.4812702717046283,0,1,1,0,0,0,0,0,0,1,0,0,0,0,0,0,0,0,1,0,2
1,-0.4474048350192824,1,1,1.4813000847334086,1,2.0,0,0.7255840450928127,0,1,0,0,0,1,0,0,0,1,0,1,0,1,0,1,0,0,0,2,2
0,-0.4474048350192824,0,0,0.5443973973308622,1,1.0,1,1.0164337753168413,0,0,1,0,0,1,0,1,0,1,0,0,0,1,0,0,1,0,0,2,2
1,-0.4474048350192824,0,0,0.7480718945922853,1,0.0,0,0.5294682269988961,0,1,1,0,0,0,0,1,0,0,0,0,0,0,0,0,0,0,0,2,2
1,-0.4474048350192824,0,0,0.21851820171258518,1,0.0,1,0.9981517922741878,0,1,1,0,0,0,0,1,0,1,0,0,0,0,0,1,1,0,0,2,2
0,-0.4474048350192824,0,0,0.9110114924014238,1,2.0,1,-0.010681271988585749,0,0,0,0,0,0,0,1,0,1,0,0,0,0,0,1,0,0,1,2,1
1,-0.4474048350192824,0,1,0.9517463918537085,1,1.0,1,-1.4582819292750369,0,0,0,1,1,0,1,0,1,0,1,0,1,0,1,0,0,0,1,2,0
0,-0.4474048350192824,1,0,1.6035047830902625,1,2.0,0,1.563231268138015,0,1,1,0,0,1,0,1,0,1,0,1,0,1,0,1,1,0,0,2,2
1,-0.4474048350192824,1,0,1.2368906880197008,1,0.0,1,1.2408035672039492,0,1,1,0,0,0,0,1,0,1,0,0,0,1,0,1,0,1,0,2,2
0,-0.4474048350192824,1,1,-0.9220589829513843,1,0.0,1,1.2308315764534108,0,1,1,0,0,0,0,1,0,1,0,0,0,1,0,1,1,0,0,0,2
1,-0.4474048350192824,0,0,-0.8813240834990996,1,0.0,0,-0.37632093284165036,0,1,0,0,0,0,0,0,0,1,0,0,0,0,0,0,0,1,0,0,1
1,-0.4474048350192824,0,0,-0.5554448878808227,1,0.0,1,0.6956680728411981,0,1,1,0,0,0,0,0,0,0,0,0,0,0,0,1,0,0,0,1,2
0,-0.4474048350192824,1,0,1.1554208891151316,1,2.0,0,-1.4898598999850743,0,0,0,1,1,0,1,0,1,0,1,0,1,0,1,0,1,0,0,2,0
0,-0.4474048350192824,0,0,-1.288673078021946,1,0.0,1,0.9566018308136123,0,1,1,0,0,0,0,0,0,0,0,0,0,1,0,1,0,1,0,0,2
0,-0.4474048350192824,1,0,1.0739510902105622,1,0.0,1,0.9865178030652269,0,1,1,0,0,1,0,1,0,0,0,0,0,1,0,0,0,1,0,2,2
0,-0.4474048350192824,1,1,-1.0849985807605227,1,0.0,0,-0.33975696675634387,0,0,0,0,0,0,0,0,0,0,0,0,0,1,0,0,0,1,0,0,1
0,-0.4474048350192824,0,0,1.6035047830902625,1,2.0,0,-1.4898598999850743,0,0,0,1,1,0,1,0,1,0,1,0,1,0,1,0,1,0,0,2,0
1,-0.4474048350192824,0,0,-1.1257334802128074,1,0.0,1,0.5161722393315117,0,0,1,0,0,0,0,0,0,0,0,0,0,1,0,0,0,1,0,0,2
1,-0.4474048350192824,0,0,0.17778330226030056,1,1.0,0,-1.4931838969019204,0,0,0,1,1,0,1,0,1,0,1,0,1,0,1,0,1,0,0,2,0
0,-0.4474048350192824,0,0,-1.288673078021946,1,0.0,0,0.689020079007506,0,1,1,0,0,0,0,0,0,0,0,0,0,0,0,1,0,0,1,0,2
1,-0.4474048350192824,0,0,-0.47397508897625346,1,0.0,0,1.2890015224982165,0,1,1,0,0,1,0,0,0,1,0,0,0,1,0,1,0,0,1,1,2
1,-0.4474048350192824,1,0,1.0332161907582778,1,2.0,1,0.698992069758044,0,1,0,0,0,1,0,1,0,1,0,0,0,1,0,1,0,1,0,2,2
0,-0.4474048350192824,1,0,-1.0035287818559535,1,0.0,1,0.836937941807155,0,1,1,0,0,0,0,0,0,0,0,1,0,0,0,1,0,1,0,0,2
0,-0.4474048350192824,0,0,0.014843704451162058,1,2.0,0,-1.308702068016965,0,1,0,1,1,0,1,0,1,0,1,0,1,0,1,0,1,0,0,2,0
1,2.235112188621971,0,0,0.7073369951400007,1,0.0,1,0.1754625553547924,0,1,0,0,0,1,0,1,0,0,0,0,0,1,0,0,0,0,0,2,2
1,-0.4474048350192824,0,0,-0.9220589829513843,1,0.0,1,0.23529449985802153,0,1,0,0,0,0,0,0,0,0,0,0,0,1,0,1,1,0,0,0,2
1,2.235112188621971,1,0,1.5627698836379778,1,2.0,0,-1.31701206030908,0,1,0,1,1,0,1,0,1,0,1,0,1,0,1,0,1,0,0,2,0
0,-0.4474048350192824,0,0,-0.7183844856899612,1,0.0,1,-0.5308867894749912,0,1,0,0,0,0,0,0,0,0,0,0,0,0,0,0,0,1,0,1,1
1,-0.4474048350192824,0,0,-0.9220589829513843,1,0.0,1,0.4912422624551664,0,0,1,0,0,1,0,0,0,1,0,0,0,0,0,0,0,0,1,0,2
0,-0.4474048350192824,1,1,-0.2295656922625457,1,1.0,1,-1.4798879092345363,0,0,0,1,1,0,1,0,1,0,1,0,1,0,1,0,0,0,1,2,0
0,-0.4474048350192824,1,1,-0.840589184046815,1,0.0,0,-1.5181138737782658,0,0,0,1,1,0,1,0,1,0,1,0,1,0,1,0,0,0,0,0,0
1,-0.4474048350192824,0,0,-0.7183844856899612,1,0.0,1,1.151055650449106,0,1,1,0,0,1,0,0,0,0,0,0,0,1,0,1,0,1,0,1,2
1,2.235112188621971,1,0,-0.6776495862376766,1,0.0,1,-0.3497289575068821,0,0,0,0,0,1,0,1,0,0,0,0,0,0,0,0,0,0,0,1,1
1,-0.4474048350192824,0,1,0.2999880006171544,1,1.0,1,-1.4848739046098054,0,0,0,1,1,0,1,0,1,0,1,0,1,0,1,0,0,0,0,2,0
1,-0.4474048350192824,1,1,0.09631350335573131,1,0.0,1,0.8169939603060788,0,1,1,0,0,0,0,1,0,0,0,0,0,1,0,0,0,0,0,2,2
1,-0.4474048350192824,1,0,-0.636914686785392,1,0.0,1,0.17712455381321582,0,0,1,0,0,0,0,0,0,0,0,0,0,0,0,0,0,0,0,1,2
1,-0.4474048350192824,1,1,1.6035047830902625,1,2.0,0,-1.3618860186865018,0,1,0,1,1,0,1,0,1,0,1,0,1,0,1,0,1,0,0,2,0
1,-0.4474048350192824,1,0,-0.8813240834990996,1,0.0,1,-0.6372546908140647,0,0,0,0,0,0,0,0,0,0,0,0,0,0,0,0,0,0,0,0,1
0,-0.4474048350192824,0,0,-0.9220589829513843,1,0.0,1,0.5045382501225507,0,0,1,0,0,0,0,0,0,0,0,0,0,0,0,1,0,0,0,0,2
1,-0.4474048350192824,1,0,-1.288673078021946,1,0.0,1,0.31673242432074916,0,1,1,0,0,0,0,0,0,0,0,0,0,0,0,0,0,0,0,0,2
0,-0.4474048350192824,1,0,1.6035047830902625,1,2.0,1,0.6591041067558919,0,1,0,0,0,1,0,0,0,1,0,1,0,1,0,1,0,0,0,2,2
0,2.235112188621971,1,0,0.8702765929491392,1,1.0,1,1.1311116689480294,0,0,1,0,0,0,0,0,0,1,0,1,0,1,0,1,0,1,0,2,2
0,-0.4474048350192824,1,0,0.666602095687716,1,0.0,1,1.1892816149928351,0,1,1,0,0,1,0,0,0,0,0,0,0,1,0,1,0,0,1,2,2
0,-0.4474048350192824,0,0,-0.2295656922625457,1,2.0,0,-0.4062369050932647,0,0,0,0,0,1,0,1,0,0,0,0,0,0,0,0,0,0,0,2,1
1,-0.4474048350192824,0,1,-1.2072032791173766,1,0.0,0,-1.4998318907356125,0,0,0,1,1,0,1,0,1,0,1,0,1,0,1,0,0,0,1,0,0
1,2.235112188621971,1,0,1.6035047830902625,1,2.0,1,1.4851173405921332,0,1,1,0,0,0,0,1,0,1,0,1,0,1,0,1,0,0,0,2,2
0,-0.4474048350192824,0,0,-1.2479381785696613,1,0.0,1,0.18709654456375382,0,0,1,0,0,0,0,0,0,0,0,0,0,0,0,0,0,1,0,0,2
0,-0.4474048350192824,1,1,1.5220349841856933,1,2.0,1,-1.5247618676119576,0,0,0,1,1,0,1,0,1,0,1,0,1,0,1,0,0,0,1,2,0
0,-0.4474048350192824,0,0,-0.7998542845945305,1,0.0,1,0.5128482424146659,0,0,1,0,0,0,0,0,0,0,0,0,0,0,0,1,0,1,0,1,2
0,-0.4474048350192824,0,0,0.3814577995217237,1,0.0,0,-0.3497289575068821,0,0,0,0,0,1,0,0,0,1,0,0,0,0,0,0,1,0,0,2,1
1,-0.4474048350192824,1,1,1.0739510902105622,1,1.0,0,0.3881983580329393,0,0,0,0,0,0,0,1,0,1,0,1,0,1,0,1,1,0,0,2,2
0,-0.4474048350192824,0,0,1.4813000847334086,1,2.0,0,-1.3452660341022715,0,1,0,1,1,0,1,0,1,0,1,0,1,0,1,0,1,0,0,2,0
0,-0.4474048350192824,1,1,-0.9220589829513843,1,2.0,0,-1.4931838969019204,0,0,0,1,1,0,1,0,1,0,1,0,1,0,1,0,0,0,1,0,0
1,-0.4474048350192824,1,1,1.6035047830902625,0,2.0,1,0.0009527172203752092,1,0,0,0,0,1,0,1,0,1,0,1,0,1,0,1,1,0,0,2,1
1,-0.4474048350192824,0,0,1.3998302858288394,1,2.0,0,-1.4815499076929592,0,0,0,1,1,0,1,0,1,0,1,0,1,0,1,0,0,0,0,2,0
1,-0.4474048350192824,1,0,-1.0849985807605227,1,1.0,0,-1.3286460495180412,0,1,0,1,1,0,1,0,1,0,1,0,1,0,1,0,0,0,1,0,0
1,-0.4474048350192824,0,0,-0.3517703906193996,1,0.0,1,-0.4644068511380704,0,0,0,0,0,0,0,0,0,0,0,1,0,0,0,0,1,0,0,1,1
0,-0.4474048350192824,1,0,1.2776255874719855,1,2.0,0,-1.3136880633922343,0,1,0,1,1,0,1,0,1,0,1,0,1,0,1,0,0,0,1,2,0
1,-0.4474048350192824,1,1,1.4813000847334086,1,2.0,1,-1.298730077266427,0,1,0,1,1,0,1,0,1,0,1,0,1,0,1,0,0,0,0,2,0
1,-0.4474048350192824,0,0,-0.7998542845945305,1,0.0,0,0.27518246286017367,0,0,0,0,0,0,0,1,0,0,0,1,0,1,0,1,0,0,1,1,2
1,-0.4474048350192824,0,0,1.2368906880197008,1,1.0,0,0.8435859356408472,0,1,1,0,0,0,0,1,0,0,0,0,0,0,0,1,1,0,0,2,2
0,-0.4474048350192824,1,0,-1.288673078021946,0,0.0,0,-0.9995703547502832,1,0,0,0,0,0,0,0,0,0,0,0,0,0,0,1,0,1,0,0,0
1,-0.4474048350192824,0,0,0.09631350335573131,1,1.0,0,-1.478225910776113,0,0,0,1,1,0,1,0,1,0,1,0,1,0,1,0,0,0,0,2,0
1,-0.4474048350192824,1,1,0.7480718945922853,1,1.0,1,-1.3668720140617707,0,1,0,1,1,0,1,0,1,0,1,0,1,0,1,0,0,0,1,2,0
0,-0.4474048350192824,1,1,-0.636914686785392,1,1.0,1,-0.10375318566027483,0,1,0,0,0,0,0,0,0,1,0,1,0,0,0,0,0,0,1,1,1
1,-0.4474048350192824,1,1,0.13704840280801595,0,1.0,0,-0.14530314712085035,1,0,0,0,0,1,0,0,0,1,0,1,0,1,0,1,1,0,0,2,1
0,-0.4474048350192824,0,0,-1.2072032791173766,0,0.0,0,-1.1923621759273535,1,0,0,0,0,0,0,1,0,0,0,0,0,0,0,0,0,0,1,0,0
0,-0.4474048350192824,0,1,-0.3517703906193996,1,2.0,0,-1.5064798845693046,0,0,0,1,1,0,1,0,1,0,1,0,1,0,1,0,0,0,1,1,0
0,-0.4474048350192824,1,0,-0.39250529007168417,1,1.0,0,-0.16857112553877274,0,0,0,0,0,0,0,0,0,0,0,1,0,1,0,0,0,0,0,1,1
1,-0.4474048350192824,0,0,-1.288673078021946,1,0.0,0,-0.3580389497989972,0,1,0,0,0,0,0,1,0,0,0,0,0,0,0,0,0,1,0,0,1
0,-0.4474048350192824,1,1,-0.636914686785392,1,0.0,1,0.677386089798545,0,1,1,0,0,0,0,0,0,0,0,0,0,0,0,1,0,1,0,1,2
1,-0.4474048350192824,1,1,-1.166468379665092,1,1.0,0,-1.3618860186865018,0,1,0,1,1,0,1,0,1,0,1,0,1,0,1,0,1,0,0,0,0
1,2.235112188621971,1,0,-0.39250529007168417,1,1.0,1,-1.4732399154008442,0,0,0,1,1,0,1,0,1,0,1,0,1,0,1,0,0,1,0,1,0
0,-0.4474048350192824,0,0,0.17778330226030056,1,0.0,1,-0.010681271988585749,0,0,0,0,0,0,0,0,0,0,0,0,0,1,0,1,0,1,0,2,1
1,-0.4474048350192824,1,0,-0.3517703906193996,1,1.0,0,0.31008443048705747,0,0,0,0,0,1,0,0,0,0,0,1,0,1,0,1,0,0,0,1,2
1,-0.4474048350192824,1,1,-1.288673078021946,1,1.0,0,-1.4848739046098054,0,0,0,1,1,0,1,0,1,0,1,0,1,0,1,0,0,0,1,0,0
1,-0.4474048350192824,1,1,-1.288673078021946,1,0.0,0,0.31673242432074916,0,0,1,0,0,0,0,1,0,0,0,0,0,0,0,0,1,0,0,0,2
0,-0.4474048350192824,0,0,0.7480718945922853,1,2.0,0,-1.4765639123176904,0,0,0,1,1,0,1,0,1,0,1,0,1,0,1,0,0,0,0,2,0
0,2.235112188621971,1,0,0.8702765929491392,1,2.0,1,-1.533071859904073,0,0,0,1,1,0,1,0,1,0,1,0,1,0,1,0,0,0,1,2,0
1,-0.4474048350192824,1,1,-0.4332401895239688,1,1.0,1,0.45135429945301425,0,1,0,0,0,0,0,0,0,1,0,1,0,1,0,1,0,0,1,1,2
1,-0.4474048350192824,0,0,1.5627698836379778,1,1.0,1,0.46465028712039813,0,1,1,0,0,0,0,1,0,0,0,0,0,0,0,0,1,0,0,2,2
1,2.235112188621971,1,0,0.9110114924014238,1,2.0,1,1.6130912218907054,0,1,1,0,0,0,0,1,0,1,0,1,0,1,0,1,0,1,0,2,2
0,-0.4474048350192824,0,0,-0.4332401895239688,1,0.0,1,0.6391601252548154,0,0,1,0,0,0,0,1,0,0,0,0,0,0,0,1,0,0,1,1,2
0,-0.4474048350192824,0,0,0.2999880006171544,1,0.0,0,0.32338041815444135,0,0,1,0,0,0,0,1,0,0,0,0,0,0,0,0,1,0,0,2,2
0,-0.4474048350192824,0,1,0.09631350335573131,1,1.0,1,-1.4948458953603434,0,0,0,1,1,0,1,0,1,0,1,0,1,0,1,0,1,0,0,2,0
0,2.235112188621971,0,0,-1.166468379665092,1,0.0,1,0.9715598169394195,0,1,1,0,0,0,0,0,0,0,0,0,0,1,0,1,0,1,0,0,2
0,2.235112188621971,0,0,0.5443973973308622,1,1.0,1,0.1339125938942169,0,1,0,0,0,0,0,0,0,1,0,1,0,0,0,1,1,0,0,2,1
1,2.235112188621971,1,0,1.6035047830902625,1,2.0,1,1.2491135594960643,0,1,1,0,0,1,0,1,0,1,0,0,0,0,0,1,1,0,0,2,2
0,-0.4474048350192824,0,0,-0.2295656922625457,1,0.0,1,0.8020359741802716,0,0,1,0,0,0,0,0,0,1,0,1,0,0,0,1,0,1,0,2,2
1,-0.4474048350192824,0,0,-1.0849985807605227,1,0.0,0,0.45135429945301425,0,0,0,0,0,1,0,0,0,1,0,1,0,1,0,1,1,0,0,0,2
0,-0.4474048350192824,0,0,-1.0442636813082382,1,0.0,1,0.29180244744440387,0,1,1,0,0,0,0,0,0,0,0,0,0,0,0,0,0,1,0,0,2
0,2.235112188621971,0,0,0.4221926989740083,1,0.0,1,1.4319333899225966,0,0,1,0,0,1,0,1,0,0,0,1,0,1,0,1,1,0,0,2,2
1,-0.4474048350192824,0,0,0.7888067940445699,1,2.0,0,-1.5098038814861507,0,0,0,1,1,0,1,0,1,0,1,0,1,0,1,0,0,0,1,2,0
0,-0.4474048350192824,1,0,0.17778330226030056,1,1.0,0,0.10067262472575647,0,1,0,0,0,1,0,0,0,1,0,1,0,0,0,0,1,0,0,2,1
0,-0.4474048350192824,1,0,1.2776255874719855,1,2.0,1,1.1277876720311837,0,0,1,0,0,1,0,0,0,1,0,0,0,1,0,1,0,0,0,2,2
1,-0.4474048350192824,1,1,1.3998302858288394,1,2.0,1,-1.4715779169424212,0,0,0,1,1,0,1,0,1,0,1,0,1,0,1,0,0,0,1,2,0
0,-0.4474048350192824,1,0,1.6035047830902625,1,2.0,0,-1.2837720911406196,0,1,0,1,1,0,1,0,1,0,1,0,1,0,1,0,1,0,0,2,0
0,-0.4474048350192824,1,1,-0.10736099390569181,1,2.0,0,-1.521437870695112,0,0,0,1,1,0,1,0,1,0,1,0,1,0,1,0,0,0,1,2,0
0,-0.4474048350192824,0,0,1.3998302858288394,1,2.0,1,0.6707380959648528,0,1,0,0,0,1,0,0,0,1,0,1,0,1,0,1,0,0,1,2,2
1,-0.4474048350192824,0,1,0.992481291305993,1,2.0,0,0.8136699633892326,0,1,0,0,0,1,0,1,0,1,0,1,0,1,0,1,0,0,1,2,2
0,-0.4474048350192824,1,1,0.2999880006171544,1,0.0,1,0.20870252452325283,0,0,0,0,0,1,0,1,0,0,0,1,0,0,0,1,0,0,1,2,2
1,-0.4474048350192824,1,1,0.21851820171258518,1,0.0,0,-1.5114658799445737,0,0,0,1,1,0,1,0,1,0,1,0,1,0,1,0,0,1,0,2,0
1,-0.4474048350192824,0,0,0.5443973973308622,1,0.0,1,0.9516158354383435,0,1,1,0,0,1,0,1,0,0,0,0,0,0,0,1,0,1,0,2,2
1,-0.4474048350192824,0,0,1.4813000847334086,1,1.0,1,1.2956495163319086,0,0,1,0,0,0,0,1,0,1,0,1,0,1,0,1,0,0,0,2,2
0,2.235112188621971,1,0,0.992481291305993,1,0.0,0,0.9615878261888815,0,1,1,0,0,0,0,1,0,1,0,0,0,0,0,1,1,0,0,2,2
1,-0.4474048350192824,1,0,0.13704840280801595,1,0.0,1,0.9482918385214971,0,0,1,0,0,1,0,0,0,0,0,0,0,1,0,1,0,1,0,2,2
0,-0.4474048350192824,0,0,-0.025891195001122566,0,1.0,0,-1.1607842052173163,1,0,0,0,0,1,0,0,0,0,0,0,0,0,0,0,0,0,1,2,0
1,-0.4474048350192824,1,0,0.7888067940445699,1,2.0,1,1.3704394469609447,0,0,1,0,0,1,0,1,0,1,0,1,0,1,0,1,0,1,0,2,2
1,-0.4474048350192824,1,0,1.1961557885674161,1,2.0,1,1.413651406879943,0,1,1,0,0,0,0,0,0,1,0,1,0,1,0,1,0,0,0,2,2
0,-0.4474048350192824,1,0,0.014843704451162058,1,0.0,0,-1.4965078938187666,0,0,0,1,1,0,1,0,1,0,1,0,1,0,1,0,0,0,1,2,0
0,-0.4474048350192824,1,0,-0.47397508897625346,1,0.0,1,0.6973300712996211,0,0,1,0,0,0,0,0,0,0,0,1,0,1,0,0,0,1,0,1,2
1,-0.4474048350192824,0,0,0.05557860390344668,1,0.0,1,-0.5076188110570691,0,0,0,0,0,0,0,1,0,0,0,0,0,0,0,0,0,1,0,2,1
0,-0.4474048350192824,0,0,0.17778330226030056,1,0.0,1,0.45966429174512935,0,1,0,0,0,1,0,1,0,1,0,1,0,1,0,0,1,0,0,2,2
0,-0.4474048350192824,0,1,-0.4332401895239688,1,0.0,1,-1.4798879092345363,0,0,0,1,1,0,1,0,1,0,1,0,1,0,1,0,0,1,0,1,0
0,-0.4474048350192824,1,1,0.13704840280801595,1,2.0,1,0.9250238601035752,0,1,0,0,0,1,0,1,0,1,0,1,0,1,0,1,1,0,0,2,2
0,-0.4474048350192824,0,0,-1.0442636813082382,1,0.0,1,0.5062002485809737,0,0,1,0,0,0,0,0,0,0,0,0,0,1,0,0,0,0,1,0,2
0,-0.4474048350192824,0,0,1.5220349841856933,0,2.0,1,-0.22341707466673238,1,0,0,0,0,1,0,0,0,1,0,1,0,1,0,1,0,0,0,2,1
0,-0.4474048350192824,0,0,1.2368906880197008,1,2.0,1,0.5062002485809737,0,1,0,0,0,1,0,1,0,1,0,1,0,0,0,1,1,0,0,2,2
1,-0.4474048350192824,0,0,-0.636914686785392,1,0.0,1,0.3848743611160934,0,0,1,0,0,0,0,0,0,1,0,0,0,0,0,0,0,1,0,1,2
0,-0.4474048350192824,1,1,0.09631350335573131,0,2.0,1,-0.6222967046882574,1,0,0,0,0,1,0,0,0,0,0,1,0,1,0,0,1,0,0,2,1
0,-0.4474048350192824,1,0,-1.2072032791173766,1,0.0,1,0.3350144073634028,0,1,1,0,0,0,0,0,0,0,0,0,0,0,0,0,1,0,0,0,2
1,-0.4474048350192824,1,1,0.992481291305993,1,1.0,0,-1.5181138737782658,0,0,0,1,1,0,1,0,1,0,1,0,1,0,1,0,0,0,1,2,0
1,-0.4474048350192824,0,1,1.5627698836379778,1,2.0,0,-1.3535760263943866,0,1,0,1,1,0,1,0,1,0,1,0,1,0,1,0,0,0,1,2,0
1,-0.4474048350192824,1,1,0.5443973973308622,1,2.0,0,-1.4998318907356125,0,0,0,1,1,0,1,0,1,0,1,0,1,0,1,0,1,0,0,2,0
0,-0.4474048350192824,0,0,-0.47397508897625346,1,0.0,1,1.1560416458243747,0,1,1,0,0,0,0,1,0,0,0,0,0,1,0,1,1,0,0,1,2
0,-0.4474048350192824,0,0,-0.18883079281026105,1,1.0,0,-0.20181109470723316,0,1,0,0,0,1,0,0,0,1,0,0,0,0,0,0,0,0,1,2,1
1,2.235112188621971,0,0,1.5627698836379778,0,1.0,1,-0.28657301608680713,1,0,0,0,0,1,0,1,0,0,0,0,0,1,0,1,0,1,0,2,1
1,-0.4474048350192824,1,0,-0.636914686785392,0,1.0,0,-0.34806695904845897,1,0,0,0,0,0,0,0,0,1,0,1,0,1,0,1,0,1,0,1,1
0,-0.4474048350192824,1,1,-0.6776495862376766,1,0.0,1,0.4945662593720127,0,1,1,0,0,0,0,1,0,0,0,0,0,0,0,0,1,0,0,1,2
1,-0.4474048350192824,1,0,0.7888067940445699,1,0.0,0,-0.12369716716135112,0,1,0,0,0,0,0,1,0,0,0,1,0,0,0,0,0,0,0,2,1
1,-0.4474048350192824,0,0,-0.06662609445340718,0,1.0,1,-0.499308818764954,1,0,0,0,0,0,0,0,0,1,0,0,0,1,0,1,0,1,0,2,1
0,-0.4474048350192824,1,1,-1.2479381785696613,1,0.0,1,0.28183045669386586,0,0,1,0,0,0,0,1,0,0,0,0,0,0,0,0,0,0,0,0,2
1,-0.4474048350192824,0,0,0.014843704451162058,1,0.0,1,0.4629882886619752,0,0,1,0,0,0,0,1,0,1,0,0,0,0,0,0,1,0,0,2,2
0,-0.4474048350192824,1,0,-0.2295656922625457,1,1.0,1,1.224183582619719,0,0,1,0,0,1,0,0,0,0,0,1,0,1,0,1,1,0,0,2,2
1,-0.4474048350192824,1,1,0.13704840280801595,1,2.0,0,-1.3286460495180412,0,1,0,1,1,0,1,0,1,0,1,0,1,0,1,0,1,0,0,2,0
0,-0.4474048350192824,1,1,0.9517463918537085,1,2.0,0,-1.4965078938187666,0,0,0,1,1,0,1,0,1,0,1,0,1,0,1,0,0,0,1,2,0
1,-0.4474048350192824,0,0,-1.166468379665092,1,0.0,1,-0.04392124115704617,0,0,0,0,0,0,0,1,0,0,0,1,0,1,0,0,0,0,0,0,1
0,2.235112188621971,0,0,-0.5147099884285381,1,0.0,1,0.5444262131247033,0,0,1,0,0,0,0,0,0,0,0,0,0,0,0,1,0,1,0,1,2
0,-0.4474048350192824,1,1,0.4221926989740083,1,0.0,1,0.9133898708946138,0,1,1,0,0,0,0,0,0,1,0,0,0,0,0,1,0,0,0,2,2
0,-0.4474048350192824,0,0,-1.0442636813082382,1,1.0,0,-1.4898598999850743,0,0,0,1,1,0,1,0,1,0,1,0,1,0,1,0,0,0,1,0,0
1,2.235112188621971,0,0,-1.2479381785696613,1,0.0,1,0.2502524859838284,0,1,1,0,0,0,0,0,0,0,0,0,0,0,0,0,0,0,1,0,2
1,2.235112188621971,1,0,0.7480718945922853,1,0.0,1,0.9549398323551893,0,1,1,0,0,1,0,0,0,1,0,0,0,1,0,0,0,0,0,2,2
1,-0.4474048350192824,0,0,-1.288673078021946,1,0.0,1,-1.521437870695112,0,0,0,1,1,0,1,0,1,0,1,0,1,0,1,0,0,0,1,0,0
0,2.235112188621971,0,0,0.13704840280801595,1,0.0,1,0.32670441507128767,0,1,1,0,0,0,0,0,0,0,0,0,0,0,0,0,0,0,0,2,2
1,-0.4474048350192824,0,0,-0.9220589829513843,1,0.0,1,0.16382856614583144,0,0,1,0,0,0,0,0,0,0,0,0,0,0,0,0,0,1,0,0,1
1,-0.4474048350192824,1,0,-0.7998542845945305,1,1.0,1,0.34000040273867155,0,1,0,0,0,0,0,0,0,1,0,0,0,1,0,1,0,0,1,1,2
0,2.235112188621971,1,0,1.5220349841856933,1,2.0,1,1.308945503999293,0,1,1,0,0,0,0,1,0,0,0,1,0,1,0,1,0,0,0,2,2
0,-0.4474048350192824,0,0,-0.10736099390569181,1,1.0,1,0.9748838138562659,0,0,1,0,0,0,0,0,0,0,0,1,0,1,0,1,0,0,0,2,2
1,2.235112188621971,1,0,1.4813000847334086,0,1.0,1,-1.1724181944262775,1,0,0,0,0,0,0,0,0,1,0,0,0,0,0,0,1,0,0,2,0
1,-0.4474048350192824,0,0,-1.2072032791173766,1,0.0,0,-0.4876748295559928,0,1,0,0,0,0,0,0,0,0,0,0,0,0,0,0,0,0,0,0,1
0,-0.4474048350192824,0,0,-1.0035287818559535,1,0.0,0,0.0325306879304127,0,0,0,0,0,1,0,0,0,0,0,1,0,0,0,1,0,0,0,0,1
1,2.235112188621971,1,0,-0.5961797873331073,1,0.0,0,0.44803030253616793,0,0,1,0,0,0,0,0,0,0,0,0,0,0,0,1,0,1,0,1,2
1,-0.4474048350192824,0,0,-1.288673078021946,0,0.0,1,-1.3519140279359636,1,0,0,0,0,0,0,0,0,0,0,0,0,0,0,0,0,1,0,0,0
1,-0.4474048350192824,0,0,-0.2295656922625457,1,1.0,0,0.5527362054168184,0,0,0,0,0,1,0,0,0,1,0,1,0,1,0,1,0,1,0,2,2
0,-0.4474048350192824,1,1,0.5036624978785775,1,2.0,1,0.5294682269988961,0,0,0,0,0,1,0,0,0,1,0,1,0,1,0,1,0,0,1,2,2
1,-0.4474048350192824,0,0,-0.10736099390569181,1,1.0,0,-1.5081418830277276,0,0,0,1,1,0,1,0,1,0,1,0,1,0,1,0,0,0,1,2,0
0,-0.4474048350192824,0,0,-1.288673078021946,1,0.0,1,0.5610461977089336,0,0,1,0,0,0,0,0,0,0,0,0,0,0,0,1,0,1,0,0,2
1,-0.4474048350192824,0,0,-1.2479381785696613,1,0.0,1,0.6840340836322372,0,1,1,0,0,0,0,0,0,0,0,0,0,1,0,0,0,1,0,0,2
1,-0.4474048350192824,1,1,0.05557860390344668,1,1.0,1,0.4613262902035523,0,0,1,0,0,0,0,0,0,0,0,0,0,0,0,1,0,0,0,2,2
0,-0.4474048350192824,0,0,-1.2072032791173766,1,0.0,1,0.3333524089049794,0,1,1,0,0,0,0,0,0,0,0,0,0,0,0,0,1,0,0,0,2
1,-0.4474048350192824,1,1,1.0332161907582778,1,2.0,0,0.5793281807515867,0,1,1,0,0,0,0,0,0,0,0,0,0,1,0,0,0,0,0,2,2
1,-0.4474048350192824,0,0,-1.288673078021946,1,0.0,1,-0.3115029929631524,0,0,0,0,0,0,0,0,0,0,0,0,0,0,0,1,0,0,1,0,1
0,-0.4474048350192824,1,0,1.5627698836379778,1,1.0,0,1.0164337753168413,0,1,1,0,0,1,0,1,0,0,0,0,0,1,0,0,0,0,1,2,2
0,2.235112188621971,0,0,-1.288673078021946,1,0.0,1,0.16216656768740853,0,0,1,0,0,0,0,0,0,0,0,0,0,0,0,0,0,1,0,0,1
0,-0.4474048350192824,1,1,-0.3517703906193996,1,2.0,1,-1.5081418830277276,0,0,0,1,1,0,1,0,1,0,1,0,1,0,1,0,0,0,1,1,0
0,-0.4474048350192824,0,0,0.05557860390344668,1,0.0,1,1.486779339050556,0,1,1,0,0,1,0,1,0,1,0,0,0,1,0,1,0,0,1,2,2
0,-0.4474048350192824,1,1,0.5851322967831468,1,2.0,0,-1.5064798845693046,0,0,0,1,1,0,1,0,1,0,1,0,1,0,1,0,0,0,1,2,0
1,-0.4474048350192824,0,0,-0.3517703906193996,1,0.0,0,-0.15361313941296545,0,0,0,0,0,1,0,1,0,0,0,1,0,0,0,0,0,0,0,1,1
0,-0.4474048350192824,1,0,0.992481291305993,1,1.0,1,1.4734833513831722,0,1,1,0,0,0,0,1,0,1,0,1,0,1,0,1,0,0,0,2,2
0,-0.4474048350192824,0,0,-1.1257334802128074,1,0.0,1,0.4962282578304356,0,0,1,0,0,0,0,0,0,0,0,0,0,0,0,1,0,1,0,0,2
0,-0.4474048350192824,1,0,1.5627698836379778,1,2.0,0,0.8053599710971174,0,1,0,0,0,1,0,1,0,1,0,1,0,1,0,1,1,0,0,2,2
1,-0.4474048350192824,1,0,1.0739510902105622,1,1.0,1,1.1444076566154138,0,1,1,0,0,0,0,0,0,1,0,0,0,1,0,1,0,0,0,2,2
0,-0.4474048350192824,0,0,-1.0849985807605227,0,0.0,0,-1.1840521836352385,1,0,0,0,0,1,0,0,0,0,0,0,0,0,0,0,0,0,0,0,0
1,-0.4474048350192824,1,0,0.2999880006171544,1,0.0,1,1.2042396011186425,0,1,1,0,0,0,0,1,0,0,0,0,0,1,0,1,0,1,0,2,2
1,-0.4474048350192824,1,1,1.0332161907582778,1,2.0,0,0.9732218153978425,0,1,1,0,0,0,0,0,0,1,0,1,0,0,0,1,0,0,0,2,2
0,-0.4474048350192824,1,1,1.6035047830902625,1,2.0,0,0.05579866634833509,0,1,0,0,0,1,0,1,0,0,0,1,0,0,0,0,1,0,0,2,1
1,-0.4474048350192824,0,1,-1.2072032791173766,1,0.0,1,-0.3447429621316129,0,0,0,0,0,0,0,0,0,0,0,0,0,1,0,0,1,0,0,0,1
1,-0.4474048350192824,1,1,0.2999880006171544,1,0.0,1,0.5361162208325883,0,1,1,0,0,0,0,0,0,1,0,0,0,0,0,0,0,1,0,2,2
0,2.235112188621971,0,0,-0.6776495862376766,1,0.0,1,1.0330537599010716,0,1,1,0,0,0,0,0,0,0,0,0,0,1,0,1,0,1,0,1,2
0,-0.4474048350192824,1,1,-1.166468379665092,1,0.0,1,0.45966429174512935,0,0,1,0,0,0,0,0,0,0,0,0,0,1,0,0,0,0,1,0,2
0,-0.4474048350192824,1,0,0.5443973973308622,1,1.0,0,0.1837725476469075,0,0,0,0,0,1,0,1,0,0,0,1,0,0,0,1,0,0,1,2,2
0,-0.4474048350192824,0,0,-1.1257334802128074,1,0.0,0,0.5028762516641279,0,0,1,0,0,0,0,0,0,0,0,0,0,1,0,0,0,1,0,0,2
1,-0.4474048350192824,0,0,-1.2072032791173766,1,0.0,1,-1.4815499076929592,0,0,0,1,1,0,1,0,1,0,1,0,1,0,1,0,0,1,0,0,0
1,-0.4474048350192824,0,0,-1.288673078021946,1,0.0,0,-1.5048178861108816,0,0,0,1,1,0,1,0,1,0,1,0,1,0,1,0,0,0,1,0,0
0,-0.4474048350192824,0,0,-0.18883079281026105,0,0.0,1,-0.9746403778739379,1,0,0,0,0,0,0,0,0,1,0,1,0,0,0,0,0,0,1,2,1
1,-0.4474048350192824,0,1,-0.2295656922625457,1,0.0,0,-1.5264238660703808,0,0,0,1,1,0,1,0,1,0,1,0,1,0,1,0,0,0,1,2,0
1,-0.4474048350192824,0,0,-0.3517703906193996,1,0.0,1,0.8136699633892326,0,0,1,0,0,0,0,1,0,1,0,0,0,0,0,1,0,1,0,1,2
0,-0.4474048350192824,1,1,0.8702765929491392,1,2.0,1,-1.4865359030682284,0,0,0,1,1,0,1,0,1,0,1,0,1,0,1,0,0,0,0,2,0
1,-0.4474048350192824,0,0,-0.10736099390569181,1,1.0,0,0.8419239371824242,0,1,1,0,0,1,0,1,0,1,0,0,0,0,0,0,0,0,0,2,2
0,-0.4474048350192824,0,0,0.05557860390344668,1,0.0,1,0.2951264443612502,0,0,1,0,0,0,0,1,0,0,0,0,0,0,0,0,1,0,0,2,2
1,-0.4474048350192824,0,1,-1.288673078021946,1,0.0,0,-0.7004106322341395,0,0,0,0,0,0,0,0,0,0,0,0,0,0,0,0,0,1,0,0,1
0,-0.4474048350192824,1,0,1.6035047830902625,1,2.0,0,1.6646131741018195,0,1,1,0,0,1,0,1,0,1,0,1,0,1,0,1,0,1,0,2,2
0,-0.4474048350192824,1,0,-0.7591193851422458,1,1.0,0,1.3588054577519837,0,0,1,0,0,1,0,1,0,0,0,1,0,1,0,1,0,0,1,1,2
1,-0.4474048350192824,0,0,0.7073369951400007,1,2.0,0,0.14720858156160124,0,1,0,0,0,0,0,0,0,1,0,1,0,0,0,1,0,0,0,2,1
0,-0.4474048350192824,0,0,1.3998302858288394,1,2.0,1,-1.2954060803495808,0,1,0,1,1,0,1,0,1,0,1,0,1,0,1,0,0,0,1,2,0
0,-0.4474048350192824,1,1,0.7073369951400007,1,1.0,0,1.2624095471634482,0,0,1,0,0,0,0,0,0,1,0,1,0,1,0,1,0,0,1,2,2
0,-0.4474048350192824,1,0,1.6035047830902625,0,2.0,0,0.014248704887759566,1,0,0,0,0,1,0,1,0,1,0,1,0,1,0,1,0,0,0,2,1
1,-0.4474048350192824,1,1,0.2592531011648698,0,1.0,1,-1.3236600541427723,1,0,0,0,0,0,0,0,0,0,0,0,0,0,0,0,1,0,0,2,0
0,-0.4474048350192824,0,1,0.6258671962354314,1,2.0,1,1.0114477799415722,0,0,1,0,0,0,0,1,0,1,0,1,0,1,0,0,0,0,1,2,2
1,-0.4474048350192824,0,0,-0.9220589829513843,1,0.0,1,0.6973300712996211,0,1,1,0,0,0,0,0,0,0,0,0,0,1,0,0,0,0,0,0,2
1,-0.4474048350192824,0,0,-1.288673078021946,1,0.0,0,-1.4765639123176904,0,0,0,1,1,0,1,0,1,0,1,0,1,0,1,0,0,1,0,0,0
0,-0.4474048350192824,1,1,1.6035047830902625,1,2.0,1,1.7211211216882019,0,1,1,0,0,1,0,1,0,1,0,1,0,1,0,1,0,0,0,2,2
0,-0.4474048350192824,0,0,1.5220349841856933,1,1.0,1,0.836937941807155,0,1,1,0,0,0,0,1,0,1,0,1,0,0,0,0,0,0,0,2,2
0,-0.4474048350192824,1,1,1.6035047830902625,1,2.0,1,0.8402619387240008,0,1,1,0,0,1,0,1,0,0,0,1,0,0,0,0,0,0,0,2,2
1,-0.4474048350192824,0,0,-0.39250529007168417,1,0.0,1,0.8485719310161158,0,1,1,0,0,0,0,0,0,0,0,1,0,1,0,0,0,1,0,1,2
0,2.235112188621971,0,0,-0.7998542845945305,1,0.0,1,0.5627081961673565,0,1,1,0,0,0,0,0,0,0,0,0,0,0,0,1,0,1,0,1,2
0,-0.4474048350192824,0,0,-1.2479381785696613,1,0.0,1,0.8751639063508846,0,1,1,0,0,0,0,0,0,1,0,0,0,1,0,0,0,1,0,0,2
1,-0.4474048350192824,1,0,-0.636914686785392,0,0.0,0,-1.0195143362513595,1,0,0,0,0,1,0,0,0,1,0,0,0,0,0,0,0,0,1,1,0
1,-0.4474048350192824,0,0,0.9517463918537085,1,2.0,1,-1.30039207572485,0,1,0,1,1,0,1,0,1,0,1,0,1,0,1,0,0,0,0,2,0
0,-0.4474048350192824,0,1,-0.9627938824036689,1,0.0,0,0.9283478570204211,0,0,1,0,0,1,0,0,0,1,0,1,0,0,0,1,0,0,0,0,2
1,-0.4474048350192824,1,0,0.09631350335573131,1,0.0,1,0.33667640582182573,0,1,1,0,0,0,0,0,0,0,0,0,0,0,0,0,0,1,0,2,2
1,-0.4474048350192824,0,0,-1.288673078021946,1,0.0,1,0.6491321160053534,0,0,1,0,0,1,0,0,0,0,0,0,0,0,0,1,0,0,1,0,2
1,2.235112188621971,0,0,-1.0035287818559535,1,0.0,1,0.15385657539529343,0,0,1,0,0,0,0,0,0,0,0,0,0,0,0,0,0,1,0,0,1
1,-0.4474048350192824,0,0,-1.166468379665092,1,0.0,1,0.23695649831644447,0,1,1,0,0,0,0,0,0,0,0,0,0,0,0,0,0,0,0,0,2
1,-0.4474048350192824,1,1,-0.2295656922625457,1,0.0,1,0.6690760975064299,0,1,1,0,0,0,0,1,0,0,0,1,0,0,0,0,1,0,0,2,2
1,2.235112188621971,0,0,0.34072290006943906,1,0.0,1,1.1078436905301074,0,1,1,0,0,0,0,0,0,1,0,0,0,1,0,1,0,1,0,2,2
1,-0.4474048350192824,1,1,-1.166468379665092,0,0.0,0,-0.8815684642022488,1,0,0,0,0,1,0,0,0,0,0,0,0,1,0,0,1,0,0,0,1
1,-0.4474048350192824,0,0,-0.7998542845945305,1,1.0,1,-1.4998318907356125,0,0,0,1,1,0,1,0,1,0,1,0,1,0,1,0,0,0,1,1,0
0,-0.4474048350192824,1,1,-0.31103549116711493,1,0.0,1,0.7987119772634252,0,1,1,0,0,0,0,0,0,1,0,0,0,0,0,1,0,1,0,2,2
1,-0.4474048350192824,0,0,-0.5961797873331073,1,0.0,0,-0.3281229775473827,0,0,0,0,0,0,0,0,0,1,0,1,0,0,0,0,1,0,0,1,1
1,2.235112188621971,0,0,-0.47397508897625346,1,0.0,1,1.3056215070824466,0,1,1,0,0,0,0,1,0,1,0,0,0,1,0,1,0,1,0,1,2
0,-0.4474048350192824,0,0,-1.288673078021946,1,0.0,1,1.014771776858418,0,0,1,0,0,1,0,0,0,0,0,0,0,1,0,1,0,1,0,0,2
0,-0.4474048350192824,1,1,-1.288673078021946,1,0.0,1,-1.53140986144565,0,0,0,1,1,0,1,0,1,0,1,0,1,0,1,0,0,0,1,0,0
0,-0.4474048350192824,0,0,-1.288673078021946,1,0.0,0,-0.6355926923556415,0,0,0,0,0,0,0,0,0,0,0,0,0,0,0,0,0,0,1,0,1
0,-0.4474048350192824,1,1,1.5220349841856933,1,1.0,0,0.0042767141372215345,0,1,0,0,0,1,0,0,0,0,0,0,0,0,0,1,0,0,0,2,1
0,-0.4474048350192824,0,0,0.34072290006943906,1,0.0,0,1.096209701321146,0,1,1,0,0,0,0,0,0,1,0,0,0,1,0,1,0,0,0,2,2
0,2.235112188621971,0,0,-1.288673078021946,1,0.0,1,0.1688145615211007,0,0,1,0,0,0,0,0,0,0,0,0,0,0,0,0,0,1,0,0,2
1,2.235112188621971,0,0,-1.288673078021946,1,0.0,1,0.16549056460425438,0,0,1,0,0,0,0,0,0,0,0,0,0,0,0,0,0,1,0,0,2
0,-0.4474048350192824,0,0,-1.288673078021946,1,0.0,0,-1.5064798845693046,0,0,0,1,1,0,1,0,1,0,1,0,1,0,1,0,0,0,1,0,0
0,-0.4474048350192824,0,0,-0.9627938824036689,1,0.0,1,-0.18519111012300293,0,0,0,0,0,0,0,0,0,0,0,1,0,1,0,0,0,0,0,0,1
1,-0.4474048350192824,0,0,-1.2479381785696613,1,0.0,0,-0.6389166892724876,0,0,0,0,0,0,0,0,0,0,0,0,0,0,0,0,0,0,1,0,1
1,2.235112188621971,0,0,0.7480718945922853,1,1.0,1,0.9615878261888815,0,0,1,0,0,0,0,0,0,1,0,0,0,1,0,1,0,0,0,2,2
1,-0.4474048350192824,1,1,1.31836048692427,1,2.0,0,0.9798698092315347,0,1,1,0,0,1,0,1,0,1,0,1,0,0,0,0,1,0,0,2,2
0,-0.4474048350192824,1,1,1.2776255874719855,1,1.0,0,-1.5048178861108816,0,0,0,1,1,0,1,0,1,0,1,0,1,0,1,0,0,0,0,2,0
0,-0.4474048350192824,0,0,-1.288673078021946,0,0.0,0,-1.3236600541427723,1,0,0,0,0,0,0,0,0,0,0,0,0,0,0,0,0,1,0,0,0
1,-0.4474048350192824,0,0,0.992481291305993,0,0.0,1,-0.37632093284165036,1,0,0,0,0,1,0,0,0,1,0,0,0,1,0,1,0,1,0,2,1
0,-0.4474048350192824,0,0,-1.2072032791173766,0,0.0,0,-0.992922360916591,1,0,0,0,0,0,0,0,0,0,0,0,0,1,0,0,1,0,0,0,1
1,-0.4474048350192824,0,0,-0.6776495862376766,0,2.0,0,-0.33975696675634387,1,0,0,0,0,1,0,1,0,1,0,1,0,1,0,0,0,0,1,1,1
1,-0.4474048350192824,1,1,-0.7183844856899612,1,0.0,1,0.14720858156160124,0,0,0,0,0,0,0,1,0,1,0,1,0,0,0,1,0,0,1,1,1
0,-0.4474048350192824,0,0,1.1554208891151316,0,1.0,0,-0.7103826229846775,1,0,0,0,0,1,0,1,0,1,0,1,0,0,0,0,1,0,0,2,1
0,-0.4474048350192824,0,0,0.3814577995217237,1,1.0,1,-1.4765639123176904,0,0,0,1,1,0,1,0,1,0,1,0,1,0,1,0,0,0,1,2,0
1,-0.4474048350192824,0,0,-1.0849985807605227,1,0.0,1,0.32670441507128767,0,1,1,0,0,0,0,0,0,0,0,0,0,0,0,0,0,1,0,0,2
0,-0.4474048350192824,1,1,0.2592531011648698,1,1.0,1,-1.3585620217696557,0,1,0,1,1,0,1,0,1,0,1,0,1,0,1,0,0,0,1,2,0
0,2.235112188621971,1,0,0.4221926989740083,0,0.0,0,-0.3164889883384217,1,0,0,0,0,0,0,1,0,1,0,0,0,1,0,1,1,0,0,2,1
1,-0.4474048350192824,1,1,1.4405651852811239,1,2.0,1,1.5000753267179403,0,1,1,0,0,1,0,1,0,1,0,0,0,1,0,1,0,1,0,2,2
1,-0.4474048350192824,1,1,-0.7998542845945305,1,0.0,0,-0.6738186568993711,0,0,0,0,0,0,0,0,0,0,0,0,0,0,0,0,0,0,0,1,1
1,-0.4474048350192824,1,0,0.09631350335573131,1,0.0,1,0.8784879032677304,0,1,1,0,0,0,0,0,0,0,0,1,0,1,0,0,1,0,0,2,2
1,-0.4474048350192824,1,1,0.05557860390344668,1,0.0,1,0.6308501329627002,0,0,1,0,0,0,0,0,0,1,0,0,0,1,0,0,0,0,1,2,2
0,-0.4474048350192824,0,0,-1.166468379665092,0,0.0,0,-0.5591407632681826,1,0,0,0,0,1,0,0,0,1,0,1,0,0,0,1,0,0,1,0,1
0,-0.4474048350192824,1,0,0.014843704451162058,1,0.0,1,1.30728350554087,0,1,1,0,0,0,0,1,0,1,0,0,0,1,0,1,0,1,0,2,2
0,-0.4474048350192824,1,0,1.6035047830902625,1,2.0,1,1.5083853190100556,0,1,1,0,0,0,0,1,0,1,0,1,0,1,0,1,0,0,0,2,2
1,-0.4474048350192824,1,0,0.46292759842629294,1,1.0,1,-0.17355712091404174,0,0,0,0,0,1,0,1,0,0,0,1,0,0,0,0,0,0,0,2,1
1,2.235112188621971,0,0,1.3998302858288394,1,2.0,0,-1.3286460495180412,0,1,0,1,1,0,1,0,1,0,1,0,1,0,1,0,1,0,0,2,0
0,-0.4474048350192824,0,0,-0.4332401895239688,1,1.0,1,-1.523099869153535,0,0,0,1,1,0,1,0,1,0,1,0,1,0,1,0,0,0,1,1,0
1,-0.4474048350192824,0,0,-1.2072032791173766,1,0.0,1,0.7737820003870799,0,0,1,0,0,0,0,0,0,1,0,1,0,1,0,0,0,0,1,0,2
0,-0.4474048350192824,0,0,-1.288673078021946,1,0.0,1,-0.657198672315141,0,0,0,0,0,0,0,0,0,0,0,0,0,0,0,0,0,0,1,0,1
0,-0.4474048350192824,0,0,-1.2072032791173766,1,0.0,1,1.0480117460268783,0,1,1,0,0,0,0,0,0,0,0,0,0,1,0,1,0,1,0,0,2
0,-0.4474048350192824,1,1,0.05557860390344668,1,2.0,0,0.6541181113806226,0,0,0,0,0,1,0,1,0,1,0,1,0,1,0,1,0,0,1,2,2
1,-0.4474048350192824,1,1,-0.4332401895239688,1,0.0,0,0.33002841198813354,0,0,1,0,0,1,0,0,0,0,0,0,0,0,0,0,0,0,0,1,2
1,-0.4474048350192824,0,1,-0.7998542845945305,1,0.0,1,-0.43116688196961,0,0,0,0,0,1,0,0,0,0,0,0,0,0,0,0,1,0,0,1,1
0,-0.4474048350192824,1,1,-0.3517703906193996,1,1.0,0,0.6009341607110862,0,1,1,0,0,0,0,1,0,1,0,0,0,0,0,0,0,0,0,1,2
0,-0.4474048350192824,0,0,-0.7183844856899612,1,0.0,0,-0.5391967817671064,0,1,0,0,0,0,0,0,0,0,0,0,0,0,0,0,0,0,1,1,1
0,-0.4474048350192824,1,1,1.6035047830902625,1,2.0,1,1.5964712373064753,0,1,1,0,0,1,0,1,0,1,0,1,0,1,0,1,0,0,0,2,2
1,-0.4474048350192824,0,1,0.2592531011648698,1,2.0,0,-1.3319700464348874,0,1,0,1,1,0,1,0,1,0,1,0,1,0,1,0,0,0,1,2,0
1,-0.4474048350192824,1,0,0.9110114924014238,1,2.0,0,-1.308702068016965,0,1,0,1,1,0,1,0,1,0,1,0,1,0,1,0,0,0,0,2,0
1,-0.4474048350192824,0,0,-0.9220589829513843,1,1.0,0,-1.4865359030682284,0,0,0,1,1,0,1,0,1,0,1,0,1,0,1,0,0,0,1,0,0
1,-0.4474048350192824,1,0,0.4221926989740083,1,0.0,1,0.698992069758044,0,0,1,0,0,1,0,1,0,1,0,0,0,0,0,0,1,0,0,2,2
1,-0.4474048350192824,0,0,-0.6776495862376766,1,0.0,0,-1.5064798845693046,0,0,0,1,1,0,1,0,1,0,1,0,1,0,1,0,1,0,0,1,0
0,-0.4474048350192824,1,1,1.4405651852811239,1,2.0,1,0.6624281036727377,0,0,0,0,0,1,0,1,0,1,0,1,0,1,0,1,1,0,0,2,2
1,-0.4474048350192824,1,1,1.5220349841856933,0,1.0,0,-0.15693713632981154,1,0,0,0,0,0,0,1,0,1,0,1,0,1,0,1,0,1,0,2,1
1,-0.4474048350192824,1,1,0.8295416934968546,1,0.0,1,0.9133898708946138,0,0,1,0,0,0,0,1,0,0,0,1,0,1,0,0,0,1,0,2,2
0,-0.4474048350192824,1,1,0.09631350335573131,1,2.0,1,-1.5031558876524584,0,0,0,1,1,0,1,0,1,0,1,0,1,0,1,0,0,0,1,2,0
0,-0.4474048350192824,1,0,0.992481291305993,1,2.0,1,0.1754625553547924,0,0,0,0,0,1,0,1,0,0,0,1,0,1,0,0,1,0,0,2,2
1,-0.4474048350192824,0,1,0.7073369951400007,0,1.0,1,-0.7319886029441769,1,0,0,0,0,1,0,1,0,0,0,0,0,1,0,0,0,0,0,2,1
0,2.235112188621971,0,0,-0.7998542845945305,1,0.0,1,0.9964897938157649,0,1,1,0,0,0,0,0,0,0,0,0,0,1,0,1,0,1,0,1,2
0,-0.4474048350192824,0,1,-1.0442636813082382,1,1.0,0,-1.4965078938187666,0,0,0,1,1,0,1,0,1,0,1,0,1,0,1,0,0,0,1,0,0
1,-0.4474048350192824,0,0,-1.166468379665092,1,0.0,1,-0.2882350145452303,0,0,0,0,0,0,0,0,0,0,0,0,0,1,0,0,0,1,0,0,1
0,-0.4474048350192824,0,0,-0.3517703906193996,1,0.0,0,-0.2898970130036532,0,0,0,0,0,1,0,0,0,0,0,1,0,0,0,0,1,0,0,1,1
0,-0.4474048350192824,0,0,-0.4332401895239688,0,0.0,1,-0.48933682801441575,1,0,0,0,0,0,0,1,0,0,0,0,0,1,0,1,0,1,0,1,1
1,2.235112188621971,0,0,-1.2072032791173766,1,0.0,1,0.541102216207857,0,1,1,0,0,0,0,1,0,0,0,0,0,0,0,0,0,1,0,0,2
1,2.235112188621971,0,0,0.9110114924014238,0,1.0,1,-0.499308818764954,1,0,0,0,0,0,0,0,0,1,0,0,0,1,0,1,0,0,0,2,1
0,-0.4474048350192824,1,1,-0.5147099884285381,1,0.0,0,-1.4981698922771896,0,0,0,1,1,0,1,0,1,0,1,0,1,0,1,0,0,1,0,1,0
1,-0.4474048350192824,1,1,-0.5961797873331073,1,1.0,0,-1.4965078938187666,0,0,0,1,1,0,1,0,1,0,1,0,1,0,1,0,0,0,0,1,0
1,-0.4474048350192824,0,0,-1.2479381785696613,0,0.0,1,-1.3303080479764644,1,0,0,0,0,0,0,0,0,0,0,0,0,0,0,0,0,1,0,0,0
0,-0.4474048350192824,1,0,1.0739510902105622,1,0.0,0,0.9399818462293821,0,1,1,0,0,0,0,0,0,1,0,1,0,1,0,0,0,1,0,2,2
1,-0.4474048350192824,1,1,-0.2703005917148303,1,2.0,1,-1.5264238660703808,0,0,0,1,1,0,1,0,1,0,1,0,1,0,1,0,1,0,0,2,0
1,-0.4474048350192824,1,0,-1.0035287818559535,1,0.0,1,-1.5131278784029967,0,0,0,1,1,0,1,0,1,0,1,0,1,0,1,0,0,0,0,0,0
1,-0.4474048350192824,1,0,1.6035047830902625,0,2.0,0,-0.7635665736542142,1,0,0,0,0,1,0,1,0,1,0,0,0,0,0,0,0,0,0,2,1
1,-0.4474048350192824,1,0,1.5627698836379778,1,2.0,0,0.2801684582354429,0,1,0,0,0,1,0,1,0,0,0,1,0,1,0,0,1,0,0,2,2
0,-0.4474048350192824,1,1,1.6035047830902625,1,2.0,1,0.17878655227163873,0,1,0,0,0,1,0,1,0,1,0,1,0,0,0,0,0,0,0,2,2
1,-0.4474048350192824,0,0,0.992481291305993,1,2.0,0,-1.4765639123176904,0,0,0,1,1,0,1,0,1,0,1,0,1,0,1,0,0,0,0,2,0
0,-0.4474048350192824,1,1,1.6035047830902625,1,1.0,1,-1.3884779940212701,0,1,0,1,1,0,1,0,1,0,1,0,1,0,1,0,0,0,0,2,0
0,-0.4474048350192824,1,1,-0.06662609445340718,1,1.0,1,0.5344542223741653,0,0,0,0,0,1,0,0,0,1,0,1,0,1,0,1,0,0,1,2,2
0,-0.4474048350192824,1,1,0.992481291305993,1,2.0,0,-1.5147898768614196,0,0,0,1,1,0,1,0,1,0,1,0,1,0,1,0,0,0,0,2,0
1,2.235112188621971,0,0,0.014843704451162058,1,1.0,1,-1.3352940433517335,0,1,0,1,1,0,1,0,1,0,1,0,1,0,1,0,0,0,0,2,0
0,-0.4474048350192824,0,1,-1.2479381785696613,1,0.0,1,-0.12868316253662013,0,0,0,0,0,1,0,0,0,0,0,0,0,0,0,1,1,0,0,0,1
0,-0.4474048350192824,0,0,-1.0442636813082382,1,0.0,1,0.4845942686214747,0,1,1,0,0,1,0,0,0,0,0,0,0,0,0,0,0,0,1,0,2
0,-0.4474048350192824,0,0,-0.39250529007168417,1,0.0,0,-0.3547149528821511,0,1,0,0,0,1,0,0,0,0,0,0,0,0,0,0,0,1,0,1,1
0,-0.4474048350192824,0,0,1.1554208891151316,1,1.0,0,-1.5164518753198426,0,0,0,1,1,0,1,0,1,0,1,0,1,0,1,0,0,0,0,2,0
0,-0.4474048350192824,1,0,0.34072290006943906,1,2.0,0,-1.4765639123176904,0,0,0,1,1,0,1,0,1,0,1,0,1,0,1,0,1,0,0,2,0
1,-0.4474048350192824,0,0,0.7888067940445699,1,1.0,1,1.327227487041946,0,0,1,0,0,0,0,1,0,1,0,1,0,1,0,1,0,0,0,2,2
1,-0.4474048350192824,0,0,-0.8813240834990996,1,0.0,1,0.142222586186332,0,0,0,0,0,0,0,0,0,1,0,0,0,1,0,1,0,1,0,0,1
0,-0.4474048350192824,1,1,-1.288673078021946,1,0.0,1,-1.4815499076929592,0,0,0,1,1,0,1,0,1,0,1,0,1,0,1,0,0,0,1,0,0
1,-0.4474048350192824,1,1,0.7888067940445699,1,2.0,1,1.0363777568179176,0,1,1,0,0,0,0,0,0,1,0,1,0,0,0,1,0,0,0,2,2
0,-0.4474048350192824,1,0,1.5627698836379778,1,2.0,1,-1.3569000233112327,0,1,0,1,1,0,1,0,1,0,1,0,1,0,1,0,1,0,0,2,0
1,-0.4474048350192824,0,0,-1.2479381785696613,1,0.0,1,0.17380055689636947,0,0,1,0,0,0,0,0,0,0,0,0,0,0,0,0,0,1,0,0,2
0,-0.4474048350192824,1,0,1.5220349841856933,0,2.0,0,-0.017329265822277926,1,0,0,0,0,1,0,1,0,1,0,1,0,1,0,1,0,0,0,2,1
1,-0.4474048350192824,1,0,-1.288673078021946,0,0.0,1,-1.383491998646001,1,0,0,0,0,0,0,0,0,0,0,0,0,0,0,0,0,1,0,0,0
0,-0.4474048350192824,0,0,1.4405651852811239,0,2.0,0,-0.023977259655970105,1,0,0,0,0,1,0,1,0,1,0,1,0,1,0,1,1,0,0,2,1
1,-0.4474048350192824,1,1,0.05557860390344668,0,1.0,0,-1.1524742129252012,1,0,0,0,0,1,0,0,0,0,0,0,0,0,0,0,0,0,0,2,0
1,-0.4474048350192824,1,1,0.09631350335573131,1,2.0,0,-1.31701206030908,0,1,0,1,1,0,1,0,1,0,1,0,1,0,1,0,0,0,0,2,0
1,-0.4474048350192824,1,1,1.6035047830902625,1,2.0,1,1.3239034901251003,0,0,1,0,0,1,0,0,0,1,0,1,0,1,0,1,1,0,0,2,2
1,-0.4474048350192824,1,1,0.5443973973308622,1,1.0,1,-1.4915218984434973,0,0,0,1,1,0,1,0,1,0,1,0,1,0,1,0,0,0,0,2,0
1,-0.4474048350192824,0,0,1.6035047830902625,0,2.0,1,0.01757270180460542,1,0,0,0,0,1,0,1,0,1,0,1,0,1,0,1,0,0,0,2,1
1,-0.4474048350192824,0,0,0.6258671962354314,1,1.0,1,0.19540653685586895,0,1,0,0,0,1,0,0,0,0,0,1,0,0,0,1,0,0,0,2,2
1,-0.4474048350192824,1,0,1.5627698836379778,1,1.0,1,1.3504954654598684,0,1,1,0,0,0,0,1,0,1,0,0,0,1,0,1,0,0,0,2,2
1,-0.4474048350192824,0,0,-1.2072032791173766,1,0.0,1,0.8236419541397706,0,0,1,0,0,0,0,0,0,1,0,1,0,1,0,0,0,0,1,0,2
0,-0.4474048350192824,0,0,0.09631350335573131,1,2.0,0,-1.3884779940212701,0,1,0,1,1,0,1,0,1,0,1,0,1,0,1,0,0,0,0,2,0
0,-0.4474048350192824,0,0,0.13704840280801595,1,1.0,1,0.3483103950307867,0,0,0,0,0,1,0,1,0,1,0,1,0,0,0,1,0,0,1,2,2
1,-0.4474048350192824,1,1,0.7073369951400007,1,2.0,1,0.18044855073006166,0,1,0,0,0,1,0,0,0,0,0,1,0,1,0,0,1,0,0,2,2
0,2.235112188621971,1,0,0.4221926989740083,1,1.0,1,1.4784693467584409,0,1,1,0,0,1,0,0,0,1,0,1,0,1,0,1,0,0,1,2,2
1,2.235112188621971,1,1,0.5443973973308622,1,0.0,1,1.1842956196175665,0,1,1,0,0,1,0,1,0,1,0,0,0,1,0,0,0,1,0,2,2
0,-0.4474048350192824,0,0,-0.5147099884285381,0,0.0,0,-1.3352940433517335,1,0,0,0,0,0,0,0,0,0,0,0,0,0,0,0,1,0,0,1,0
0,-0.4474048350192824,1,1,1.2368906880197008,1,1.0,1,1.149393651990683,0,1,1,0,0,1,0,0,0,0,0,0,0,1,0,1,1,0,0,2,2
1,-0.4474048350192824,0,0,0.21851820171258518,1,1.0,0,0.9948277953573419,0,1,1,0,0,0,0,0,0,1,0,1,0,1,0,0,0,0,0,2,2
0,2.235112188621971,0,0,-0.7998542845945305,1,0.0,1,-0.341418965214767,0,0,0,0,0,0,0,1,0,1,0,0,0,0,0,0,0,1,0,1,1
1,-0.4474048350192824,1,1,0.9517463918537085,1,2.0,1,0.3582823857813247,0,1,0,0,0,1,0,1,0,0,0,1,0,0,0,1,1,0,0,2,2
1,-0.4474048350192824,0,0,-1.0442636813082382,1,0.0,1,0.8070219695555404,0,1,1,0,0,0,0,0,0,1,0,0,0,1,0,0,1,0,0,0,2
0,-0.4474048350192824,0,0,-1.2479381785696613,1,0.0,0,0.5145102408730887,0,0,1,0,0,0,0,0,0,0,0,0,0,0,0,1,0,1,0,0,2
1,-0.4474048350192824,1,1,-1.0035287818559535,1,2.0,0,-1.4931838969019204,0,0,0,1,1,0,1,0,1,0,1,0,1,0,1,0,0,0,1,0,0
0,-0.4474048350192824,0,1,0.6258671962354314,0,0.0,0,-0.6488886800230259,1,0,0,0,0,0,0,1,0,1,0,0,0,0,0,1,1,0,0,2,1
1,-0.4474048350192824,1,0,0.05557860390344668,1,0.0,0,0.7904019849713102,0,1,1,0,0,0,0,1,0,0,0,0,0,0,0,1,0,0,1,2,2
1,-0.4474048350192824,1,0,-0.636914686785392,1,0.0,0,0.835275943348732,0,1,1,0,0,1,0,1,0,1,0,0,0,0,0,0,1,0,0,1,2
0,-0.4474048350192824,0,0,-0.7998542845945305,1,0.0,1,1.0496737444853017,0,1,1,0,0,1,0,1,0,0,0,0,0,1,0,0,0,1,0,1,2
1,-0.4474048350192824,1,1,1.1961557885674161,1,2.0,0,1.6779091617692035,0,1,1,0,0,1,0,1,0,1,0,1,0,1,0,1,0,0,0,2,2
1,-0.4474048350192824,1,0,1.0739510902105622,1,1.0,0,0.04416467713937413,0,0,0,0,0,1,0,1,0,1,0,0,0,1,0,0,1,0,0,2,1
0,-0.4474048350192824,0,0,-1.2479381785696613,1,0.0,1,0.19540653685586895,0,0,1,0,0,0,0,0,0,0,0,0,0,0,0,0,0,1,0,0,2
0,-0.4474048350192824,0,0,-1.2479381785696613,1,0.0,0,-1.5181138737782658,0,0,0,1,1,0,1,0,1,0,1,0,1,0,1,0,0,0,1,0,0
1,-0.4474048350192824,1,1,0.666602095687716,1,0.0,1,0.8419239371824242,0,0,1,0,0,0,0,1,0,1,0,0,0,1,0,0,1,0,0,2,2
1,-0.4474048350192824,0,0,-0.5961797873331073,1,0.0,1,0.8518959279329622,0,1,1,0,0,0,0,0,0,1,0,0,0,0,0,1,1,0,0,1,2
1,-0.4474048350192824,1,1,0.8702765929491392,1,2.0,0,-0.05721722882443029,0,1,0,0,0,0,0,0,0,1,0,0,0,0,0,1,1,0,0,2,1
0,-0.4474048350192824,0,0,0.7073369951400007,0,2.0,0,-0.8433424996585192,1,0,0,0,0,0,0,1,0,1,0,1,0,0,0,0,1,0,0,2,1
1,-0.4474048350192824,0,0,-1.2072032791173766,1,0.0,0,0.6391601252548154,0,0,1,0,0,0,0,1,0,0,0,0,0,0,0,1,0,1,0,0,2
0,-0.4474048350192824,1,0,1.6035047830902625,1,2.0,1,1.4784693467584409,0,1,1,0,0,1,0,1,0,1,0,0,0,1,0,1,0,1,0,2,2
1,-0.4474048350192824,1,1,-1.1257334802128074,1,0.0,1,-0.3115029929631524,0,1,0,0,0,0,0,0,0,0,0,1,0,0,0,0,0,0,1,0,1
1,2.235112188621971,1,0,1.4405651852811239,1,0.0,1,0.5078622470393966,0,1,1,0,0,0,0,0,0,1,0,0,0,0,0,0,1,0,0,2,2
0,2.235112188621971,0,0,-0.9627938824036689,1,0.0,1,0.5244822316236268,0,0,1,0,0,0,0,0,0,0,0,0,0,1,0,0,0,1,0,0,2
1,-0.4474048350192824,0,0,1.6035047830902625,1,1.0,1,1.325565488583523,0,1,1,0,0,0,0,1,0,1,0,0,0,1,0,1,0,1,0,2,2
1,-0.4474048350192824,0,0,-0.10736099390569181,1,0.0,1,1.1743236288670285,0,1,1,0,0,1,0,0,0,0,0,0,0,1,0,1,0,0,0,2,2
0,-0.4474048350192824,1,0,-1.0442636813082382,1,0.0,1,-0.6921006399420243,0,0,0,0,0,0,0,0,0,0,0,0,0,0,0,0,0,0,1,0,1
0,-0.4474048350192824,1,0,-1.0849985807605227,1,0.0,1,-0.5292247910165683,0,0,0,0,0,0,0,0,0,0,0,1,0,0,0,0,0,1,0,0,1
1,-0.4474048350192824,0,0,1.0332161907582778,1,1.0,1,1.2690575409971403,0,1,1,0,0,0,0,1,0,1,0,0,0,1,0,1,0,0,0,2,2
1,-0.4474048350192824,0,1,-1.288673078021946,1,0.0,0,-1.4965078938187666,0,0,0,1,1,0,1,0,1,0,1,0,1,0,1,0,0,0,1,0,0
1,-0.4474048350192824,0,0,0.17778330226030056,0,2.0,1,-0.815088525865328,1,0,0,0,0,1,0,1,0,0,0,1,0,0,0,0,0,0,1,2,1
0,-0.4474048350192824,0,0,-1.288673078021946,1,0.0,0,-1.5014938891940355,0,0,0,1,1,0,1,0,1,0,1,0,1,0,1,0,0,0,1,0,0
0,-0.4474048350192824,1,1,-0.7998542845945305,1,0.0,0,0.7737820003870799,0,0,1,0,0,0,0,0,0,0,0,0,0,1,0,1,0,1,0,1,2
0,2.235112188621971,1,0,0.5851322967831468,1,0.0,0,0.5078622470393966,0,1,1,0,0,1,0,0,0,0,0,0,0,0,0,0,0,1,0,2,2
1,-0.4474048350192824,1,1,1.1961557885674161,1,1.0,1,0.5444262131247033,0,0,1,0,0,1,0,1,0,0,0,0,0,0,0,0,1,0,0,2,2
0,-0.4474048350192824,1,1,0.5443973973308622,1,2.0,0,-1.5181138737782658,0,0,0,1,1,0,1,0,1,0,1,0,1,0,1,0,0,0,1,2,0
1,-0.4474048350192824,0,0,-0.47397508897625346,1,0.0,0,-1.4815499076929592,0,0,0,1,1,0,1,0,1,0,1,0,1,0,1,0,1,0,0,1,0
0,-0.4474048350192824,0,0,-0.5554448878808227,1,0.0,0,-1.5014938891940355,0,0,0,1,1,0,1,0,1,0,1,0,1,0,1,0,0,0,1,1,0
1,-0.4474048350192824,0,0,-0.47397508897625346,1,0.0,0,0.009262709512490313,0,0,0,0,0,1,0,0,0,1,0,0,0,1,0,0,0,0,0,1,1
0,2.235112188621971,1,0,0.46292759842629294,1,0.0,1,0.667414099048007,0,0,1,0,0,1,0,1,0,0,0,1,0,0,0,0,0,1,0,2,2
0,-0.4474048350192824,1,1,0.8295416934968546,1,1.0,1,-1.5031558876524584,0,0,0,1,1,0,1,0,1,0,1,0,1,0,1,0,0,0,0,2,0
1,-0.4474048350192824,1,0,-1.166468379665092,1,0.0,1,1.1676756350333362,0,1,1,0,0,0,0,1,0,0,0,0,0,1,0,1,0,1,0,0,2
1,-0.4474048350192824,0,1,-0.8813240834990996,1,0.0,1,0.4297483194935148,0,1,1,0,0,0,0,0,0,1,0,0,0,0,0,0,0,0,1,0,2
1,-0.4474048350192824,1,0,1.6035047830902625,1,2.0,1,1.1793096242422971,0,1,1,0,0,1,0,1,0,0,0,1,0,0,0,1,0,0,0,2,2
0,-0.4474048350192824,0,0,0.7480718945922853,0,1.0,1,-0.2882350145452303,1,0,0,0,0,0,0,1,0,1,0,0,0,1,0,1,1,0,0,2,1
0,-0.4474048350192824,0,0,-0.840589184046815,1,1.0,0,-1.5081418830277276,0,0,0,1,1,0,1,0,1,0,1,0,1,0,1,0,0,0,1,0,0
1,-0.4474048350192824,0,0,-1.2479381785696613,1,0.0,1,0.2070405260648299,0,0,1,0,0,0,0,0,0,0,0,0,0,0,0,0,1,0,0,0,2
0,-0.4474048350192824,1,1,-0.4332401895239688,1,2.0,0,-1.3236600541427723,0,1,0,1,1,0,1,0,1,0,1,0,1,0,1,0,1,0,0,1,0
0,-0.4474048350192824,0,1,-0.7998542845945305,0,0.0,0,-1.1607842052173163,1,0,0,0,0,0,0,1,0,0,0,0,0,0,0,0,0,1,0,1,0
1,2.235112188621971,1,0,1.1554208891151316,1,0.0,1,0.5676941915426257,0,1,1,0,0,0,0,1,0,0,0,0,0,0,0,0,0,1,0,2,2
1,-0.4474048350192824,0,0,-1.2072032791173766,1,0.0,1,0.446368304077745,0,0,1,0,0,0,0,0,0,0,0,0,0,1,0,0,0,1,0,0,2
0,-0.4474048350192824,0,0,-0.840589184046815,1,0.0,0,-1.5164518753198426,0,0,0,1,1,0,1,0,1,0,1,0,1,0,1,0,0,0,0,0,0
0,-0.4474048350192824,0,0,-1.2479381785696613,1,0.0,1,0.18875854302217676,0,0,0,0,0,1,0,0,0,0,0,0,0,1,0,1,0,1,0,0,2
1,-0.4474048350192824,0,0,-1.288673078021946,1,0.0,1,0.34000040273867155,0,1,1,0,0,0,0,0,0,0,0,0,0,0,0,0,0,1,0,0,2
1,-0.4474048350192824,1,0,1.6035047830902625,1,2.0,1,1.5233433051358627,0,1,1,0,0,1,0,0,0,1,0,1,0,1,0,1,1,0,0,2,2
0,-0.4474048350192824,0,0,-1.1257334802128074,1,0.0,0,-1.4931838969019204,0,0,0,1,1,0,1,0,1,0,1,0,1,0,1,0,0,0,1,0,0
1,-0.4474048350192824,0,1,-1.0849985807605227,1,0.0,0,-1.5081418830277276,0,0,0,1,1,0,1,0,1,0,1,0,1,0,1,0,0,0,1,0,0
0,-0.4474048350192824,1,1,-0.7591193851422458,1,1.0,0,-1.5131278784029967,0,0,0,1,1,0,1,0,1,0,1,0,1,0,1,0,0,0,1,1,0
1,-0.4474048350192824,0,0,-0.840589184046815,1,1.0,0,-1.4965078938187666,0,0,0,1,1,0,1,0,1,0,1,0,1,0,1,0,1,0,0,0,0
1,-0.4474048350192824,1,0,-0.06662609445340718,1,0.0,1,0.04416467713937413,0,0,0,0,0,0,0,0,0,1,0,1,0,0,0,1,1,0,0,2,1
0,-0.4474048350192824,0,0,-1.288673078021946,1,0.0,1,-0.5026328156817998,0,1,0,0,0,0,0,0,0,0,0,0,0,0,0,0,0,0,0,0,1
1,-0.4474048350192824,0,0,0.46292759842629294,1,0.0,1,1.543287286636939,0,1,1,0,0,1,0,1,0,1,0,0,0,1,0,1,0,1,0,2,2
1,-0.4474048350192824,0,0,-0.6776495862376766,1,0.0,1,0.31507042586232625,0,0,1,0,0,0,0,0,0,0,0,1,0,0,0,0,1,0,0,1,2
1,-0.4474048350192824,1,1,-0.39250529007168417,1,1.0,0,-0.26164303921046184,0,0,0,0,0,1,0,0,0,0,0,1,0,0,0,0,1,0,0,1,1
0,-0.4474048350192824,1,1,-0.39250529007168417,1,0.0,0,0.6823720851738138,0,1,1,0,0,0,0,0,0,0,0,0,0,0,0,1,0,1,0,1,2
0,-0.4474048350192824,0,1,-1.288673078021946,1,0.0,1,0.4746222778709362,0,0,1,0,0,0,0,0,0,0,0,0,0,1,0,0,0,1,0,0,2
1,-0.4474048350192824,1,0,0.992481291305993,1,2.0,0,1.4252853960889045,0,1,1,0,0,0,0,0,0,1,0,1,0,1,0,1,0,1,0,2,2
1,-0.4474048350192824,1,1,0.7073369951400007,1,0.0,1,1.2890015224982165,0,1,1,0,0,0,0,1,0,1,0,0,0,1,0,1,0,0,0,2,2
1,-0.4474048350192824,0,0,0.992481291305993,0,2.0,0,-0.38961692050903446,1,0,0,0,0,0,0,0,0,1,0,1,0,1,0,1,1,0,0,2,1
1,-0.4474048350192824,1,0,-1.288673078021946,1,0.0,1,0.5145102408730887,0,0,1,0,0,0,0,0,0,0,0,0,0,1,0,0,0,1,0,0,2
0,2.235112188621971,0,0,-1.288673078021946,0,0.0,1,-1.305378071100119,1,0,0,0,0,0,0,0,0,0,0,0,0,0,0,0,0,0,1,0,0
1,-0.4474048350192824,1,1,1.31836048692427,1,2.0,0,1.4485533745068269,0,1,1,0,0,1,0,0,0,1,0,1,0,1,0,1,0,0,0,2,2
1,-0.4474048350192824,1,0,-1.2479381785696613,1,0.0,1,-0.028963255031238883,0,0,0,0,0,0,0,1,0,0,0,1,0,0,0,1,0,0,1,0,1
0,-0.4474048350192824,0,0,-1.288673078021946,1,0.0,1,-0.3214749837136907,0,0,0,0,0,0,0,0,0,0,0,0,0,0,0,1,0,1,0,0,1
0,-0.4474048350192824,0,0,0.21851820171258518,1,0.0,1,1.2823535286645247,0,1,1,0,0,0,0,0,0,1,0,1,0,1,0,1,0,1,0,2,2
0,-0.4474048350192824,1,0,-1.166468379665092,1,0.0,0,-0.3447429621316129,0,0,0,0,0,1,0,1,0,0,0,0,0,0,0,0,0,0,1,0,1
1,2.235112188621971,0,0,-0.5961797873331073,1,0.0,1,0.5145102408730887,0,1,1,0,0,0,0,1,0,0,0,0,0,0,0,0,1,0,0,1,2
1,-0.4474048350192824,1,1,0.3814577995217237,1,1.0,0,-0.0455832396154691,0,0,0,0,0,1,0,0,0,0,0,1,0,0,0,1,1,0,0,2,1
1,-0.4474048350192824,1,0,-1.2479381785696613,1,0.0,1,0.8768259048093076,0,1,1,0,0,0,0,0,0,1,0,0,0,1,0,0,0,1,0,0,2
1,2.235112188621971,1,0,0.5443973973308622,0,1.0,1,-0.17189512245561883,1,0,0,0,0,0,0,1,0,1,0,1,0,1,0,1,0,0,0,2,1
1,2.235112188621971,1,0,1.6035047830902625,0,2.0,1,-0.0655272211165454,1,0,0,0,0,1,0,1,0,1,0,1,0,1,0,1,0,0,0,2,1
1,-0.4474048350192824,0,1,-0.9627938824036689,1,0.0,1,-0.49764682030653085,0,0,0,0,0,0,0,1,0,0,0,0,0,0,0,0,0,1,0,0,1
1,-0.4474048350192824,1,1,-0.2295656922625457,1,0.0,0,0.21701251681536793,0,1,0,0,0,0,0,0,0,0,0,1,0,1,0,1,0,0,0,2,2
1,-0.4474048350192824,1,1,-0.14809589335797643,1,0.0,1,0.8020359741802716,0,1,1,0,0,0,0,0,0,1,0,0,0,0,0,1,0,1,0,2,2
0,-0.4474048350192824,1,0,-1.288673078021946,0,0.0,1,-1.1707561959678543,1,0,0,0,0,0,0,1,0,0,0,0,0,0,0,0,0,1,0,0,0
0,-0.4474048350192824,0,0,1.5627698836379778,1,2.0,0,1.5366392928032466,0,1,1,0,0,1,0,1,0,1,0,1,0,1,0,1,0,0,1,2,2
1,-0.4474048350192824,0,0,-1.166468379665092,1,0.0,1,-1.4749019138592672,0,0,0,1,1,0,1,0,1,0,1,0,1,0,1,0,1,0,0,0,0
0,-0.4474048350192824,0,0,-1.2479381785696613,1,0.0,0,0.1754625553547924,0,0,1,0,0,0,0,0,0,0,0,0,0,0,0,0,0,1,0,0,2
0,-0.4474048350192824,1,1,-1.0442636813082382,1,0.0,0,-0.5408587802255295,0,1,0,0,0,0,0,0,0,0,0,0,0,0,0,0,0,1,0,0,1
1,-0.4474048350192824,1,0,-0.9220589829513843,1,0.0,1,0.4945662593720127,0,0,1,0,0,0,0,0,0,0,0,0,0,1,0,0,0,1,0,0,2
0,-0.4474048350192824,1,1,-0.3517703906193996,0,1.0,0,-0.2483470515430777,1,0,0,0,0,1,0,1,0,1,0,0,0,1,0,1,0,1,0,1,1
1,-0.4474048350192824,0,0,0.2592531011648698,1,2.0,1,1.1759856273254512,0,0,1,0,0,1,0,0,0,1,0,0,0,1,0,1,0,1,0,2,2
0,-0.4474048350192824,1,0,1.6035047830902625,1,2.0,1,1.327227487041946,0,1,1,0,0,1,0,0,0,1,0,0,0,1,0,1,1,0,0,2,2
1,-0.4474048350192824,1,1,0.6258671962354314,1,1.0,1,-0.3081789960463066,0,0,0,0,0,0,0,1,0,1,0,0,0,0,0,0,1,0,0,2,1
1,-0.4474048350192824,1,0,0.05557860390344668,1,0.0,0,1.1892816149928351,0,1,1,0,0,0,0,0,0,1,0,0,0,1,0,1,0,1,0,2,2
0,-0.4474048350192824,1,1,1.1554208891151316,1,2.0,1,0.29014044898598096,0,0,0,0,0,0,0,0,0,1,0,1,0,1,0,1,0,0,0,2,2
0,-0.4474048350192824,1,1,-1.0849985807605227,1,2.0,0,-1.4948458953603434,0,0,0,1,1,0,1,0,1,0,1,0,1,0,1,0,0,0,1,0,0
1,-0.4474048350192824,0,0,0.4221926989740083,1,2.0,0,-1.2837720911406196,0,1,0,1,1,0,1,0,1,0,1,0,1,0,1,0,0,0,0,2,0
1,-0.4474048350192824,1,0,1.6035047830902625,0,2.0,1,-0.012343270447008675,1,0,0,0,0,1,0,1,0,1,0,1,0,1,0,1,0,1,0,2,1
1,-0.4474048350192824,0,0,1.3998302858288394,1,1.0,1,-1.5164518753198426,0,0,0,1,1,0,1,0,1,0,1,0,1,0,1,0,0,0,1,2,0
1,-0.4474048350192824,0,0,-0.840589184046815,1,1.0,1,-0.17521911937246493,0,0,0,0,0,0,0,0,0,0,0,1,0,1,0,0,0,1,0,0,1
0,-0.4474048350192824,0,1,-0.31103549116711493,1,0.0,0,-1.4965078938187666,0,0,0,1,1,0,1,0,1,0,1,0,1,0,1,0,1,0,0,2,0
0,-0.4474048350192824,1,0,1.5627698836379778,1,2.0,0,0.9349958508541133,0,1,0,0,0,1,0,1,0,1,0,1,0,1,0,1,1,0,0,2,2
0,-0.4474048350192824,0,0,-0.840589184046815,1,0.0,1,0.8203179572229247,0,1,1,0,0,0,0,1,0,0,0,0,0,1,0,0,0,0,0,0,2
0,-0.4474048350192824,1,1,-1.1257334802128074,1,0.0,1,1.1327736674064528,0,0,1,0,0,0,0,1,0,0,0,1,0,1,0,1,0,0,1,0,2
0,-0.4474048350192824,1,0,0.17778330226030056,1,0.0,1,0.4613262902035523,0,1,1,0,0,0,0,0,0,1,0,0,0,0,0,0,1,0,0,2,2
0,-0.4474048350192824,0,0,-1.1257334802128074,1,0.0,1,0.351634391947633,0,0,1,0,0,0,0,0,0,0,0,1,0,0,0,0,0,0,1,0,2
0,-0.4474048350192824,1,1,1.3590953863765547,1,1.0,1,1.2424655656623722,0,1,1,0,0,0,0,1,0,1,0,0,0,1,0,1,1,0,0,2,2
0,-0.4474048350192824,1,1,-0.5554448878808227,0,0.0,1,-1.3369560418101565,1,0,0,0,0,0,0,0,0,0,0,0,0,0,0,0,0,0,1,1,0
1,-0.4474048350192824,0,0,0.5851322967831468,1,1.0,0,0.9881798015236497,0,1,1,0,0,1,0,1,0,0,0,0,0,1,0,0,0,0,0,2,2
0,-0.4474048350192824,0,0,-0.39250529007168417,1,1.0,0,-1.3386180402685797,0,1,0,1,1,0,1,0,1,0,1,0,1,0,1,0,1,0,0,1,0
1,-0.4474048350192824,0,0,-1.288673078021946,1,0.0,0,-1.4915218984434973,0,0,0,1,1,0,1,0,1,0,1,0,1,0,1,0,0,0,0,0,0
0,-0.4474048350192824,0,0,-1.288673078021946,1,0.0,0,-0.4826888341807238,0,0,0,0,0,0,0,1,0,0,0,0,0,0,0,0,0,1,0,0,1
0,-0.4474048350192824,0,0,1.4405651852811239,1,2.0,1,0.5178342377899351,0,1,0,0,0,0,0,1,0,1,0,0,0,1,0,1,0,1,0,2,2
1,-0.4474048350192824,0,0,-1.288673078021946,1,0.0,0,-1.4865359030682284,0,0,0,1,1,0,1,0,1,0,1,0,1,0,1,0,0,0,1,0,0
0,2.235112188621971,1,0,1.5627698836379778,1,2.0,1,0.5859761745852788,0,1,0,0,0,1,0,1,0,1,0,1,0,0,0,1,0,0,0,2,2
1,-0.4474048350192824,1,1,1.5220349841856933,1,2.0,0,-1.3203360572259262,0,1,0,1,1,0,1,0,1,0,1,0,1,0,1,0,0,0,1,2,0
1,2.235112188621971,1,0,1.0739510902105622,0,2.0,1,-0.03394925040650813,1,0,0,0,0,1,0,0,0,1,0,1,0,1,0,1,1,0,0,2,1
0,-0.4474048350192824,1,1,-0.2295656922625457,1,0.0,0,0.31008443048705747,0,0,1,0,0,1,0,0,0,0,0,0,0,0,0,0,0,0,1,2,2
1,-0.4474048350192824,0,1,-0.2295656922625457,1,1.0,0,-1.4965078938187666,0,0,0,1,1,0,1,0,1,0,1,0,1,0,1,0,1,0,0,2,0
0,2.235112188621971,0,0,-1.288673078021946,1,0.0,1,0.6856960820906601,0,1,1,0,0,0,0,0,0,0,0,0,0,1,0,0,0,1,0,0,2
0,-0.4474048350192824,1,1,1.6035047830902625,1,2.0,0,-1.3286460495180412,0,1,0,1,1,0,1,0,1,0,1,0,1,0,1,0,0,0,0,2,0
0,-0.4474048350192824,1,0,1.2368906880197008,1,0.0,1,1.4518773714236726,0,1,1,0,0,0,0,1,0,1,0,1,0,1,0,1,0,1,0,2,2
0,-0.4474048350192824,1,0,-0.840589184046815,1,0.0,1,-0.4594208557628014,0,0,0,0,0,0,0,1,0,0,0,0,0,0,0,0,0,1,0,0,1
0,-0.4474048350192824,0,0,-1.1257334802128074,1,0.0,1,-0.023977259655970105,0,0,0,0,0,1,0,0,0,0,0,1,0,1,0,0,0,1,0,0,1
0,-0.4474048350192824,0,1,-0.9220589829513843,0,1.0,0,-0.825060516615866,1,0,0,0,0,1,0,1,0,0,0,1,0,0,0,0,0,0,1,0,1
1,-0.4474048350192824,0,0,-1.288673078021946,1,0.0,0,0.4929042609135898,0,0,1,0,0,0,0,0,0,0,0,0,0,0,0,1,0,1,0,0,2
0,-0.4474048350192824,1,1,-0.7591193851422458,1,2.0,0,-1.538057855279342,0,0,0,1,1,0,1,0,1,0,1,0,1,0,1,0,0,0,1,1,0
0,-0.4474048350192824,1,1,0.7480718945922853,1,1.0,1,0.15551857385371634,0,0,0,0,0,1,0,1,0,0,0,1,0,0,0,1,1,0,0,2,1
1,-0.4474048350192824,0,0,-0.9220589829513843,1,0.0,1,-0.6405786877309108,0,0,0,0,0,0,0,0,0,0,0,0,0,0,0,0,1,0,0,0,1
1,2.235112188621971,0,0,0.05557860390344668,1,0.0,0,0.13557459235264027,0,0,1,0,0,0,0,0,0,0,0,0,0,0,0,0,1,0,0,2,1
0,-0.4474048350192824,0,0,-1.288673078021946,1,0.0,0,0.20039253223113773,0,0,1,0,0,0,0,0,0,0,0,0,0,0,0,0,0,0,1,0,2
0,-0.4474048350192824,0,0,-1.2072032791173766,1,0.0,1,-0.048907236532315185,0,1,0,0,0,0,0,0,0,0,0,1,0,1,0,0,0,1,0,0,1
0,-0.4474048350192824,1,1,-1.2072032791173766,1,0.0,1,0.14887058002002418,0,0,1,0,0,0,0,0,0,0,0,0,0,0,0,0,0,1,0,0,1
1,-0.4474048350192824,0,0,-1.288673078021946,1,0.0,0,-0.4594208557628014,0,0,0,0,0,0,0,0,0,0,0,1,0,0,0,0,0,0,1,0,1
0,-0.4474048350192824,1,0,1.5627698836379778,1,2.0,0,-1.3402800387270024,0,1,0,1,1,0,1,0,1,0,1,0,1,0,1,0,0,0,0,2,0
1,-0.4474048350192824,0,0,-1.288673078021946,1,0.0,1,0.4812702717046283,0,0,1,0,0,0,0,0,0,0,0,0,0,1,0,0,0,1,0,0,2
1,-0.4474048350192824,1,1,1.2368906880197008,0,2.0,0,-0.20181109470723316,1,0,0,0,0,1,0,1,0,1,0,0,0,1,0,1,0,1,0,2,1
1,-0.4474048350192824,0,0,1.3590953863765547,0,1.0,0,-1.1840521836352385,1,0,0,0,0,0,0,0,0,0,0,1,0,0,0,0,1,0,0,2,0
1,-0.4474048350192824,1,1,-0.840589184046815,1,2.0,0,-1.5081418830277276,0,0,0,1,1,0,1,0,1,0,1,0,1,0,1,0,0,0,1,0,0
0,-0.4474048350192824,0,0,-0.4332401895239688,1,1.0,0,0.005938712595644461,0,0,0,0,0,0,0,1,0,1,0,0,0,1,0,0,0,0,0,1,1
0,-0.4474048350192824,0,0,1.2776255874719855,1,1.0,1,-1.3519140279359636,0,1,0,1,1,0,1,0,1,0,1,0,1,0,1,0,0,0,0,2,0
1,-0.4474048350192824,1,0,1.114685989662847,1,2.0,0,1.1992536057433736,0,1,1,0,0,0,0,0,0,1,0,0,0,1,0,1,1,0,0,2,2
1,-0.4474048350192824,1,0,1.6035047830902625,1,2.0,0,0.10233462318417987,0,1,0,0,0,1,0,1,0,1,0,1,0,0,0,0,0,0,1,2,1
0,-0.4474048350192824,0,0,-1.2479381785696613,1,0.0,1,0.4879182655383205,0,0,1,0,0,0,0,0,0,0,0,0,0,1,0,0,0,1,0,0,2
1,-0.4474048350192824,0,0,-0.9627938824036689,1,0.0,0,0.3499723934892096,0,0,1,0,0,1,0,0,0,0,0,0,0,0,0,0,0,1,0,0,2
0,-0.4474048350192824,0,0,0.2592531011648698,1,2.0,1,0.5111862439562429,0,0,1,0,0,0,0,0,0,1,0,1,0,0,0,0,0,1,0,2,2
0,-0.4474048350192824,1,0,1.31836048692427,1,2.0,1,1.4153134053383665,0,1,1,0,0,0,0,1,0,1,0,1,0,1,0,1,0,0,0,2,2
0,-0.4474048350192824,1,1,1.5627698836379778,1,2.0,0,-1.4948458953603434,0,0,0,1,1,0,1,0,1,0,1,0,1,0,1,0,0,0,0,2,0
0,-0.4474048350192824,0,0,0.17778330226030056,0,0.0,0,-1.2123061574284297,1,0,0,0,0,0,0,0,0,0,0,1,0,0,0,0,1,0,0,2,0
0,-0.4474048350192824,1,1,-0.5554448878808227,1,2.0,0,-1.4931838969019204,0,0,0,1,1,0,1,0,1,0,1,0,1,0,1,0,0,0,1,1,0
1,2.235112188621971,0,0,-1.166468379665092,0,0.0,1,-0.46939284651333946,1,0,0,0,0,0,0,1,0,0,0,0,0,1,0,1,1,0,0,0,1
1,-0.4474048350192824,0,0,-1.0849985807605227,1,0.0,1,-0.5175908018076071,0,0,0,0,0,0,0,0,0,0,0,1,0,0,0,0,1,0,0,0,1
1,-0.4474048350192824,1,1,1.5627698836379778,1,2.0,0,0.8385999402655778,0,1,0,0,0,1,0,1,0,1,0,1,0,1,0,1,1,0,0,2,2
1,-0.4474048350192824,1,1,0.666602095687716,0,1.0,1,-0.4411388727201483,1,0,0,0,0,0,0,1,0,0,0,0,0,1,0,1,0,0,0,2,1
0,-0.4474048350192824,1,1,0.9517463918537085,1,1.0,0,0.0042767141372215345,0,1,0,0,0,1,0,0,0,0,0,0,0,1,0,0,0,0,0,2,1
0,-0.4474048350192824,1,1,0.7073369951400007,1,0.0,1,0.15551857385371634,0,0,1,0,0,0,0,0,0,0,0,0,0,0,0,0,0,0,0,2,1
1,2.235112188621971,1,0,1.5627698836379778,1,2.0,0,-1.3369560418101565,0,1,0,1,1,0,1,0,1,0,1,0,1,0,1,0,0,0,0,2,0
0,-0.4474048350192824,0,0,-1.0035287818559535,1,0.0,1,1.2723815379139862,0,1,1,0,0,1,0,0,0,0,0,1,0,1,0,1,0,0,0,0,2
1,-0.4474048350192824,1,1,0.7888067940445699,1,2.0,0,-1.307040069558542,0,1,0,1,1,0,1,0,1,0,1,0,1,0,1,0,0,0,1,2,0
0,-0.4474048350192824,0,0,-0.2295656922625457,1,2.0,1,-1.4898598999850743,0,0,0,1,1,0,1,0,1,0,1,0,1,0,1,0,0,0,0,2,0
0,-0.4474048350192824,0,0,-1.2072032791173766,1,0.0,1,-1.5114658799445737,0,0,0,1,1,0,1,0,1,0,1,0,1,0,1,0,0,0,1,0,0
1,2.235112188621971,0,0,-0.5554448878808227,1,0.0,1,0.4912422624551664,0,1,1,0,0,0,0,0,0,1,0,0,0,0,0,0,0,1,0,1,2
1,-0.4474048350192824,0,0,-1.0442636813082382,1,0.0,1,-0.4677308480549165,0,0,0,0,0,1,0,0,0,0,0,0,0,0,0,0,0,0,1,0,1
1,-0.4474048350192824,1,0,0.9110114924014238,0,0.0,1,-0.3497289575068821,1,0,0,0,0,0,0,0,0,1,0,1,0,1,0,1,0,0,0,2,1
1,-0.4474048350192824,0,0,-1.2072032791173766,1,0.0,1,-0.49266082493126184,0,0,0,0,0,0,0,0,0,0,0,1,0,0,0,0,0,0,1,0,1
1,-0.4474048350192824,1,1,0.5851322967831468,1,0.0,0,0.7355560358433507,0,1,1,0,0,0,0,1,0,0,0,0,0,1,0,0,0,1,0,2,2
0,-0.4474048350192824,0,0,-0.9220589829513843,1,0.0,1,0.35495838886447884,0,1,1,0,0,0,0,0,0,0,0,0,0,0,0,0,0,0,1,0,2
0,-0.4474048350192824,0,0,-1.2072032791173766,1,0.0,0,1.0081237830247263,0,0,1,0,0,0,0,1,0,0,0,0,0,1,0,1,0,1,0,0,2
1,-0.4474048350192824,1,1,-1.288673078021946,1,0.0,0,-1.5014938891940355,0,0,0,1,1,0,1,0,1,0,1,0,1,0,1,0,0,0,1,0,0
1,-0.4474048350192824,0,0,-0.3517703906193996,1,0.0,1,-0.3131649914215756,0,1,0,0,0,1,0,0,0,0,0,0,0,0,0,0,0,0,0,1,1
0,-0.4474048350192824,1,1,0.9517463918537085,1,1.0,1,1.1527176489075288,0,1,1,0,0,0,0,1,0,1,0,1,0,0,0,1,1,0,0,2,2
0,-0.4474048350192824,0,0,-0.4332401895239688,1,0.0,1,-1.4965078938187666,0,0,0,1,1,0,1,0,1,0,1,0,1,0,1,0,0,0,1,1,0
1,-0.4474048350192824,1,1,0.13704840280801595,1,2.0,0,-1.5164518753198426,0,0,0,1,1,0,1,0,1,0,1,0,1,0,1,0,1,0,0,2,0
0,-0.4474048350192824,0,0,-1.2479381785696613,1,0.0,1,0.6856960820906601,0,1,1,0,0,0,0,0,0,0,0,0,0,0,0,1,0,1,0,0,2
0,-0.4474048350192824,1,1,-0.9220589829513843,1,0.0,1,0.7904019849713102,0,0,1,0,0,0,0,0,0,0,0,0,0,1,0,1,0,1,0,0,2
0,-0.4474048350192824,1,1,0.09631350335573131,0,1.0,0,-0.8034545366563668,1,0,0,0,0,0,0,0,0,0,0,1,0,1,0,0,0,0,1,2,1
0,2.235112188621971,1,0,0.2592531011648698,1,0.0,1,1.2025776026602195,0,1,1,0,0,0,0,0,0,0,0,1,0,1,0,1,0,1,0,2,2
1,2.235112188621971,0,0,0.6258671962354314,1,1.0,1,1.1277876720311837,0,1,1,0,0,0,0,1,0,0,0,0,0,1,0,1,0,1,0,2,2
0,-0.4474048350192824,0,0,0.13704840280801595,1,1.0,1,-1.523099869153535,0,0,0,1,1,0,1,0,1,0,1,0,1,0,1,0,0,0,0,2,0
1,-0.4474048350192824,1,0,-0.8813240834990996,1,0.0,1,0.5128482424146659,0,1,1,0,0,0,0,1,0,0,0,0,0,0,0,0,0,0,0,0,2
1,-0.4474048350192824,0,0,1.5220349841856933,0,2.0,1,-0.8317085104495582,1,0,0,0,0,0,0,0,0,0,0,1,0,0,0,1,0,0,1,2,1
0,-0.4474048350192824,1,0,1.5627698836379778,1,2.0,1,1.3322134824172154,0,1,1,0,0,0,0,1,0,1,0,0,0,1,0,1,0,0,0,2,2
0,-0.4474048350192824,0,0,0.8702765929491392,1,2.0,1,0.9981517922741878,0,1,1,0,0,0,0,0,0,1,0,1,0,0,0,1,0,0,0,2,2
0,-0.4474048350192824,1,1,0.7480718945922853,1,0.0,1,0.46797428403724445,0,0,1,0,0,1,0,1,0,0,0,0,0,0,0,0,0,0,0,2,2
1,-0.4474048350192824,1,1,1.2368906880197008,1,2.0,0,-1.5081418830277276,0,0,0,1,1,0,1,0,1,0,1,0,1,0,1,0,0,0,1,2,0
0,-0.4474048350192824,1,1,-0.5147099884285381,1,1.0,0,0.363268381156594,0,1,0,0,0,1,0,0,0,0,0,0,0,1,0,1,0,0,0,1,2
1,-0.4474048350192824,1,1,-0.10736099390569181,1,0.0,0,0.5643701946257794,0,0,1,0,0,0,0,1,0,1,0,0,0,0,0,0,0,0,0,2,2
1,-0.4474048350192824,0,0,0.7073369951400007,1,1.0,1,0.8319519464318856,0,0,1,0,0,1,0,1,0,1,0,1,0,0,0,0,1,0,0,2,2
0,-0.4474048350192824,0,0,-1.0035287818559535,1,1.0,1,-1.5247618676119576,0,0,0,1,1,0,1,0,1,0,1,0,1,0,1,0,0,0,1,0,0
1,-0.4474048350192824,1,1,-1.0849985807605227,1,0.0,0,-1.5131278784029967,0,0,0,1,1,0,1,0,1,0,1,0,1,0,1,0,0,0,1,0,0
1,2.235112188621971,1,0,1.114685989662847,1,0.0,1,1.1277876720311837,0,1,1,0,0,0,0,0,0,0,0,1,0,1,0,1,0,1,0,2,2
1,-0.4474048350192824,1,1,1.6035047830902625,1,2.0,1,1.3637914531272524,0,1,1,0,0,1,0,1,0,1,0,1,0,1,0,0,1,0,0,2,2
1,-0.4474048350192824,1,1,1.6035047830902625,1,2.0,1,1.6263872095580898,0,1,1,0,0,1,0,1,0,1,0,1,0,1,0,1,0,1,0,2,2
1,-0.4474048350192824,0,0,-1.166468379665092,1,0.0,0,-1.53140986144565,0,0,0,1,1,0,1,0,1,0,1,0,1,0,1,0,0,0,1,0,0
1,2.235112188621971,0,0,1.4813000847334086,1,2.0,0,0.30011243973651897,0,1,0,0,0,1,0,0,0,1,0,1,0,0,0,1,1,0,0,2,2
1,-0.4474048350192824,1,0,1.2776255874719855,1,1.0,1,1.4435673791315575,0,1,1,0,0,1,0,0,0,1,0,1,0,1,0,1,0,0,1,2,2
1,-0.4474048350192824,1,1,-0.06662609445340718,0,0.0,0,-0.9862743670828991,1,0,0,0,0,1,0,0,0,0,0,1,0,0,0,0,0,0,0,2,1
0,2.235112188621971,1,0,-0.10736099390569181,1,0.0,1,0.8302899479734628,0,1,1,0,0,0,0,1,0,0,0,0,0,1,0,0,0,1,0,2,2
0,-0.4474048350192824,1,1,0.09631350335573131,1,1.0,0,-1.5098038814861507,0,0,0,1,1,0,1,0,1,0,1,0,1,0,1,0,0,0,1,2,0
0,-0.4474048350192824,0,0,1.31836048692427,1,0.0,1,1.5283293005111316,0,1,1,0,0,1,0,1,0,1,0,0,0,1,0,1,1,0,0,2,2
0,-0.4474048350192824,0,0,-1.0035287818559535,1,0.0,0,-0.5209147987244532,0,0,0,0,0,0,0,0,0,0,0,1,0,0,0,0,0,1,0,0,1
1,-0.4474048350192824,1,1,0.5443973973308622,1,2.0,0,-1.5064798845693046,0,0,0,1,1,0,1,0,1,0,1,0,1,0,1,0,1,0,0,2,0
1,-0.4474048350192824,1,0,0.5036624978785775,1,2.0,0,-0.39127891896745765,0,0,0,0,0,1,0,0,0,1,0,0,0,0,0,0,1,0,0,2,1
0,-0.4474048350192824,0,0,-1.0035287818559535,1,2.0,0,-1.4898598999850743,0,0,0,1,1,0,1,0,1,0,1,0,1,0,1,0,0,0,1,0,0
0,-0.4474048350192824,0,0,1.4813000847334086,1,2.0,0,1.2939875178734856,0,1,1,0,0,0,0,0,0,1,0,1,0,1,0,1,0,1,0,2,2
0,-0.4474048350192824,0,0,-0.31103549116711493,1,1.0,0,0.30676043357021116,0,0,0,0,0,1,0,1,0,1,0,1,0,1,0,0,0,0,1,2,2
1,-0.4474048350192824,0,0,-0.9220589829513843,1,0.0,1,-0.6488886800230259,0,0,0,0,0,0,0,0,0,0,0,0,0,0,0,0,0,1,0,0,1
1,2.235112188621971,0,0,-1.0442636813082382,1,0.0,1,0.6557801098390456,0,1,1,0,0,0,0,0,0,0,0,0,0,1,0,0,0,1,0,0,2
1,-0.4474048350192824,0,0,-1.288673078021946,1,0.0,0,-1.4981698922771896,0,0,0,1,1,0,1,0,1,0,1,0,1,0,1,0,0,0,1,0,0
0,-0.4474048350192824,0,0,-1.288673078021946,1,0.0,0,0.18875854302217676,0,0,1,0,0,0,0,0,0,0,0,0,0,0,0,0,0,0,1,0,2
0,-0.4474048350192824,0,0,-0.9627938824036689,1,0.0,1,0.32171841969601844,0,1,1,0,0,0,0,0,0,0,0,0,0,0,0,0,0,1,0,0,2
0,-0.4474048350192824,0,0,1.31836048692427,1,1.0,1,1.0114477799415722,0,1,1,0,0,0,0,1,0,1,0,0,0,1,0,0,0,1,0,2,2
1,-0.4474048350192824,0,0,1.3590953863765547,1,1.0,0,-1.31701206030908,0,1,0,1,1,0,1,0,1,0,1,0,1,0,1,0,0,0,0,2,0
0,-0.4474048350192824,0,0,-1.2072032791173766,1,0.0,0,0.6208781422121622,0,0,1,0,0,0,0,1,0,0,0,0,0,1,0,0,0,1,0,0,2
1,-0.4474048350192824,0,0,-0.6776495862376766,1,0.0,1,0.21036452298167624,0,1,0,0,0,0,0,1,0,1,0,0,0,0,0,1,0,0,0,1,2
0,-0.4474048350192824,1,0,1.2776255874719855,1,2.0,1,0.5394402177494341,0,1,0,0,0,1,0,1,0,1,0,1,0,0,0,1,0,0,1,2,2
1,-0.4474048350192824,0,1,-0.2295656922625457,1,2.0,0,-1.478225910776113,0,0,0,1,1,0,1,0,1,0,1,0,1,0,1,0,0,0,1,2,0
0,2.235112188621971,0,0,-1.2479381785696613,1,0.0,1,0.44803030253616793,0,1,1,0,0,0,0,0,0,1,0,0,0,0,0,0,0,1,0,0,2
0,-0.4474048350192824,1,1,-0.5147099884285381,1,1.0,0,-1.5081418830277276,0,0,0,1,1,0,1,0,1,0,1,0,1,0,1,0,0,0,0,1,0
0,-0.4474048350192824,0,0,-0.9627938824036689,1,0.0,1,0.4812702717046283,0,0,1,0,0,0,0,0,0,0,0,0,0,0,0,1,0,1,0,0,2
0,-0.4474048350192824,1,1,1.5627698836379778,1,2.0,0,0.3649303796150169,0,0,1,0,0,0,0,0,0,1,0,0,0,0,0,0,0,1,0,2,2
1,-0.4474048350192824,0,0,-0.5554448878808227,1,0.0,0,-0.18352911166458002,0,1,0,0,0,0,0,0,0,1,0,1,0,0,0,0,0,1,0,1,1
1,2.235112188621971,1,0,-1.0442636813082382,1,0.0,1,1.225845581078142,0,1,1,0,0,0,0,0,0,1,0,0,0,1,0,1,0,1,0,0,2
0,-0.4474048350192824,1,1,1.6035047830902625,1,2.0,0,0.8602059202250774,0,1,0,0,0,1,0,1,0,1,0,1,0,1,0,1,1,0,0,2,2
1,-0.4474048350192824,1,0,1.6035047830902625,1,2.0,1,1.1327736674064528,0,1,1,0,0,1,0,1,0,1,0,0,0,0,0,1,0,1,0,2,2
0,2.235112188621971,1,0,0.2999880006171544,0,0.0,1,-0.8566384873259035,1,0,0,0,0,0,0,1,0,0,0,0,0,1,0,0,0,1,0,2,1
0,-0.4474048350192824,0,0,1.4405651852811239,1,0.0,0,-0.35305295442372797,0,1,0,0,0,1,0,0,0,0,0,0,0,0,0,0,0,0,1,2,1
1,-0.4474048350192824,0,0,-0.5554448878808227,0,0.0,1,-1.3269840510596185,1,0,0,0,0,0,0,0,0,0,0,0,0,0,0,0,0,0,0,1,0
0,-0.4474048350192824,1,1,1.4813000847334086,1,2.0,0,-1.4915218984434973,0,0,0,1,1,0,1,0,1,0,1,0,1,0,1,0,0,0,0,2,0
1,-0.4474048350192824,0,0,-0.10736099390569181,1,2.0,1,-0.3131649914215756,0,0,0,0,0,1,0,0,0,1,0,0,0,0,0,0,0,0,1,2,1
0,-0.4474048350192824,1,1,0.09631350335573131,1,0.0,0,0.2386184967748674,0,1,0,0,0,1,0,0,0,1,0,1,0,1,0,0,0,1,0,2,2
0,-0.4474048350192824,0,1,-0.5961797873331073,1,0.0,0,-0.009019273530162821,0,1,0,0,0,1,0,0,0,0,0,0,0,0,0,1,0,1,0,1,1
0,-0.4474048350192824,0,0,-0.636914686785392,1,1.0,0,-1.5014938891940355,0,0,0,1,1,0,1,0,1,0,1,0,1,0,1,0,0,0,0,1,0
0,2.235112188621971,1,0,-1.166468379665092,1,0.0,1,1.1477316535322597,0,1,1,0,0,1,0,0,0,0,0,0,0,1,0,1,0,1,0,0,2
1,-0.4474048350192824,0,0,-0.47397508897625346,1,0.0,1,0.2868164520691351,0,1,1,0,0,0,0,0,0,0,0,0,0,0,0,0,0,1,0,1,2
0,-0.4474048350192824,0,1,-0.8813240834990996,1,0.0,0,-1.4948458953603434,0,0,0,1,1,0,1,0,1,0,1,0,1,0,1,0,1,0,0,0,0
0,2.235112188621971,0,0,1.6035047830902625,1,2.0,1,1.4302713914641731,0,1,1,0,0,0,0,1,0,1,0,1,0,1,0,1,0,0,0,2,2
0,-0.4474048350192824,1,1,0.7480718945922853,0,2.0,0,-1.0261623300850515,1,0,0,0,0,1,0,0,0,0,0,1,0,0,0,0,0,0,0,2,0
1,2.235112188621971,0,1,-1.288673078021946,1,0.0,1,-0.4959848218481079,0,0,0,0,0,0,0,0,0,1,0,0,0,0,0,0,0,0,1,0,1
1,-0.4474048350192824,1,0,-0.10736099390569181,1,2.0,0,-1.529747862987227,0,0,0,1,1,0,1,0,1,0,1,0,1,0,1,0,0,0,1,2,0
1,-0.4474048350192824,1,1,1.5627698836379778,1,2.0,1,1.3604674562104064,0,1,1,0,0,0,0,1,0,1,0,0,0,1,0,1,0,0,0,2,2
0,2.235112188621971,1,0,-1.288673078021946,1,0.0,0,-0.6339306938972186,0,0,0,0,0,0,0,0,0,0,0,0,0,0,0,0,0,1,0,0,1
1,2.235112188621971,1,0,1.4405651852811239,0,2.0,1,-0.7685525690294832,1,0,0,0,0,1,0,1,0,1,0,0,0,0,0,0,0,1,0,2,1
1,-0.4474048350192824,1,1,1.6035047830902625,1,1.0,1,0.8186559587645018,0,1,1,0,0,0,0,1,0,0,0,0,0,1,0,0,0,1,0,2,2
1,-0.4474048350192824,1,1,0.7480718945922853,1,1.0,1,0.3765643688239783,0,0,0,0,0,1,0,0,0,0,0,1,0,1,0,1,0,0,0,2,2
1,-0.4474048350192824,0,0,-0.7183844856899612,1,0.0,0,0.6724000944232758,0,0,1,0,0,0,0,0,0,1,0,0,0,1,0,0,0,1,0,1,2
0,-0.4474048350192824,0,0,-1.288673078021946,0,0.0,1,-1.3269840510596185,1,0,0,0,0,0,0,0,0,0,0,0,0,0,0,0,0,0,1,0,0
0,-0.4474048350192824,1,1,-1.0849985807605227,1,0.0,0,-0.6505506784814488,0,0,0,0,0,0,0,0,0,0,0,0,0,0,0,0,0,0,1,0,1
0,-0.4474048350192824,0,0,-1.0442636813082382,1,0.0,1,0.05912266326518094,0,0,0,0,0,0,0,0,0,0,0,0,0,1,0,1,0,1,0,0,1
1,2.235112188621971,0,0,-1.288673078021946,1,0.0,1,0.9466298400630743,0,1,1,0,0,0,0,0,0,0,0,0,0,1,0,1,0,1,0,0,2
0,2.235112188621971,1,1,-0.8813240834990996,1,0.0,1,0.43307231641036065,0,1,1,0,0,0,0,0,0,1,0,0,0,0,0,0,1,0,0,0,2
0,-0.4474048350192824,0,0,-1.288673078021946,1,0.0,1,-1.4931838969019204,0,0,0,1,1,0,1,0,1,0,1,0,1,0,1,0,0,0,1,0,0
1,-0.4474048350192824,0,0,-0.8813240834990996,1,0.0,1,0.29180244744440387,0,0,1,0,0,0,0,0,0,0,0,1,0,0,0,0,0,1,0,0,2
1,-0.4474048350192824,0,0,-0.2703005917148303,1,1.0,1,0.6690760975064299,0,0,1,0,0,0,0,1,0,1,0,1,0,0,0,0,0,1,0,2,2
1,-0.4474048350192824,1,1,-0.47397508897625346,1,1.0,0,0.4131283349092846,0,1,0,0,0,1,0,1,0,0,0,1,0,1,0,0,0,0,1,1,2
1,-0.4474048350192824,0,1,-1.288673078021946,1,0.0,1,-0.6871146445667553,0,0,0,0,0,0,0,0,0,0,0,0,0,0,0,0,0,1,0,0,1
0,-0.4474048350192824,0,0,0.5443973973308622,1,0.0,0,1.0297297629842252,0,1,1,0,0,0,0,0,0,0,0,0,0,1,0,1,0,0,0,2,2
0,-0.4474048350192824,1,1,1.1554208891151316,1,2.0,0,-1.5064798845693046,0,0,0,1,1,0,1,0,1,0,1,0,1,0,1,0,1,0,0,2,0
1,-0.4474048350192824,0,0,-0.18883079281026105,0,0.0,1,-1.1624462036757393,1,0,0,0,0,0,0,0,0,0,0,1,0,0,0,0,1,0,0,2,0
0,2.235112188621971,0,0,-0.2295656922625457,1,1.0,1,1.5100473174684783,0,1,1,0,0,1,0,1,0,1,0,0,0,1,0,1,0,0,0,2,2
1,2.235112188621971,0,0,-1.166468379665092,0,0.0,1,-1.3253220526011953,1,0,0,0,0,0,0,0,0,0,0,0,0,0,0,0,0,0,0,0,0
0,-0.4474048350192824,1,1,-0.6776495862376766,1,0.0,0,1.1842956196175665,0,0,1,0,0,1,0,0,0,1,0,0,0,1,0,1,0,0,0,1,2
0,-0.4474048350192824,1,1,-1.0849985807605227,1,0.0,0,-1.5031558876524584,0,0,0,1,1,0,1,0,1,0,1,0,1,0,1,0,0,0,1,0,0
1,-0.4474048350192824,0,1,-0.10736099390569181,1,1.0,0,-1.3203360572259262,0,1,0,1,1,0,1,0,1,0,1,0,1,0,1,0,0,0,0,2,0
1,-0.4474048350192824,1,1,0.2999880006171544,1,2.0,0,-1.5114658799445737,0,0,0,1,1,0,1,0,1,0,1,0,1,0,1,0,0,0,1,2,0
1,-0.4474048350192824,0,0,-1.288673078021946,1,0.0,1,-0.47770283880545455,0,0,0,0,0,1,0,0,0,0,0,0,0,0,0,0,0,0,1,0,1
0,-0.4474048350192824,0,0,-0.3517703906193996,1,0.0,1,0.7937259818881565,0,1,1,0,0,0,0,0,0,1,0,0,0,1,0,0,1,0,0,1,2
0,-0.4474048350192824,1,0,1.5220349841856933,1,2.0,1,1.5100473174684783,0,1,1,0,0,0,0,1,0,1,0,1,0,1,0,1,0,1,0,2,2
1,-0.4474048350192824,1,0,1.6035047830902625,1,2.0,1,0.667414099048007,0,1,0,0,0,0,0,1,0,1,0,1,0,1,0,1,0,0,0,2,2
1,-0.4474048350192824,0,0,-1.288673078021946,1,0.0,1,0.30842243202863406,0,0,1,0,0,0,0,1,0,0,0,0,0,0,0,0,0,1,0,0,2
1,-0.4474048350192824,1,0,1.6035047830902625,1,2.0,0,0.6940060743827752,0,1,0,0,0,0,0,1,0,1,0,1,0,1,0,1,0,0,0,2,2
1,-0.4474048350192824,1,1,-0.39250529007168417,1,1.0,0,-1.3535760263943866,0,1,0,1,1,0,1,0,1,0,1,0,1,0,1,0,0,0,1,1,0
1,-0.4474048350192824,1,1,-0.39250529007168417,1,1.0,0,0.7222600481759663,0,0,1,0,0,0,0,1,0,1,0,1,0,0,0,0,0,0,1,1,2
0,2.235112188621971,0,0,-0.9220589829513843,0,0.0,1,-1.1774041898015466,1,0,0,0,0,0,0,0,0,0,0,1,0,0,0,0,0,1,0,0,0
0,-0.4474048350192824,0,0,0.13704840280801595,0,2.0,0,-1.130868232965702,1,0,0,0,0,1,0,0,0,0,0,0,0,0,0,0,0,0,0,2,0
0,-0.4474048350192824,0,0,0.5851322967831468,0,2.0,0,-0.7702145674879064,1,0,0,0,0,1,0,0,0,1,0,1,0,0,0,0,0,0,1,2,1
1,-0.4474048350192824,0,0,-1.288673078021946,1,0.0,0,-1.4798879092345363,0,0,0,1,1,0,1,0,1,0,1,0,1,0,1,0,0,1,0,0,0
1,-0.4474048350192824,0,0,0.17778330226030056,1,0.0,1,0.8668539140587695,0,1,1,0,0,1,0,0,0,0,0,0,0,1,0,0,0,1,0,2,2
0,-0.4474048350192824,0,0,-0.6776495862376766,1,0.0,1,0.7771059973039263,0,1,1,0,0,0,0,0,0,1,0,0,0,0,0,1,0,1,0,1,2
1,-0.4474048350192824,1,1,-0.47397508897625346,1,1.0,0,-1.5048178861108816,0,0,0,1,1,0,1,0,1,0,1,0,1,0,1,0,0,0,1,1,0
0,2.235112188621971,0,0,-1.2072032791173766,1,0.0,1,0.7239220466343893,0,0,1,0,0,0,0,0,0,1,0,0,0,1,0,0,0,1,0,0,2
1,-0.4474048350192824,1,1,1.2776255874719855,1,1.0,0,0.836937941807155,0,1,1,0,0,0,0,0,0,1,0,0,0,0,0,1,1,0,0,2,2
1,-0.4474048350192824,1,1,1.5627698836379778,1,2.0,0,1.4701593544663258,0,0,1,0,0,1,0,1,0,1,0,1,0,1,0,1,1,0,0,2,2
0,-0.4474048350192824,1,0,1.6035047830902625,1,1.0,1,1.2059015995770654,0,1,1,0,0,0,0,1,0,1,0,0,0,1,0,1,0,1,0,2,2
1,-0.4474048350192824,0,0,-1.0442636813082382,1,0.0,1,0.6690760975064299,0,1,1,0,0,0,0,0,0,0,0,0,0,0,0,1,0,0,1,0,2
1,2.235112188621971,0,0,-1.2479381785696613,1,0.0,0,-0.5026328156817998,0,0,0,0,0,0,0,0,0,1,0,0,0,0,0,0,0,0,1,0,1
1,-0.4474048350192824,1,0,-0.14809589335797643,0,0.0,0,-1.0411203162108587,1,0,0,0,0,0,0,0,0,0,0,0,0,1,0,0,0,0,1,2,0
